"data.creators","data.name","data.share","data.symbol","data.uri","data.verified","is_mutable","mint","primary_sale_happened","update_authority","explorer_url","metaResult.attributes","metaResult.collection.family","metaResult.collection.name","metaResult.description","metaResult.edition","metaResult.image","metaResult.name","metaResult.properties.category","metaResult.properties.creators","metaResult.properties.files","metaResult.seller_fee_basis_points","metaResult.symbol"
"[""5RbGQoSq8wYY7ocbkiaTZiP8Qbr1q3C3cZMH5Mwu7Hgf"",""6qHxzaMvXCBtB44L55mm3deUrbhSyQHBEj52nxNRuRmz"",""8vkmc45un7yNxKWRCKmSA7LtzVEF6qNexbCA27N4jY6h"",""8SuE5tAKeHgvnVkgN8HuHCZTB4tkKdBTo9pWx3jypGfV""]","Munk #1031","[0,10,5,85]","MUNK","https://arweave.net/iwt8f2G3iy0j2qIWt0XeSjO-z-BLBig4mLWI7AoIQfk","[1,0,0,0]",true,"Cm14KkVRPGzkYeAZrKYT7Fq3sr8utvisV9uR6QYACFyV",true,"6qHxzaMvXCBtB44L55mm3deUrbhSyQHBEj52nxNRuRmz","https://explorer.solana.com/address/Cm14KkVRPGzkYeAZrKYT7Fq3sr8utvisV9uR6QYACFyV","[{""trait_type"":""background"",""value"":""adamski""},{""trait_type"":""body"",""value"":""green""},{""trait_type"":""tshirt"",""value"":""black""},{""trait_type"":""head"",""value"":""crypto""},{""trait_type"":""accessory"",""value"":""drpeste""},{""display_type"":""number"",""trait_type"":""generation"",""value"":1},{""display_type"":""number"",""trait_type"":"" sequence"",""value"":1031}]","HOAG","Munk","Munk covers the latest trends in crypto on 'This is f* advice' talk show. Because NFTs can say what we cannot.","2021","https://www.arweave.net/M1wUGSdIhWKQLuvX12PWkN6VU_feCTyHXnK3T_DKqjQ?ext=png","Munk #1031","image","[{""address"":""6qHxzaMvXCBtB44L55mm3deUrbhSyQHBEj52nxNRuRmz"",""share"":10},{""address"":""8vkmc45un7yNxKWRCKmSA7LtzVEF6qNexbCA27N4jY6h"",""share"":5},{""address"":""8SuE5tAKeHgvnVkgN8HuHCZTB4tkKdBTo9pWx3jypGfV"",""share"":85}]","[{""type"":""image/png"",""uri"":""https://www.arweave.net/M1wUGSdIhWKQLuvX12PWkN6VU_feCTyHXnK3T_DKqjQ?ext=png""}]",500,"MUNK"
"[""6PTSaVPGLzzgAqw9veQUVKhW2ggsEaV5ghBeLsQn2GVN"",""FHJKrc5MJJQLhj2FqiTfNnvLj59wEmaXVfozmp7JKj2A""]","The Tower #88-19","[0,100]","TWRDAO","https://arweave.net/X2-l-9qN56L9mkFirtxx0ngf2ajqX_5lTLm-voIPLB4","[1,1]",true,"2hrnfF2morJBRdwEFd4Dnvy6YTFZqvwJ5Vy8uwgEsim8",true,"GcrjZXzmNDyGDt646hy4ziWNa5ziGAMNdXGdQcDtnBaV","https://explorer.solana.com/address/2hrnfF2morJBRdwEFd4Dnvy6YTFZqvwJ5Vy8uwgEsim8","[{""trait_type"":""Story"",""value"":88},{""trait_type"":""Room"",""value"":19},{""trait_type"":""Wall"",""value"":""White Planks""},{""trait_type"":""Floor"",""value"":""Mud""},{""trait_type"":""Big Item"",""value"":""Blacknwhite Couch""},{""trait_type"":""Small Item 1"",""value"":""Candymachine""},{""trait_type"":""View"",""value"":""Goldwhite""},{""trait_type"":""Background"",""value"":""Burgundy""}]","TowerDAO","The Tower","Residences inside a futuristic skyscraper in the metaverse. Home of the TowerDAO.",,"https://www.arweave.net/LwMvIdQkCZbDXyiaO2Bo89KkmasVTPcCYz7w_tWplJo?ext=png","The Tower #88-19","image","[{""address"":""FHJKrc5MJJQLhj2FqiTfNnvLj59wEmaXVfozmp7JKj2A"",""share"":100}]","[{""uri"":""https://www.arweave.net/LwMvIdQkCZbDXyiaO2Bo89KkmasVTPcCYz7w_tWplJo?ext=png"",""type"":""image/png""}]",500,"TWRDAO"
"[""5RbGQoSq8wYY7ocbkiaTZiP8Qbr1q3C3cZMH5Mwu7Hgf"",""6qHxzaMvXCBtB44L55mm3deUrbhSyQHBEj52nxNRuRmz"",""8vkmc45un7yNxKWRCKmSA7LtzVEF6qNexbCA27N4jY6h"",""8SuE5tAKeHgvnVkgN8HuHCZTB4tkKdBTo9pWx3jypGfV""]","Munk #819","[0,10,5,85]","MUNK","https://arweave.net/lhfxmiLlDvhHHc3QRuHD1wL4zpEXyJumxZe4c_e_fBs","[1,0,0,0]",true,"FCGLCQV4ZaPWjohStJgqrAFY24VM1Jz6JK6YuMTpUhak",true,"6qHxzaMvXCBtB44L55mm3deUrbhSyQHBEj52nxNRuRmz","https://explorer.solana.com/address/FCGLCQV4ZaPWjohStJgqrAFY24VM1Jz6JK6YuMTpUhak","[{""trait_type"":""background"",""value"":""windows""},{""trait_type"":""body"",""value"":""white""},{""trait_type"":""tshirt"",""value"":""red""},{""trait_type"":""head"",""value"":""crypto""},{""trait_type"":""accessory"",""value"":""badge""},{""display_type"":""number"",""trait_type"":""generation"",""value"":1},{""display_type"":""number"",""trait_type"":"" sequence"",""value"":819}]","HOAG","Munk","Munk covers the latest trends in crypto on 'This is f* advice' talk show. Because NFTs can say what we cannot.","2021","https://www.arweave.net/ThCWAgFvU6WDOtgamjnATT0ouSZYf1SI7Os7v7pLWzc?ext=png","Munk #819","image","[{""address"":""6qHxzaMvXCBtB44L55mm3deUrbhSyQHBEj52nxNRuRmz"",""share"":10},{""address"":""8vkmc45un7yNxKWRCKmSA7LtzVEF6qNexbCA27N4jY6h"",""share"":5},{""address"":""8SuE5tAKeHgvnVkgN8HuHCZTB4tkKdBTo9pWx3jypGfV"",""share"":85}]","[{""type"":""image/png"",""uri"":""https://www.arweave.net/ThCWAgFvU6WDOtgamjnATT0ouSZYf1SI7Os7v7pLWzc?ext=png""}]",500,"MUNK"
"[""6PTSaVPGLzzgAqw9veQUVKhW2ggsEaV5ghBeLsQn2GVN"",""FHJKrc5MJJQLhj2FqiTfNnvLj59wEmaXVfozmp7JKj2A""]","The Tower #13-3","[0,100]","TWRDAO","https://arweave.net/SFF8iOGQjy597nd4GowOcNcWC3O-FKc6Lc_5BQyBvnk","[1,1]",true,"2VwdhqtdGW8A3HzgFChaXSsKZGryQzXctUzyvk544kv2",true,"GcrjZXzmNDyGDt646hy4ziWNa5ziGAMNdXGdQcDtnBaV","https://explorer.solana.com/address/2VwdhqtdGW8A3HzgFChaXSsKZGryQzXctUzyvk544kv2","[{""trait_type"":""Story"",""value"":13},{""trait_type"":""Room"",""value"":3},{""trait_type"":""Wall"",""value"":""Black Smooth""},{""trait_type"":""Floor"",""value"":""Black Wood""},{""trait_type"":""View"",""value"":""Orange1""},{""trait_type"":""Background"",""value"":""Black""}]","TowerDAO","The Tower","Residences inside a futuristic skyscraper in the metaverse. Home of the TowerDAO.",,"https://www.arweave.net/rQRiWC0Tdnwk6p9xqMfDPni0eb5Coo0J-lxc4eAk4mk?ext=png","The Tower #13-3","image","[{""address"":""FHJKrc5MJJQLhj2FqiTfNnvLj59wEmaXVfozmp7JKj2A"",""share"":100}]","[{""uri"":""https://www.arweave.net/rQRiWC0Tdnwk6p9xqMfDPni0eb5Coo0J-lxc4eAk4mk?ext=png"",""type"":""image/png""}]",500,"TWRDAO"
"[""6cSjZRcDEjpRxHmqXGjJXzqCEs7cHgxiWseA9gzCeQp9"",""AmgaigwTiBwXsXJ28LnQuhDH9xtEBueDVC5fEpwjthXZ""]","Astral Apes #2347","[0,100]","AAPES","https://arweave.net/OakCURYkSw9WS66RwJjswPWgDc2rMjfVOSzqlSjPB0c","[1,0]",true,"87zTsqi8as5MgCdy9TZMS9iFEkUd8PhGwU7WVfnzT1Ze",true,"AmgaigwTiBwXsXJ28LnQuhDH9xtEBueDVC5fEpwjthXZ","https://explorer.solana.com/address/87zTsqi8as5MgCdy9TZMS9iFEkUd8PhGwU7WVfnzT1Ze","[{""trait_type"":""Accessory"",""value"":""Gold Earring""},{""trait_type"":""Background"",""value"":""Peach""},{""trait_type"":""Eyewear"",""value"":""Safety Glasses""},{""trait_type"":""Helmet"",""value"":""Glass""},{""trait_type"":""Mouth"",""value"":""None""},{""trait_type"":""Skin"",""value"":""Coffee""},{""trait_type"":""Teeth"",""value"":""White""},{""trait_type"":""Top"",""value"":""Black""}]","Astral Apes","Astral Apes NFT collection","Astral Apes NFT collection",2347,"https://www.arweave.net/Cgt4fs5vF9eXihp5SNygLk3mX4ETqSxZ-xYMu2Ifjpo?ext=png","Astral Apes #2347","image","[{""address"":""AmgaigwTiBwXsXJ28LnQuhDH9xtEBueDVC5fEpwjthXZ"",""share"":100}]","[{""uri"":""https://www.arweave.net/Cgt4fs5vF9eXihp5SNygLk3mX4ETqSxZ-xYMu2Ifjpo?ext=png"",""type"":""image/png""}]",1000,"AAPES"
"[""6PTSaVPGLzzgAqw9veQUVKhW2ggsEaV5ghBeLsQn2GVN"",""FHJKrc5MJJQLhj2FqiTfNnvLj59wEmaXVfozmp7JKj2A""]","The Tower #13-6","[0,100]","TWRDAO","https://arweave.net/elyLENBP7RSdcqbGZ4qLRrgx3t1ZQRhraoq2SmNMyCI","[1,1]",true,"7po3NRLv8arUkvaSo4eg5g5XnQMarohXGrxKUf1TrwqY",true,"GcrjZXzmNDyGDt646hy4ziWNa5ziGAMNdXGdQcDtnBaV","https://explorer.solana.com/address/7po3NRLv8arUkvaSo4eg5g5XnQMarohXGrxKUf1TrwqY","[{""trait_type"":""Story"",""value"":13},{""trait_type"":""Room"",""value"":6},{""trait_type"":""Wall"",""value"":""Black Smooth""},{""trait_type"":""Floor"",""value"":""Black Wood""},{""trait_type"":""View"",""value"":""Orange1""},{""trait_type"":""Background"",""value"":""Black""}]","TowerDAO","The Tower","Residences inside a futuristic skyscraper in the metaverse. Home of the TowerDAO.",,"https://www.arweave.net/PFgLJGtcJ7zH0auicmTDTHwdjnX2kZDCEyBimHXDrcI?ext=png","The Tower #13-6","image","[{""address"":""FHJKrc5MJJQLhj2FqiTfNnvLj59wEmaXVfozmp7JKj2A"",""share"":100}]","[{""uri"":""https://www.arweave.net/PFgLJGtcJ7zH0auicmTDTHwdjnX2kZDCEyBimHXDrcI?ext=png"",""type"":""image/png""}]",500,"TWRDAO"
"[""8SY3uy9rr89JmhobmcfuUR5etSxo93rk6VdUefp4wWCn"",""GqStrR6xFc1DBYBHVYLmrA3u96WbfdgLF52fG5Giz6qB"",""8Q7h6E6zaph8CBZ6W6PVcZAmBFGVh6YQsnWTPqLLyBe"",""BwDDWNEKcB9YAkBWsnq5JBYK3tQxwwqXEkHa4CLHc5Lz"",""HRwxz2TPjdMfLmjXCULj8nhuDahpHdwitoNb185oBoNQ""]","ASS #1298","[0,50,30,10,10]","DASS","https://arweave.net/nIGJvzQzcyPH8r2YXBBsfR_2LfP700306yGglPvOHeI","[1,0,0,0,0]",true,"7SBmJUiZFHJe6NgTn3fZZ69K9RKGaXLUPakqVxm4ds9E",true,"CcUtBt2V18QVPaC2AoYwJz2a7r9QqbeC3b5xSmxyjWp7","https://explorer.solana.com/address/7SBmJUiZFHJe6NgTn3fZZ69K9RKGaXLUPakqVxm4ds9E","[{""trait_type"":""Body"",""value"":""BBL Ass (1)""},{""trait_type"":""Tattoo"",""value"":""Eye""},{""trait_type"":""Underwear"",""value"":""Sling Suit-Yellow""}]","Best ass in Solana","Deadass Sol Gen 1","The First Generative Ass NFTs. Dead Ass ",1298,"https://www.arweave.net/WAMi003JA5NCHAClS6WMj5XkpfkSvERjNYjSmW-2CpM?ext=png","ASS #1298","image","[{""address"":""GqStrR6xFc1DBYBHVYLmrA3u96WbfdgLF52fG5Giz6qB"",""share"":50},{""address"":""8Q7h6E6zaph8CBZ6W6PVcZAmBFGVh6YQsnWTPqLLyBe"",""share"":30},{""address"":""BwDDWNEKcB9YAkBWsnq5JBYK3tQxwwqXEkHa4CLHc5Lz"",""share"":10},{""address"":""HRwxz2TPjdMfLmjXCULj8nhuDahpHdwitoNb185oBoNQ"",""share"":10}]","[{""uri"":""https://www.arweave.net/WAMi003JA5NCHAClS6WMj5XkpfkSvERjNYjSmW-2CpM?ext=png"",""type"":""image/png""}]",690,"DASS"
"[""GmRHExAZszU6Wekk6MHWfcwJyzSqBZHKLx2Fj4aj5rzC"",""B47XPwArv5qMhgGaqThT2iS7MaZRLCm7Js4oJnYodgve""]","BilliBox #266","[0,100]","BilliBox","https://arweave.net/zllioHZb_pqiRPgXP8BevZuSnGrF9M0J6QNZ5UtmpFg","[1,0]",true,"HxB1PkZXyfvg8CBCoXwAk2wJaftZXXqPwks8zy6R5zQS",true,"B47XPwArv5qMhgGaqThT2iS7MaZRLCm7Js4oJnYodgve","https://explorer.solana.com/address/HxB1PkZXyfvg8CBCoXwAk2wJaftZXXqPwks8zy6R5zQS","[{""trait_type"":""Background"",""value"":""gray23""}]","Billibox","Billionaire Boxes","",,"https://www.arweave.net/Z-jC6m5fa6I92EEV8IVNvKCKlQfr_axFILNvO5iaM5c?ext=png","BilliBox #266","image","[{""address"":""B47XPwArv5qMhgGaqThT2iS7MaZRLCm7Js4oJnYodgve"",""share"":100}]","[{""uri"":""https://www.arweave.net/Z-jC6m5fa6I92EEV8IVNvKCKlQfr_axFILNvO5iaM5c?ext=png"",""type"":""image/png""}]",750,"BilliBox"
"[""7A52STQYkVqTZzBNujH3mxGvxFmXsH5WHaKZBuTGdvUg"",""AegRkuNtA8x7tgEarLiY7Zom3wJAeV4yh7FBDVKAtfEu"",""GK6abV2VZsrndxHcX4sNRsijuLA11tsFakqqyiJeJFvj"",""H9snmCCK4exWsoaWeLsjMBgaQPUHijZH5ZiPtvagJ1du"",""8pGtVD2gRLPhCQa9K67R9amDAezv8G53FB17N9sMCZcd""]","Skully Boys #1010","[0,32,10,48,10]","SkullyB ","https://arweave.net/yeVoD92flgVbEuqe-oxFZsv7xFiGeU1CHWhYe1VDtfg","[1,0,0,0,0]",true,"GyfRSov5Ht5hjiZHMMV366oEYNBZCqZhUCEqo9ztAp1r",true,"EAJBdDrmyd1L8Bw4Yx8DUEKkDsPwbYkFJB1GishcNcfZ","https://explorer.solana.com/address/GyfRSov5Ht5hjiZHMMV366oEYNBZCqZhUCEqo9ztAp1r","[{""trait_type"":""Background"",""value"":""Red""},{""trait_type"":""Skull"",""value"":""Bad Bones Skully Wood""},{""trait_type"":""Hat"",""value"":""None""},{""trait_type"":""Clothe"",""value"":""None""},{""trait_type"":""Glasses"",""value"":""None""},{""trait_type"":""Beard"",""value"":""Moustache""}]",,,"When our carbon-14 bones will disappear, the Skully Boys will still be on the dance floor shaking this digital world.",1010,"https://www.arweave.net/0hvu0T1T_F0Ns8qlOZszpERNgEjviJuQaLHCpo5vEJ4?ext=png","Skully Boys #1010","image","[{""address"":""AegRkuNtA8x7tgEarLiY7Zom3wJAeV4yh7FBDVKAtfEu"",""share"":32},{""address"":""GK6abV2VZsrndxHcX4sNRsijuLA11tsFakqqyiJeJFvj"",""share"":10},{""address"":""H9snmCCK4exWsoaWeLsjMBgaQPUHijZH5ZiPtvagJ1du"",""share"":48},{""address"":""8pGtVD2gRLPhCQa9K67R9amDAezv8G53FB17N9sMCZcd"",""share"":10}]","[{""uri"":""https://www.arweave.net/0hvu0T1T_F0Ns8qlOZszpERNgEjviJuQaLHCpo5vEJ4?ext=png"",""type"":""image/png""}]",500,"SkullyB "
"[""HWndrxyRnyrcQxo6r4vsJFQNc2A6Ym2ewwN3VX2EcX27"",""2jQgDWL2MjKtF4631BPa6NzF7tTSWLUGECar7xFVgYm1"",""54c4WjdMPoGeBX9vGbo5pyzKeSeHPDtViu25ysbXuAKs""]","Soulless #6998","[0,99,1]","SOUL","https://arweave.net/9kwE17yauHizsaRapei5eblOWAugNXWx9oTzgTthpb0","[1,0,0]",true,"7ArqGtvZjs4K5Dvp13MXby7bt6VQjwvUUktrXAqEYpD7",true,"54c4WjdMPoGeBX9vGbo5pyzKeSeHPDtViu25ysbXuAKs","https://explorer.solana.com/address/7ArqGtvZjs4K5Dvp13MXby7bt6VQjwvUUktrXAqEYpD7","[{""trait_type"":""Background"",""value"":""Coven""},{""trait_type"":""Body"",""value"":""Angelic Gold""},{""trait_type"":""Head"",""value"":""Snake""},{""trait_type"":""Eyes"",""value"":""Blue Ooze""},{""trait_type"":""Handhelds"",""value"":""Anhk Staff""},{""trait_type"":""Clothing"",""value"":""School Outfit""},{""trait_type"":""Mouth"",""value"":""Venthilator""}]","Collection 1","Soulless","4 Factions of 9,999 Souls. Each from different earthly dimensions. Mint or be Soulless forever.",,"https://www.arweave.net/S-ozkncW3SjtBzAKyQWmWpRa_HWsBt58QFjLw3RPKw0?ext=png","Soulless #6998",,"[{""address"":""2jQgDWL2MjKtF4631BPa6NzF7tTSWLUGECar7xFVgYm1"",""share"":99},{""address"":""BNXNCu1jNby1ArHarSk7gadvxs1GkzsDrgf7y9WFNsjC"",""share"":1}]",,500,"SOUL"
"[""ENben1Vznp2rjfifaTqZE61G3hvMaB8vmBq5a3fvDLvK"",""F9hwNLJwTMvyozDMjmGF78sHyAAP9wqecvadJ2iKDMeF""]","SPSB #621","[0,100]","SPSB","https://arweave.net/p86ddnfZv100YINJ78kR4t89f-ytJ5VYXi1P8ONHcNQ","[1,0]",true,"8fTCBp2Q9QZe7ZQbNhi6udSjtjsJjxn81ne7wd3N25HS",true,"7LHYEQcNAYAE5WAkYXztXrjU5f5D8zNQ6akHEaFKsm61","https://explorer.solana.com/address/8fTCBp2Q9QZe7ZQbNhi6udSjtjsJjxn81ne7wd3N25HS","[{""trait_type"":""background"",""value"":""Purple""},{""trait_type"":""type"",""value"":""Alien""},{""trait_type"":""mouth"",""value"":""White Normal Mouth""},{""trait_type"":""clothes"",""value"":""Blue Shirt""},{""trait_type"":""headwear"",""value"":""Green Backwards Cap""},{""trait_type"":""eyewear"",""value"":""Cool Glasses""},{""trait_type"":""cigar"",""value"":""None""}]","Solana Pepe Serious Business","Serious Pepes","Solana Pepe Serious Business is all about 6969 generated Pepe's doing serious business stuff.",,"https://www.arweave.net/U5R4V2oCrrucPxTrWNoRS5TcxcRhhxbdD92zgO1se2g?ext=png","SPSB #621","image","[{""address"":""F9hwNLJwTMvyozDMjmGF78sHyAAP9wqecvadJ2iKDMeF"",""share"":100}]","[{""uri"":""https://www.arweave.net/U5R4V2oCrrucPxTrWNoRS5TcxcRhhxbdD92zgO1se2g?ext=png"",""type"":""image/png""}]",500,"SPSB"
"[""6PTSaVPGLzzgAqw9veQUVKhW2ggsEaV5ghBeLsQn2GVN"",""FHJKrc5MJJQLhj2FqiTfNnvLj59wEmaXVfozmp7JKj2A""]","The Tower #13-10","[0,100]","TWRDAO","https://arweave.net/HFFZm-gL4pEbGWDv8VyADMynACz0WldJUOdj2cxgJuw","[1,1]",true,"6qNre6ay9h1pxGqCdA4RcKL3y55u7fNKZ8qT6xRhLVt6",true,"GcrjZXzmNDyGDt646hy4ziWNa5ziGAMNdXGdQcDtnBaV","https://explorer.solana.com/address/6qNre6ay9h1pxGqCdA4RcKL3y55u7fNKZ8qT6xRhLVt6","[{""trait_type"":""Story"",""value"":13},{""trait_type"":""Room"",""value"":10},{""trait_type"":""Wall"",""value"":""Black Smooth""},{""trait_type"":""Floor"",""value"":""Black Wood""},{""trait_type"":""View"",""value"":""Orange1""},{""trait_type"":""Background"",""value"":""Black""}]","TowerDAO","The Tower","Residences inside a futuristic skyscraper in the metaverse. Home of the TowerDAO.",,"https://www.arweave.net/5C4hsQaf_h7EYWQKRT_jP7Ukm4pu1XuRDi93cvleU3Q?ext=png","The Tower #13-10","image","[{""address"":""FHJKrc5MJJQLhj2FqiTfNnvLj59wEmaXVfozmp7JKj2A"",""share"":100}]","[{""uri"":""https://www.arweave.net/5C4hsQaf_h7EYWQKRT_jP7Ukm4pu1XuRDi93cvleU3Q?ext=png"",""type"":""image/png""}]",500,"TWRDAO"
"[""3r6mM8a96xhZoBfv4BSK4xzw9FHBrvNry3uLau8dWtN4"",""9WG7S7PofNDrBeNp41vFwmy1BfDdgtTDNWay5KbKxp4t""]","PixTape #1955","[100,0]","PixTape","https://pixtapes.com/metadata/1955.json","[0,1]",true,"5EX9qiZbs24MVCqmasnNBrfj8tq3fRui3EmDzMnFojYx",true,"9WG7S7PofNDrBeNp41vFwmy1BfDdgtTDNWay5KbKxp4t","https://explorer.solana.com/address/5EX9qiZbs24MVCqmasnNBrfj8tq3fRui3EmDzMnFojYx","[{""trait_type"":""Background"",""value"":""Red"",""rarity"":2220},{""trait_type"":""Tape"",""value"":""Black Strip"",""rarity"":2568},{""trait_type"":""Brand"",""value"":""White Green Strip C90"",""rarity"":3849},{""trait_type"":""Label"",""value"":""Label C"",""rarity"":917},{""trait_type"":""Condition"",""value"":""Used"",""rarity"":693},{""trait_type"":""Artist"",""value"":""Eric Clapton""},{""trait_type"":""Title"",""value"":""Tears in Heaven""}]","PixTapes","PixTapes","Eric Clapton - Tears in Heaven",,"https://pixtapes.com/PixTapes/04990 - Eric Clapton - Tears in Heaven.jpg","PixTape #1955 | Eric Clapton - Tears in Heaven","image","[{""address"":""3r6mM8a96xhZoBfv4BSK4xzw9FHBrvNry3uLau8dWtN4"",""share"":100}]","[{""uri"":""https://pixtapes.com/PixTapes/04990 - Eric Clapton - Tears in Heaven.jpg"",""type"":""image/jpg""}]",1500,"PixTapes"
"[""6PTSaVPGLzzgAqw9veQUVKhW2ggsEaV5ghBeLsQn2GVN"",""FHJKrc5MJJQLhj2FqiTfNnvLj59wEmaXVfozmp7JKj2A""]","The Tower #88-10","[0,100]","TWRDAO","https://arweave.net/d5uf9uWo-EjOUCOQLfrfOJN52YqMipoSMca10nyi0sQ","[1,1]",true,"sg1VWvafSWcM2tASHXPQvDiVTyYS8egY7TQMGXFxEsY",true,"GcrjZXzmNDyGDt646hy4ziWNa5ziGAMNdXGdQcDtnBaV","https://explorer.solana.com/address/sg1VWvafSWcM2tASHXPQvDiVTyYS8egY7TQMGXFxEsY","[{""trait_type"":""Story"",""value"":88},{""trait_type"":""Room"",""value"":10},{""trait_type"":""Wall"",""value"":""Darkgray Smooth""},{""trait_type"":""Wall Item"",""value"":""Katakana Sign""},{""trait_type"":""Floor"",""value"":""Lightgray Wood""},{""trait_type"":""Floor Item"",""value"":""Crystals""},{""trait_type"":""Big Item"",""value"":""Ratchet Bed""},{""trait_type"":""Small Item 1"",""value"":""Brown Bedtable""},{""trait_type"":""Small Item 2"",""value"":""Sunglasses""},{""trait_type"":""View"",""value"":""Purple""},{""trait_type"":""Background"",""value"":""Rose""}]","TowerDAO","The Tower","Residences inside a futuristic skyscraper in the metaverse. Home of the TowerDAO.",,"https://www.arweave.net/zy-450PL67E3K6kd9LqXtR55a-G8eRbwMv4A2yAF0EI?ext=png","The Tower #88-10","image","[{""address"":""FHJKrc5MJJQLhj2FqiTfNnvLj59wEmaXVfozmp7JKj2A"",""share"":100}]","[{""uri"":""https://www.arweave.net/zy-450PL67E3K6kd9LqXtR55a-G8eRbwMv4A2yAF0EI?ext=png"",""type"":""image/png""}]",500,"TWRDAO"
"[""3kvCxLjviJHWZKjjTRFzz69KfqX7MKbe6R6r2JvrcqZZ"",""8bZXQYaU3eHQG9mzzrM7aHMkedmuNaZsHq4unYCw6VTm""]","SOL Parasite #2524","[0,100]","PRST","https://sol-parasites.s3.us-west-2.amazonaws.com/meta/2524.json","[1,0]",true,"5iu6kGhSNLH4pZwKafaEJbNs3z6YKY9o61ympWR5vACA",true,"8bZXQYaU3eHQG9mzzrM7aHMkedmuNaZsHq4unYCw6VTm","https://explorer.solana.com/address/5iu6kGhSNLH4pZwKafaEJbNs3z6YKY9o61ympWR5vACA","[]",,"SOL Parasites","10,000 NFT Parasites finding their hosts on the Solana Blockchain.",,"https://sol-parasites.s3.us-west-2.amazonaws.com/img/2524.jpg","SOL Parasite #2524","image","[{""address"":""8bZXQYaU3eHQG9mzzrM7aHMkedmuNaZsHq4unYCw6VTm"",""share"":100}]","[{""uri"":""https://sol-parasites.s3.us-west-2.amazonaws.com/img/2524.jpg"",""type"":""image/jpeg""}]",1900,"PRST"
"[""5ujZ8BBFXpcByNbQdxANxbydxUhz5hVavpapvrEUc2Da"",""JCTZQ7fzLkS9j3z4bmwmsJuqzpDyqxLB2NwdGdajk2Wm"",""daoXo7FeRBb4gonerEKhGB5X8rkC9ag16s7cspLYR9g""]","JungleCats #3989","[0,90,10]","JCATS","https://arweave.net/mYm-dCtldShr-ldpnx53hZb-hwPdzH7I2hc9b2QZGDM","[1,1,0]",true,"9cHq3Yy1oX2EDbDqYXGrNbxVbnZ2qYeYWnna9X3BX7bT",true,"JCTZQ7fzLkS9j3z4bmwmsJuqzpDyqxLB2NwdGdajk2Wm","https://explorer.solana.com/address/9cHq3Yy1oX2EDbDqYXGrNbxVbnZ2qYeYWnna9X3BX7bT","[{""trait_type"":""Accessory"",""value"":""None""},{""trait_type"":""Background"",""value"":""Trippy""},{""trait_type"":""Eyes"",""value"":""Eye Patch""},{""trait_type"":""Head"",""value"":""None""},{""trait_type"":""Mouth"",""value"":""Blunt""},{""trait_type"":""Nose"",""value"":""None""},{""trait_type"":""Skin"",""value"":""Iridescent""},{""trait_type"":""Top"",""value"":""None""}]","JungleCats","Lions","The King of the Solana Jungle has arrived! These high-quality 3D Cats do a whole lot more than just look good. Just wait until you see these cats stomping around the metaverse! https://junglecats.io/",,"https://www.arweave.net/nNioZPaTN5v2EtVtFFPEwCiHVJezmRD37nnF1lzK6mM?ext=png","JungleCats #3989","image","[{""address"":""JCTZQ7fzLkS9j3z4bmwmsJuqzpDyqxLB2NwdGdajk2Wm"",""share"":90},{""address"":""daoXo7FeRBb4gonerEKhGB5X8rkC9ag16s7cspLYR9g"",""share"":10}]","[{""uri"":""nft.png"",""type"":""image/png""}]",500,"JCATS"
"[""HMp36xN691BjS2jDyTLtviuG5KrXFzjGzjgS8UJytZh8"",""JCTZQ7fzLkS9j3z4bmwmsJuqzpDyqxLB2NwdGdajk2Wm"",""daoXo7FeRBb4gonerEKhGB5X8rkC9ag16s7cspLYR9g""]","Lioness #2578","[0,90,10]","JCATSL","https://arweave.net/QEzOUpBmD47BjmUvvPwYTNV6qf4j8idmustP9n6cICQ","[1,0,0]",true,"C7CPbGWYYuc5Gu4HiBDRtbPhNw2fTKw9s7uhu3tkv1kN",true,"JCTZQ7fzLkS9j3z4bmwmsJuqzpDyqxLB2NwdGdajk2Wm","https://explorer.solana.com/address/C7CPbGWYYuc5Gu4HiBDRtbPhNw2fTKw9s7uhu3tkv1kN","[{""trait_type"":""Accessories"",""value"":""None""},{""trait_type"":""Background"",""value"":""Pink""},{""trait_type"":""Eyes"",""value"":""Orange""},{""trait_type"":""Head"",""value"":""Purple Mushroom Hat""},{""trait_type"":""Mouth"",""value"":""None""},{""trait_type"":""Nose"",""value"":""None""},{""trait_type"":""Skin"",""value"":""Base""},{""trait_type"":""Top"",""value"":""Tank Top""}]","JungleCats","Lionesses","The Queen of the Solana Jungle has arrived! These high-quality 3D Lionesses do a whole lot more than just look good. Just wait until you see these lionesses stomping around the metaverse! https://junglecats.io/",,"https://arweave.net/DJUQ81ICQPrf9WQjYZ8veCKv-HlF00M1tRHz4DficBA?ext=jpeg","Lioness #2578","image","[{""address"":""JCTZQ7fzLkS9j3z4bmwmsJuqzpDyqxLB2NwdGdajk2Wm"",""share"":90},{""address"":""daoXo7FeRBb4gonerEKhGB5X8rkC9ag16s7cspLYR9g"",""share"":10}]","[{""uri"":""nft.png"",""type"":""image/png""}]",500,"JCATSL"
"[""BgCQcejEgQLr7yktqfsmbsoWzx1tVDCYAAjafScTzTx2"",""AKKtgQeZYN4CGV2TWsZGs6n6Pd2d6rcNT8cPL6YsSdux""]","SolNuggs #153","[0,100]","SolNuggs","https://arweave.net/oGn0dJM-5aULflz1p8Rd-IREVkiFk79x6C-_EOKUQ_s","[1,0]",true,"66XLixz2FEa22zo1ZsfWiwmfxg8WFQjKHZfQ79JgR1XZ",true,"EWckQ4xRwtQaoHTHKUNRWveGJRKqc5ubNrxdrbH6ZLvR","https://explorer.solana.com/address/66XLixz2FEa22zo1ZsfWiwmfxg8WFQjKHZfQ79JgR1XZ","[{""trait_type"":""Background"",""value"":""PinkishGradient""},{""trait_type"":""NuggType"",""value"":""FullyDippedDevil""}]",,,"Don't eat them collect them",153,"https://www.arweave.net/JftUUKBh0VpByo9gBT7yL-taA-SydPHtg7b-r6wTiKo?ext=png","SolNuggs #153","image","[{""address"":""AKKtgQeZYN4CGV2TWsZGs6n6Pd2d6rcNT8cPL6YsSdux"",""share"":100}]","[{""uri"":""https://www.arweave.net/JftUUKBh0VpByo9gBT7yL-taA-SydPHtg7b-r6wTiKo?ext=png"",""type"":""image/png""}]",1000,"SolNuggs"
"[""ALNcW6QDNf7H4iNiTM3FD16LZ4zMGyEeCYQiE1AbCoXk"",""Em4DcHQwUxhHfEWhz8aZABXU6nUADTGFBPKHoBhKZr9h""]","SOLGods 2402","[0,100]","SOLGods","https://arweave.net/sNu71TuXizQLkG73qBASgaF1Zshh74AuhNEFjB4WHyQ","[1,0]",true,"5ZxLA1sh8LJi1huXNoAG9uLVDdcv8xYePmGK85kvTChy",true,"41PLzJby9zqiXjXnY5psHt6zf2X5uaDPiZ5wwRAPKAZM","https://explorer.solana.com/address/5ZxLA1sh8LJi1huXNoAG9uLVDdcv8xYePmGK85kvTChy","[{""trait_type"":""Background"",""value"":""Blue""},{""trait_type"":""Code"",""value"":""None""},{""trait_type"":""Back"",""value"":""None""},{""trait_type"":""Character"",""value"":""Black""},{""trait_type"":""Torso"",""value"":""Hoodie Green""},{""trait_type"":""Eyes"",""value"":""Voodoo Right""},{""trait_type"":""Face"",""value"":""Gas Mask 6666""},{""trait_type"":""Head"",""value"":""Wizard""}]","SOLGods","SOLGods",,,"https://www.arweave.net/xELtigJihmw7mKsAmC3x4gRx3yb1iuymUSBRZuwP2XQ?ext=png","SOLGods 2402",,"[{""address"":""Em4DcHQwUxhHfEWhz8aZABXU6nUADTGFBPKHoBhKZr9h"",""share"":92},{""address"":""5yqPJhLcoqDcVLTQjWq5MBGh18R6jv7pVwtacLW32b6J"",""share"":8}]","[{""uri"":""https://www.arweave.net/xELtigJihmw7mKsAmC3x4gRx3yb1iuymUSBRZuwP2XQ?ext=png"",""type"":""image/png""}]",500,"SOLGods"
"[""5KCbJjCVW8s64n7yrx6pzBVejNArPhZu5JDU36dXmk1w"",""EW1Y4j9EUBNFEB6Fw7LSwMYQqunks8QCuYFi7UFpGxev""]","Diamond Hand #320","[0,100]","HANDS","https://arweave.net/UuJ_LANtBvJ47RVV6s0Lxg_ETLNkyxsq2J708GThX28","[1,0]",true,"H8cdH9YyBL19qH5sVbrws7EKW88Bo2N2fsbQK2My4rof",true,"EW1Y4j9EUBNFEB6Fw7LSwMYQqunks8QCuYFi7UFpGxev","https://explorer.solana.com/address/H8cdH9YyBL19qH5sVbrws7EKW88Bo2N2fsbQK2My4rof","[{""trait_type"":""Background"",""value"":""Pastel Blue""},{""trait_type"":""Object"",""value"":""Money""},{""trait_type"":""Hand"",""value"":""Alien""},{""trait_type"":""Accessory"",""value"":""Rave Band""}]","Diamond Hands","Sol Diamond Hands NFT","Diamond Hands stronger than your wife's boyfriend's",,"https://www.arweave.net/ZRKEQZbUetVerTU3BDy38LzxKPwfDiEms6fsTrbH-8w?ext=png","Diamond Hand #320",,"[{""address"":""EW1Y4j9EUBNFEB6Fw7LSwMYQqunks8QCuYFi7UFpGxev"",""share"":100}]","[{""uri"":""https://www.arweave.net/ZRKEQZbUetVerTU3BDy38LzxKPwfDiEms6fsTrbH-8w?ext=png"",""type"":""image/png""}]",1000,"HANDS"
"[""ALNcW6QDNf7H4iNiTM3FD16LZ4zMGyEeCYQiE1AbCoXk"",""Em4DcHQwUxhHfEWhz8aZABXU6nUADTGFBPKHoBhKZr9h""]","SOLGods 466","[0,100]","SOLGods","https://arweave.net/VXeo2IlbxlIITqxDnmxYNwMHf_3XDF2wxBW4NiBWXNM","[1,0]",true,"AiS3ugtkMcejnc4dCR7gYi68TKp6sTBAVCyheVEK76fM",true,"41PLzJby9zqiXjXnY5psHt6zf2X5uaDPiZ5wwRAPKAZM","https://explorer.solana.com/address/AiS3ugtkMcejnc4dCR7gYi68TKp6sTBAVCyheVEK76fM","[{""trait_type"":""Background"",""value"":""Psy""},{""trait_type"":""Code"",""value"":""None""},{""trait_type"":""Back"",""value"":""None""},{""trait_type"":""Character"",""value"":""White""},{""trait_type"":""Torso"",""value"":""Black Top""},{""trait_type"":""Eyes"",""value"":""Beads""},{""trait_type"":""Face"",""value"":""Puzzle""},{""trait_type"":""Head"",""value"":""None""}]","SOLGods","SOLGods",,,"https://www.arweave.net/ezWHLbUNMGP6FtFv-pV1DcFpCJ4KCryfsng1Uf9nxAA?ext=png","SOLGods 466",,"[{""address"":""Em4DcHQwUxhHfEWhz8aZABXU6nUADTGFBPKHoBhKZr9h"",""share"":92},{""address"":""5yqPJhLcoqDcVLTQjWq5MBGh18R6jv7pVwtacLW32b6J"",""share"":8}]","[{""uri"":""https://www.arweave.net/ezWHLbUNMGP6FtFv-pV1DcFpCJ4KCryfsng1Uf9nxAA?ext=png"",""type"":""image/png""}]",500,"SOLGods"
"[""AwZFMVBBKf8VvLnXLQc9dMn8TWvAADRY4a3Ev6NPSq47"",""ADW8bd8SNtQQmSCiaeXLZuZk4So28iysmTrAsLQxEeNM""]","SHI Griffin #800","[0,100]","SHI","https://arweave.net/5UmqFQQ1-wdA_WXLuDnzhHP9-oT5YOSlt772mrXPd8o","[1,0]",true,"GTjgbuSFBLf58yKUh7iZgU7rVkU2iV91EkAijr4KRTdN",true,"J2NKbvxwBnxrU49UTPFS1FH5HWJ6VhDdZp1CTqaB78t8","https://explorer.solana.com/address/GTjgbuSFBLf58yKUh7iZgU7rVkU2iV91EkAijr4KRTdN","[{""trait_type"":""Background"",""value"":""Gold""},{""trait_type"":""Fur"",""value"":""Purple""},{""trait_type"":""Teeth"",""value"":""Orange""},{""trait_type"":""Face"",""value"":""Blue""},{""trait_type"":""Eyes"",""value"":""White""},{""trait_type"":""Eyebrows"",""value"":""Blue""},{""trait_type"":""Gem"",""value"":""Black""},{""trait_type"":""Face Accessory"",""value"":""Orange""},{""trait_type"":""Nose"",""value"":""Orange""},{""trait_type"":""Mouth Accessory"",""value"":""None""},{""trait_type"":""Eyes Accessory"",""value"":""None""},{""trait_type"":""Hat"",""value"":""None""},{""trait_type"":""Type"",""value"":""Griffin""}]","SolanaFloor","Shi Guardians","8,888 generated NFTs from 4 hand drawn lions that give you exclusive access to SolanaFloor PRO.",,"https://www.arweave.net/u1c8yb90r3vPSuGvwv0FMfE7KZXa9rZgvOV2ONwAN0o?ext=png","SHI Griffin #800","image","[{""address"":""ADW8bd8SNtQQmSCiaeXLZuZk4So28iysmTrAsLQxEeNM"",""share"":100}]","[{""uri"":""https://www.arweave.net/u1c8yb90r3vPSuGvwv0FMfE7KZXa9rZgvOV2ONwAN0o?ext=png"",""type"":""image/png""}]",500,"SHI"
"[""5GUrnehPCrVeAeo29sgH3KbPhTvEDaH8HJqonYUceVM"",""ULf4AWYjQ7iD81dYsFTNryyJvXX3yNeCN72KsbKDu3W""]","SolDad #5546","[0,100]","SOLDAD","https://arweave.net/yrDuAeFilehfQWObISvdeN42glFvKmS8DJhm_DZrwKw","[1,0]",true,"5eyqEZLwZ9puu8oFjsHKVZbManjEThFPcqpyB9vNrvUG",true,"9bJNTytrMHPps58zH5tk3jsaMbQjD1W13ri7D431QcJt","https://explorer.solana.com/address/5eyqEZLwZ9puu8oFjsHKVZbManjEThFPcqpyB9vNrvUG","[{""trait_type"":""Background"",""value"":""Dark Grape""},{""trait_type"":""Face"",""value"":""Black Eye"",""additionalValue"":""light""},{""trait_type"":""Outfit"",""value"":""Yellow Sweater""},{""trait_type"":""Beard"",""value"":""None""},{""trait_type"":""Head"",""value"":""Black Stylish""},{""trait_type"":""Mouth"",""value"":""Gum""},{""trait_type"":""Ears"",""value"":""None""},{""trait_type"":""Neck"",""value"":""None""},{""trait_type"":""Eyes"",""value"":""None""}]","SolFamily","SolDads","SolDads are the first unique collection with 5750 dads of more generic project which is named SolFamily. You can read more information on our website https://solfamily.io/","SolDads 2021","https://www.arweave.net/FwrW_A4CzBKcrLTFiFpLLnQv4HX7xPf9q7MDsrhzpaI?ext=png","SolDad #5546","image","[{""address"":""ULf4AWYjQ7iD81dYsFTNryyJvXX3yNeCN72KsbKDu3W"",""share"":100}]","[{""url"":""https://www.arweave.net/FwrW_A4CzBKcrLTFiFpLLnQv4HX7xPf9q7MDsrhzpaI?ext=png"",""type"":""image/png""}]",750,"SOLDAD"
"[""CLErvyrMpi66RAxNV2wveSi25NxHb8G383MSVuGDgZzp"",""trshC9cTgL3BPXoAbp5w9UfnUMWEJx5G61vUijXPMLH"",""3B86L4BrRjm9V7sd3AjjJq5XFtyqMgCYMCTwqMMvAxgr"",""8BoJdKKz3j4bUGJdAdGhaiSpv1EM9HhSm1cjy1iPrfhk"",""ENACtpCWKJAomGtWVH2UqdNKmkR1Ft4V81gC4oUbi5W1""]","Degen Trash Panda #1886","[0,59,10,5,26]","DTP","https://arweave.net/6se4xNoACWNTDMnPfuWwS7RDgXGz5IoZHEC0vGl4Fms","[1,0,0,0,0]",true,"9bUayH8JD1bqfT8tAtXTGdDa137NSrR8izU5vPqjATTR",true,"trshC9cTgL3BPXoAbp5w9UfnUMWEJx5G61vUijXPMLH","https://explorer.solana.com/address/9bUayH8JD1bqfT8tAtXTGdDa137NSrR8izU5vPqjATTR","[{""trait_type"":""BODY"",""value"":""Bumbag""},{""trait_type"":""GLASSES"",""value"":""Designer Glasses""},{""trait_type"":""MOUTH"",""value"":""Crayon Shiv - Smirk""},{""trait_type"":""FUR"",""value"":""Blue - Smirk""},{""trait_type"":""BACKGROUND"",""value"":""Blue""},{""trait_type"":""HEAD"",""value"":""Pot""},{""trait_type"":""❤️"",""value"":4}]","Degeniverse","Degen Trash Pandas","Inhabiting their own underworld society, the Degenerate Trash Pandas are governed by no individuals and live by no rules. What they have is their trash, and their trash is their treasure. They’ll do whatever they can to get their dirty little paws on it.",,"https://www.arweave.net/I63Y--cb3yPhgFV6h3etUjEsDpsclW-WSfdYBE57iCY?ext=png","Degen Trash Panda #1886","image","[{""address"":""trshC9cTgL3BPXoAbp5w9UfnUMWEJx5G61vUijXPMLH"",""share"":59},{""address"":""3B86L4BrRjm9V7sd3AjjJq5XFtyqMgCYMCTwqMMvAxgr"",""share"":10},{""address"":""8BoJdKKz3j4bUGJdAdGhaiSpv1EM9HhSm1cjy1iPrfhk"",""share"":5},{""address"":""ENACtpCWKJAomGtWVH2UqdNKmkR1Ft4V81gC4oUbi5W1"",""share"":26}]","[{""uri"":""https://www.arweave.net/I63Y--cb3yPhgFV6h3etUjEsDpsclW-WSfdYBE57iCY?ext=png"",""type"":""image/png""}]",420,"DTP"
"[""8LUPcxB5H1mHso6qxYhugCKYTUGu6wyE7VC49pdf5fkU"",""DoNmbbtRBdnhCyQR5tLBJxpKhP9h5paKspC4XfJutBJD""]","Monke ShitBox #5065","[0,100]","MSB","https://arweave.net/iSai7IP1LwQfgGCfTA_HCbIHjl6QpwaolBFOIXlqkqQ","[1,0]",true,"8VQyLBuD3JpCMF2xDngsJTySGVGqfQ4bAPNhKAwjHUNB",true,"DoNmbbtRBdnhCyQR5tLBJxpKhP9h5paKspC4XfJutBJD","https://explorer.solana.com/address/8VQyLBuD3JpCMF2xDngsJTySGVGqfQ4bAPNhKAwjHUNB","[{""trait_type"":""Background"",""value"":""blue noise""},{""trait_type"":""Design"",""value"":""sorry""},{""trait_type"":""Monke"",""value"":""white""}]","Monke Shit Box","Monke Shit Box","Your box opened! Thanks for being a part of MonkeShitBox you degen!",659,"https://arweave.net/eQ1d1yqZaLfMs234jOtXJYxt7gmQ-EfXLaIcNVaIk10","Revealed Monke Shit Box #659","image","[{""address"":""DoNmbbtRBdnhCyQR5tLBJxpKhP9h5paKspC4XfJutBJD"",""share"":100}]","[{""uri"":""https://arweave.net/eQ1d1yqZaLfMs234jOtXJYxt7gmQ-EfXLaIcNVaIk10"",""type"":""image/png""},{""uri"":""https://arweave.net/4JMw2HzoxGD9OYgoeM3awix4YWkjydMOtd3QT9EiZF0/659.png"",""type"":""image/png""}]",669,"MSB"
"[""6PTSaVPGLzzgAqw9veQUVKhW2ggsEaV5ghBeLsQn2GVN"",""FHJKrc5MJJQLhj2FqiTfNnvLj59wEmaXVfozmp7JKj2A""]","The Tower #451-7","[0,100]","TWRDAO","https://arweave.net/9Ac9esLldZYcwdimOD--EvqC4ng25zPZ_F-c-72L6_I","[1,1]",true,"FVB2BQosSMG4USB3d8pYeo4HYzRWv7Nn4cVd7faTTSu4",true,"GcrjZXzmNDyGDt646hy4ziWNa5ziGAMNdXGdQcDtnBaV","https://explorer.solana.com/address/FVB2BQosSMG4USB3d8pYeo4HYzRWv7Nn4cVd7faTTSu4","[{""trait_type"":""Story"",""value"":451},{""trait_type"":""Room"",""value"":7},{""trait_type"":""Wall"",""value"":""Black Smooth""},{""trait_type"":""Floor"",""value"":""Grass""},{""trait_type"":""Floor Item"",""value"":""Sneks""},{""trait_type"":""Big Item"",""value"":""Bar""},{""trait_type"":""View"",""value"":""Orange1""},{""trait_type"":""Background"",""value"":""Black""}]","TowerDAO","The Tower","Residences inside a futuristic skyscraper in the metaverse. Home of the TowerDAO.",,"https://www.arweave.net/z3f0Dvnqsnp9j-M1qEHchIW-Njscm0yICv7RrLoU9Uk?ext=png","The Tower #451-7","image","[{""address"":""FHJKrc5MJJQLhj2FqiTfNnvLj59wEmaXVfozmp7JKj2A"",""share"":100}]","[{""uri"":""https://www.arweave.net/z3f0Dvnqsnp9j-M1qEHchIW-Njscm0yICv7RrLoU9Uk?ext=png"",""type"":""image/png""}]",500,"TWRDAO"
"[""HCXjgtkh1UzEcfgpmeMgGpdU64oyaitEfSs2KNHgoQhu"",""GfmmC9mJGieYjJxkYSabzYCbtLaSm2iAbZScgLTeU9sn"",""mfU2SKFPgWPhXEa7sYbFf35K5ZD7qLE3xVoVHhQdk7N"",""57G2mwfM83VNKFNdrvMwTDJAo1xhoDSw6Wp5WyruRdyG""]","Crypto Idolz #6010","[0,50,49,1]","IDOLZ","https://arweave.net/fVKLjOQZAghl6d7qTICaK6PavvGvy6D4iN7RbWXZfso","[1,0,0,0]",true,"F2yWZwKRtUY2EeG8oy5jLDLKeB8NeZqLrW19hnq4LRHt",true,"57G2mwfM83VNKFNdrvMwTDJAo1xhoDSw6Wp5WyruRdyG","https://explorer.solana.com/address/F2yWZwKRtUY2EeG8oy5jLDLKeB8NeZqLrW19hnq4LRHt","[{""trait_type"":""BG"",""value"":""A Glass of Rose""},{""trait_type"":""Body"",""value"":""Dark Rum""},{""trait_type"":""Body Size"",""value"":""Pear""},{""trait_type"":""Hand"",""value"":""None""},{""trait_type"":""Surprise"",""value"":""None""},{""trait_type"":""Legs"",""value"":""Leather""},{""trait_type"":""Accessories"",""value"":""Blush""},{""trait_type"":""Sweat"",""value"":""None""},{""trait_type"":""Surroundings"",""value"":""None""}]","CryptoIdolz","CryptoIdolz 2nd Edition","6969 masterpieces capturing the natural female beauty",,"https://www.arweave.net/f5QAErtZQ00RPPmQ5j8uHK1uvr2dGXUC9jbSD8B_1-I?ext=png","Crypto Idolz #6010","image","[{""address"":""GfmmC9mJGieYjJxkYSabzYCbtLaSm2iAbZScgLTeU9sn"",""share"":50},{""address"":""mfU2SKFPgWPhXEa7sYbFf35K5ZD7qLE3xVoVHhQdk7N"",""share"":49},{""address"":""57G2mwfM83VNKFNdrvMwTDJAo1xhoDSw6Wp5WyruRdyG"",""share"":1}]","[{""uri"":""https://www.arweave.net/f5QAErtZQ00RPPmQ5j8uHK1uvr2dGXUC9jbSD8B_1-I?ext=png"",""type"":""image/png""}]",690,"IDOLZ"
"[""BgCQcejEgQLr7yktqfsmbsoWzx1tVDCYAAjafScTzTx2"",""AKKtgQeZYN4CGV2TWsZGs6n6Pd2d6rcNT8cPL6YsSdux""]","SolNuggs #266","[0,100]","SolNuggs","https://arweave.net/_fljeNVrbqXUTLGWjwbZvxktDB1vsgE0g__9MMs7BNg","[1,0]",true,"4tLvywPvKdBPTF3FxMiX2eHiosmYR3obGZHbUzJNiiJ3",true,"EWckQ4xRwtQaoHTHKUNRWveGJRKqc5ubNrxdrbH6ZLvR","https://explorer.solana.com/address/4tLvywPvKdBPTF3FxMiX2eHiosmYR3obGZHbUzJNiiJ3","[{""trait_type"":""Background"",""value"":""TwoToneThree""},{""trait_type"":""NuggType"",""value"":""Bell""}]",,,"Don't eat them collect them",266,"https://www.arweave.net/6-Q7QcbPThtYpiOsvl4HKUBVkAyDcXwLbo7RVDtdDy8?ext=png","SolNuggs #266","image","[{""address"":""AKKtgQeZYN4CGV2TWsZGs6n6Pd2d6rcNT8cPL6YsSdux"",""share"":100}]","[{""uri"":""https://www.arweave.net/6-Q7QcbPThtYpiOsvl4HKUBVkAyDcXwLbo7RVDtdDy8?ext=png"",""type"":""image/png""}]",1000,"SolNuggs"
"[""55a3F4WfPUpQCTKwaAcPodaYCLd4gWC2tyVa7ceQtRnR"",""B9hZvk6kGnwZmdNrgvwu6Cj5gvQmBbYp2mdtjX28DkUt""]","Stock Tylers #1447","[0,100]","STOCK","https://arweave.net/8MGsFrcaE4G2_xQmFI_d1X8igay2jKaZx1eBzO3y3w8","[1,0]",true,"GJp4wpX9Z7hEhN97e8e3yn6n35ytdhhykHCRzLKsYr5k",true,"B9hZvk6kGnwZmdNrgvwu6Cj5gvQmBbYp2mdtjX28DkUt","https://explorer.solana.com/address/GJp4wpX9Z7hEhN97e8e3yn6n35ytdhhykHCRzLKsYr5k","[{""trait_type"":""Background"",""value"":""Pastel""},{""trait_type"":""Head"",""value"":""Blue Bow""},{""trait_type"":""Neck"",""value"":""None""},{""trait_type"":""Ear"",""value"":""None""},{""trait_type"":""Body"",""value"":""Purple Fleece""},{""trait_type"":""Skin"",""value"":""Alien""},{""trait_type"":""Extras"",""value"":""None""},{""trait_type"":""Eyes"",""value"":""None""},{""trait_type"":""Expression"",""value"":""Sad""}]","Stock Tylers","Stock Tylers","2222 Stock Photos of Tyler on the Solana Network.",,"https://www.arweave.net/9F2gTuw3RJ_1lZJNyFKnRvivosvj1FulvWTAkF8SSFs?ext=jpg","Stock Tylers #1447","image","[{""address"":""B9hZvk6kGnwZmdNrgvwu6Cj5gvQmBbYp2mdtjX28DkUt"",""share"":100}]","[{""uri"":""https://www.arweave.net/9F2gTuw3RJ_1lZJNyFKnRvivosvj1FulvWTAkF8SSFs?ext=jpg"",""type"":""image/jpg""}]",690,"STOCK"
"[""BRnXeWqz8a8A6f5fAejDbWW26AVjcnKmAKgbUXg5eLKq"",""Em4DcHQwUxhHfEWhz8aZABXU6nUADTGFBPKHoBhKZr9h""]","The Fracture","[50,50]","","https://arweave.net/b9lQENfA229bB35Pv-LAL6eBfcAnXN-EjGWTyYKVf04","[1,0]",false,"FR9z2deohkpeoVFcC9htxrXuh6Qb6m3ivjFM5pH3Qqx5",false,"BRnXeWqz8a8A6f5fAejDbWW26AVjcnKmAKgbUXg5eLKq","https://explorer.solana.com/address/FR9z2deohkpeoVFcC9htxrXuh6Qb6m3ivjFM5pH3Qqx5",,,,"In hindsight, it was obvious.

Music by LonelyGhose©",,"https://www.arweave.net/HXrCvvAOP58WSSBNRTIqmjTO2RfJC7do_wO7gApxnr0?ext=png","The Fracture","audio","[{""address"":""BRnXeWqz8a8A6f5fAejDbWW26AVjcnKmAKgbUXg5eLKq"",""share"":50},{""address"":""Em4DcHQwUxhHfEWhz8aZABXU6nUADTGFBPKHoBhKZr9h"",""share"":50}]","[{""uri"":""https://www.arweave.net/HXrCvvAOP58WSSBNRTIqmjTO2RfJC7do_wO7gApxnr0?ext=png"",""type"":""image/png""},{""uri"":""https://gccv6zqyjuaaeqx2gebyrcswysmctl4gjva6qe5ui7gr36mnubda.arweave.net/MIVfZhhNAAJC-jEDiIpWxJgpr4ZNQegTtEfNHfmNoEY?ext=mp3"",""type"":""unknown""}]",500,""
"[""3ej6TJbvSeiM8R6WXHV7TQzHQkUpvowYjqbxjJcbpN6d"",""2ma8umF7s8ZdwYVJ93dyocX7CwZEi2qjuPtnwN14dy5h""]","504 Fragrant Drive","[0,100]","VILLA","https://arweave.net/rec7q4sErRK3II3R7t3z-78z7SJc79aMFGRMHzrYkL0","[1,0]",true,"GncvkrX57tiBzFU9R75vVU5d5dNxvNLgEq1kw4SoXf4r",true,"GfeLpchkzFqo2V4HzgXvGneTXHAJTwUrPGgti8kgvAG6","https://explorer.solana.com/address/GncvkrX57tiBzFU9R75vVU5d5dNxvNLgEq1kw4SoXf4r","[{""trait_type"":""Neighborhood"",""value"":""Torvyn""},{""trait_type"":""District"",""value"":""Ollantaytambo""},{""trait_type"":""Block"",""value"":""Fragrant Drive""},{""trait_type"":""Foundation"",""value"":""Patio""},{""trait_type"":""House"",""value"":""Dreamy A-Frame Cottage""},{""trait_type"":""Foliage"",""value"":""Yisawa Trees""}]","Metavillage","Metavillage","Complete with Yisawa Trees, a Patio foundation, and a Dreamy A-Frame Cottage, this villa is perfect for someone who appreciates beauty. An impish breeze playfully ripples through long, lush grass speckled in wildflowers in Torvyn. Those in Torvyn are kind and know how to keep the bright side in sight. This villa is located in Ollantaytambo, the eastern district of Torvyn.",,"https://arweave.net/a8dmUVi56Mid7To5VX1WvWeaNq1rVxGEouOcBE2KqJE","504 Fragrant Drive",,"[{""address"":""2ma8umF7s8ZdwYVJ93dyocX7CwZEi2qjuPtnwN14dy5h"",""share"":100}]","[{""type"":""image/jpeg"",""uri"":""https://arweave.net/a8dmUVi56Mid7To5VX1WvWeaNq1rVxGEouOcBE2KqJE""}]",500,"VILLA"
"[""7A52STQYkVqTZzBNujH3mxGvxFmXsH5WHaKZBuTGdvUg"",""AegRkuNtA8x7tgEarLiY7Zom3wJAeV4yh7FBDVKAtfEu"",""GK6abV2VZsrndxHcX4sNRsijuLA11tsFakqqyiJeJFvj"",""H9snmCCK4exWsoaWeLsjMBgaQPUHijZH5ZiPtvagJ1du"",""8pGtVD2gRLPhCQa9K67R9amDAezv8G53FB17N9sMCZcd""]","Skully Boys #885","[0,32,10,48,10]","SkullyB ","https://arweave.net/lbgImVYRYeW1nmDpswb1rDDvwPTj26mK26qd_vpyVuo","[1,0,0,0,0]",true,"9bib8gWaENNvhiUN24yso3jMyprv8i3ghUy1fuLRndou",true,"EAJBdDrmyd1L8Bw4Yx8DUEKkDsPwbYkFJB1GishcNcfZ","https://explorer.solana.com/address/9bib8gWaENNvhiUN24yso3jMyprv8i3ghUy1fuLRndou","[{""trait_type"":""Background"",""value"":""Green""},{""trait_type"":""Skull"",""value"":""Pink Skully""},{""trait_type"":""Hat"",""value"":""Blue Cap""},{""trait_type"":""Clothe"",""value"":""Holographic Jacket""},{""trait_type"":""Glasses"",""value"":""Disco Bezel Pink""},{""trait_type"":""Necklace"",""value"":""Bitcoin Necklace""},{""trait_type"":""Smoking"",""value"":""None""}]",,,"When our carbon-14 bones will disappear, the Skully Boys will still be on the dance floor shaking this digital world.",885,"https://www.arweave.net/jv78QSCeCYWpfHKyky-EE_gQ28cPJyF3jS-6doO4j44?ext=png","Skully Boys #885","image","[{""address"":""AegRkuNtA8x7tgEarLiY7Zom3wJAeV4yh7FBDVKAtfEu"",""share"":32},{""address"":""GK6abV2VZsrndxHcX4sNRsijuLA11tsFakqqyiJeJFvj"",""share"":10},{""address"":""H9snmCCK4exWsoaWeLsjMBgaQPUHijZH5ZiPtvagJ1du"",""share"":48},{""address"":""8pGtVD2gRLPhCQa9K67R9amDAezv8G53FB17N9sMCZcd"",""share"":10}]","[{""uri"":""https://www.arweave.net/jv78QSCeCYWpfHKyky-EE_gQ28cPJyF3jS-6doO4j44?ext=png"",""type"":""image/png""}]",500,"SkullyB "
"[""G9zy4jGj6ozT3qk9F1qbsAtQ5qvbbF4KwX1CmQRbLmhd"",""GcrjZXzmNDyGDt646hy4ziWNa5ziGAMNdXGdQcDtnBaV""]","Tower Community NFT","[0,100]","TWRCMMNTY","https://arweave.net/uJzgnieykvHvJNe7r4Lxj2PO2K-a_qzqca1O2wmTBbo","[1,0]",false,"9R7PmcJB9FhuWpT3or4Kn3X6Si5xcCHfezZHSAPVzrvJ",true,"G9zy4jGj6ozT3qk9F1qbsAtQ5qvbbF4KwX1CmQRbLmhd","https://explorer.solana.com/address/9R7PmcJB9FhuWpT3or4Kn3X6Si5xcCHfezZHSAPVzrvJ",,,,"The strength of The Tower comes from its community. Thank you for believing in this community, and participating in the mint. Enjoy this collectible.",,"https://www.arweave.net/-WwoWhp965cBVUYwFWjGXvygQOsWjTEDYi-3VI0cWlo?ext=png","Tower Community NFT","image","[{""address"":""FHJKrc5MJJQLhj2FqiTfNnvLj59wEmaXVfozmp7JKj2A"",""share"":100}]","[{""uri"":""https://www.arweave.net/-WwoWhp965cBVUYwFWjGXvygQOsWjTEDYi-3VI0cWlo?ext=png"",""type"":""image/png""}]",500,"TWRCMMNTY"
"[""6wmG5d2qrzjrn2jFxM3oSKJk9bqXiikgw7HwvftqRWj9"",""37ca68vkcNcvG6nW3bzpsynjVBt1gTuo3Ue5TBBhraWC""]","CASSETS GEN-2#461","[0,100]","","https://arweave.net/-97-8bn-s37lBIiJjD4afp9IBcn_vd9D_679qSe_n5g","[1,0]",true,"C11usUbezi8kDoTitf87DiPXv523NDZKdcXe2di9wqoN",true,"2F5o7VsiZzjKmzzeWL8sFm1dq7UWnNnZmqxRQ669kEXv","https://explorer.solana.com/address/C11usUbezi8kDoTitf87DiPXv523NDZKdcXe2di9wqoN","[{""trait_type"":""Background"",""value"":""Pink""},{""trait_type"":""Casset"",""value"":""White""},{""trait_type"":""Sticker"",""value"":""Grey""},{""trait_type"":""Wheel"",""value"":""Blue""},{""trait_type"":""Side"",""value"":""A""},{""trait_type"":""Track"",""value"":""FIELDS 4""}]","Tunes By Cassets","GEN-2","CASSETS. The digital cassette asset.",,"https://www.arweave.net/YRwSw16rqATxz3fpTDgheGtyYqq7G44Acu3iOqYeKYU?ext=png","CASSETS GEN-2#461","video","[{""address"":""37ca68vkcNcvG6nW3bzpsynjVBt1gTuo3Ue5TBBhraWC"",""share"":100}]","[{""uri"":""https://www.arweave.net/YRwSw16rqATxz3fpTDgheGtyYqq7G44Acu3iOqYeKYU?ext=png"",""type"":""image/png""},{""uri"":""https://www.arweave.net/GBeCnq78ycKnePncsHocsmD8QMcrTnKA55b61X_yujg?ext=mp4"",""type"":""video/mp4""}]",500,""
"[""HgnUqjXCGUmLqjsHHZNK4hpJZwqfr8JHsCiaFXzpycnt"",""7GLTRMT5U8ANioxzNiGoLmsZFqE4h3JQvxqKysVLVhys""]","Invitation: Royal Bears","[0,100]","RBI","https://arweave.net/3TL7P0vljbwR7XsooE0F2-TEE_A4p7a1KuuUnlbaLxE","[1,0]",true,"J5gtU7PLv43JH2eVR8b48bneYyvAvtANVQyqs5urrZbx",true,"7GLTRMT5U8ANioxzNiGoLmsZFqE4h3JQvxqKysVLVhys","https://explorer.solana.com/address/J5gtU7PLv43JH2eVR8b48bneYyvAvtANVQyqs5urrZbx",,,,"Congratulations on receiving this Royal invite! The bears have recognized you as a special individual. Be sure to check us out on Twitter and royalbears.art — and also, be sure to keep a diamond-handed hold of this NFT...",454,"https://arweave.net/fQ9-eTzeuU9qYWZczdC84dpt8r-eWbVjgUOOHYVUMbE?ext=png","Invitation: Royal Bears","image","[{""address"":""7GLTRMT5U8ANioxzNiGoLmsZFqE4h3JQvxqKysVLVhys"",""share"":100}]","[{""uri"":""https://arweave.net/fQ9-eTzeuU9qYWZczdC84dpt8r-eWbVjgUOOHYVUMbE?ext=png"",""type"":""image/png""}]",0,"RBI"
"[""BHVPUojZvH2mWo5T6ZCJQnyqMTe4McHsXGSJutezTPGE"",""61fgi854Kqmb1FNJCesw1ne5XAbNyYZve8zsRZ8RFvay"",""71uN5389zcq9P8BwarSPZoaV1vrfBg79yjCRGCP6xwP6"",""9dFxBPegtpQ6JamTY5DJxU4Cxwdp6jDXLZjspXM98DfZ"",""3EXmFGDjNANrxievsT4wdhKfYSZd3BNpn4B7qfPZquq9""]","SaibaGang #775","[0,70,20,5,5]","SBAGNG","https://arweave.net/Zr36THNXflzD3ERgYoVHAB_DXbEhIdj9hYbSFj9-4TE","[1,0,0,0,0]",true,"9GAJ78dXoJfmmNFc6GSFTAp3b1vPRbHoqnRE7z36HLGw",true,"BNi8NV97p2J41wnK9amVpaXD43dZzLpDDZyAsQwuNXps","https://explorer.solana.com/address/9GAJ78dXoJfmmNFc6GSFTAp3b1vPRbHoqnRE7z36HLGw","[{""trait_type"":""division"",""value"":""industrial""},{""trait_type"":""extra"",""value"":""neon katana""},{""trait_type"":""skin"",""value"":""default""},{""trait_type"":""outfit"",""value"":""tech jacket""},{""trait_type"":""accessories"",""value"":""blue neon bars""},{""trait_type"":""eyes"",""value"":""saiba x""},{""trait_type"":""hair"",""value"":""short red and black""},{""trait_type"":""mouth"",""value"":""smoking""}]","SaibaGang","SaibaGang",,,"https://www.arweave.net/pu9i8JgvRybXiaFKRX4Nd2_JeKnMCV6XdCWjHF4mF6k?ext=png","SaibaGang #775",,"[{""address"":""61fgi854Kqmb1FNJCesw1ne5XAbNyYZve8zsRZ8RFvay"",""share"":70},{""address"":""71uN5389zcq9P8BwarSPZoaV1vrfBg79yjCRGCP6xwP6"",""share"":20},{""address"":""9dFxBPegtpQ6JamTY5DJxU4Cxwdp6jDXLZjspXM98DfZ"",""share"":5},{""address"":""3EXmFGDjNANrxievsT4wdhKfYSZd3BNpn4B7qfPZquq9"",""share"":5}]","[{""uri"":""https://www.arweave.net/pu9i8JgvRybXiaFKRX4Nd2_JeKnMCV6XdCWjHF4mF6k?ext=png"",""type"":""image/png""}]",500,"SBAGNG"
"[""SoLMeE9Pw7Y1r9mJTGBQ7BrgQAa9DMErV2WnaYZ1Z9t"",""2XV3AUsW5oamNgarZXfjoz4fHYkLfxN1DwBa239ijN1P""]","SolMee #11198","[50,50]","","https://www.arweave.net/k0vyYq-sPbmSG2La5cNsTFivuO1BSpdcgpR_LPZ7VNk","[1,1]",false,"4EpPP4CG7fZave9V7TAhCKAReH1ydQkXeGr74RDLTviA",false,"SoLMeE9Pw7Y1r9mJTGBQ7BrgQAa9DMErV2WnaYZ1Z9t","https://explorer.solana.com/address/4EpPP4CG7fZave9V7TAhCKAReH1ydQkXeGr74RDLTviA","[{""trait_type"":""Type"",""value"":""Human"",""trait_count"":18725},{""trait_type"":""Glasses"",""value"":""Sunglasses"",""trait_count"":1076},{""trait_type"":""Hair Color"",""value"":""Dark"",""trait_count"":11616},{""trait_type"":""Hair Style"",""value"":""Pulled Back"",""trait_count"":747},{""trait_type"":""Pants"",""value"":""Skirt"",""trait_count"":2364},{""trait_type"":""Pants Color"",""value"":""Dark Red"",""trait_count"":1295},{""trait_type"":""Shirt"",""value"":""Oversized Hoodie"",""trait_count"":1111},{""trait_type"":""Shirt Color"",""value"":""Black"",""trait_count"":3101},{""trait_type"":""Shoes"",""value"":""High Boots"",""trait_count"":679}]","Solana Mees","Solana Mees","Solmee #11198 is one of 20,000 3D voxel characters from the Solana Mees collection. Minted on solmees.com",,"https://www.arweave.net/vIMCJk5Y4sMQ73WsVvIqTpgmP5clTOz48ePiJCbGURs?ext=jpg","SolMee #11198","vr","[{""address"":""SoLMeE9Pw7Y1r9mJTGBQ7BrgQAa9DMErV2WnaYZ1Z9t"",""verified"":true,""share"":50},{""address"":""2XV3AUsW5oamNgarZXfjoz4fHYkLfxN1DwBa239ijN1P"",""verified"":true,""share"":50}]","[{""uri"":""https://www.arweave.net/vIMCJk5Y4sMQ73WsVvIqTpgmP5clTOz48ePiJCbGURs?ext=jpg"",""type"":""image/jpeg""},{""uri"":""https://www.arweave.net/vkdel0SbavKlRTiaHgC3EJBuvufxir0fzI7Ngpd6YlE?ext=glb"",""type"":""glb""}]",1000,""
"[""CRygbqQDcT1W9y75yWRGxRu47agMgxX77fFixb6LHJaV"",""2is2NRunEwhotCQrRFXt2w3Fy2Vdo6pasiWzJK4HpcQU"",""8fX9saaTVDBDHy7HzGApyenwiJ9SPVrHRw7ATM13bZEw"",""4J4DCdYLbt2oCCAPdFC15Au9njJmvQNWqBQbaSa8W8nu"",""CTzYhmFELbtG53dAr88W1UMfybtDBKvzraSDnR3oGXuq""]","SKYLINE #0422","[0,25,25,25,25]","SKY","https://arweave.net/JskSPrtWNt5xTKpv597aEixvwHYJfQx6-CIaxEbU7Ug","[1,0,0,0,0]",true,"4CZxYt9ozoq9xbq9bsWsarBLmpBhi2ViZHiyD7yM8qWy",true,"skypUwvYXB788P9zmBX3i2uUgvWidSTCpnhnE9p7rgK","https://explorer.solana.com/address/4CZxYt9ozoq9xbq9bsWsarBLmpBhi2ViZHiyD7yM8qWy","[{""trait_type"":""Sky"",""value"":""Midnight with Clouds""},{""trait_type"":""Sky Object"",""value"":""None""},{""trait_type"":""Focal Point"",""value"":""City""},{""trait_type"":""Land Type"",""value"":""Prairie""},{""trait_type"":""Land Object"",""value"":""None""},{""trait_type"":""Porch"",""value"":""Black Porch""},{""trait_type"":""Porch Object"",""value"":""GM Cup""},{""trait_type"":""Porch Feet"",""value"":""Boat shoes""}]","Skyline NFT","Skyline","Enjoy the view! Skyline is a series of 5555 beautiful skies, lands and shorelines.",,"https://www.arweave.net/i1PhomXiNumh76JEmBS9i2MK7EMKxuAoVUjREtXesJw?ext=png","SKYLINE #0422",,"[{""address"":""2is2NRunEwhotCQrRFXt2w3Fy2Vdo6pasiWzJK4HpcQU"",""share"":25},{""address"":""8fX9saaTVDBDHy7HzGApyenwiJ9SPVrHRw7ATM13bZEw"",""share"":25},{""address"":""4J4DCdYLbt2oCCAPdFC15Au9njJmvQNWqBQbaSa8W8nu"",""share"":25},{""address"":""CTzYhmFELbtG53dAr88W1UMfybtDBKvzraSDnR3oGXuq"",""share"":25}]","[{""uri"":""https://www.arweave.net/i1PhomXiNumh76JEmBS9i2MK7EMKxuAoVUjREtXesJw?ext=png"",""type"":""image/png""}]",600,"SKY"
"[""5964J6rEtxAjHtS1LYPjtyqt9BRSwS5q5BuBSBdvKH9L"",""4ajkFEh7d4C8scxngPtBxBKB5K4YvMzw2qsvFTiEGj2x"",""DZadZt3jtTwG9gRRfRdtCJKPsVebgAWccBPSZvNYejjx"",""RRUMF9KYPcvNSmnicNMAFKx5wDYix3wjNa6bA7R6xqA""]","LazyHeros #1172","[0,70,20,10]","LH","https://ipfs.io/ipfs/Qmcm5UzUNrdKAY3yv4yexrnnEyc2LSfyS4UmZJwAk5tjng","[1,0,0,0]",true,"6W7o1zxdecJ2pygnNcmT18TQtYwznKrszcc8rQUfmofD",true,"HRUNCDj1jQfvLXc7AheMtAPHP7S32qRTtwnhPV5RqY6J","https://explorer.solana.com/address/6W7o1zxdecJ2pygnNcmT18TQtYwznKrszcc8rQUfmofD","[{""trait_type"":""Back"",""value"":""Cat Butt""},{""trait_type"":""Background"",""value"":""Orange""},{""trait_type"":""Ear Accessory"",""value"":""No Earring""},{""trait_type"":""Eyes"",""value"":""Bored""},{""trait_type"":""Eye Accessory"",""value"":""Las Vegas""},{""trait_type"":""Head"",""value"":""Sombrero""},{""trait_type"":""Mouth"",""value"":""Nacho Mustache""},{""trait_type"":""Outfit"",""value"":""Hawaiian Shirt""},{""trait_type"":""Skin"",""value"":""Tanned""}]","Lazy Heroes","Lazy Heroes","One of the 2000 Lazy Heroes coming to save Solana, one burger at a time. Made by Alro.",,"https://ipfs.io/ipfs/QmT1eVAAKvHkXiPXZpWxBXWUriB119CgsAC9LiaQWrkw7x","Lazy Hero #1171","image","[{""address"":""4ajkFEh7d4C8scxngPtBxBKB5K4YvMzw2qsvFTiEGj2x"",""share"":70},{""address"":""DZadZt3jtTwG9gRRfRdtCJKPsVebgAWccBPSZvNYejjx"",""share"":20},{""address"":""RRUMF9KYPcvNSmnicNMAFKx5wDYix3wjNa6bA7R6xqA"",""share"":10}]","[{""uri"":""https://ipfs.io/ipfs/QmT1eVAAKvHkXiPXZpWxBXWUriB119CgsAC9LiaQWrkw7x"",""type"":""image/png""}]",869,"LH"
"[""7AikoQkN9tY65MDeExyh8mRqSEYcrbunD1QppKKdgNnT"",""AoJh2CSxTsykq39QVqj5DAmcVBsirWXGSNqR7qzqaDPA"",""DHqNgQBEKJ3vJGmAPkQgFhUFW6E36wfPi1qu3U1f6poM""]","SOLSHEEP#9827","[0,50,50]","SOLSHEEP","https://arweave.net/t1TggdUkQPc1L8QQQmaJe5o9BtBf2rSVt5Ly5ALlgWs","[1,0,0]",true,"6YUS4xnmkHY3n6dD6KPXLbwZw4urXs1LoxkJe2mhwErf",true,"3UQMGHhujemoTqwnUyPaE2rCvUVpFmKFEXFR3rZFmVtQ","https://explorer.solana.com/address/6YUS4xnmkHY3n6dD6KPXLbwZw4urXs1LoxkJe2mhwErf","[{""trait_type"":""Background"",""value"":""green""},{""trait_type"":""Body"",""value"":""basebody white""},{""trait_type"":""Body Clothing"",""value"":""basebody black""},{""trait_type"":""Ear"",""value"":""basesheepear brown""},{""trait_type"":""Ear Top"",""value"":""eartop""},{""trait_type"":""Head"",""value"":""punkhair yellow""},{""trait_type"":""Mask"",""value"":""masksheep grey""},{""trait_type"":""Face"",""value"":""basefaceskin""},{""trait_type"":""Mouth"",""value"":""mouthopen""},{""trait_type"":""Nose"",""value"":""basenose""},{""trait_type"":""Eyes"",""value"":""base eyes""},{""trait_type"":""Laser"",""value"":""red""},{""trait_type"":""Special Sheep"",""value"":""Laser Eyes""}]",,,"10,000 cute and collectible randomly generated sheep living on the Solana farm.",1,"https://www.arweave.net/PNe5Y6Nmfy2sAM9iLzvTp-ocKCliwaSccMA51-GcpAI?ext=png","SOLSHEEP#9827","image","[{""address"":""AoJh2CSxTsykq39QVqj5DAmcVBsirWXGSNqR7qzqaDPA"",""share"":50},{""address"":""DHqNgQBEKJ3vJGmAPkQgFhUFW6E36wfPi1qu3U1f6poM"",""share"":50}]","[{""uri"":""https://www.arweave.net/PNe5Y6Nmfy2sAM9iLzvTp-ocKCliwaSccMA51-GcpAI?ext=png"",""type"":""image/png""}]",800,"SOLSHEEP"
"[""67wUomiKg7joQmaf9MiSeCc656WSMBPk5imVp6MfDwnB"",""BPFxj4DSN4r8bJtFzoo3pPmdiAM5aNapNkqHwZxj2vRE"",""CqQnLhBhi2SJ5gm6rEL48XXr4xVdVAip5PaV2B6CcuwA""]","Unirex#4710","[0,0,100]","UNIREXCITY","https://arweave.net/K6m6IO4MLVyj_oFqVMSauxRkqq62nyXleeCzAWtYmn0","[1,0,0]",true,"657Cfqo52ChhrynCwMmzczSkwkQaK1ezyqiXuhzvcm1v",true,"CqQnLhBhi2SJ5gm6rEL48XXr4xVdVAip5PaV2B6CcuwA","https://explorer.solana.com/address/657Cfqo52ChhrynCwMmzczSkwkQaK1ezyqiXuhzvcm1v","[{""trait_type"":""Type"",""value"":""Unirex""},{""trait_type"":""Skin"",""value"":""Glossy""},{""trait_type"":""Body cut"",""value"":""Triangles""},{""trait_type"":""Scar"",""value"":""No trait""},{""trait_type"":""Tattoos"",""value"":""No trait""},{""trait_type"":""Tattoos count"",""value"":0},{""trait_type"":""Body color 1"",""value"":""Delphinium""},{""trait_type"":""Body color 2"",""value"":""Hydrangea""},{""trait_type"":""Jaw"",""value"":""Open""},{""trait_type"":""Gaze"",""value"":""Bored""},{""trait_type"":""Eyes colors"",""value"":""Aerospace orange/Canary""},{""trait_type"":""Pupil"",""value"":""Snake""},{""trait_type"":""Arm"",""value"":""Open outward""},{""trait_type"":""Glasses"",""value"":""No trait""},{""trait_type"":""Hat"",""value"":""Black beanie""},{""trait_type"":""Teeth"",""value"":""Silver Grillbill""},{""trait_type"":""Hand objects"",""value"":""No trait""},{""trait_type"":""Jewelries"",""value"":""No trait""},{""trait_type"":""Jewelries count"",""value"":0},{""trait_type"":""Background"",""value"":""Latte""},{""trait_type"":""Clothing piece 1"",""value"":""Original""},{""trait_type"":""Clothing piece 2"",""value"":""No trait""},{""trait_type"":""Clothing accessory"",""value"":""No trait""},{""trait_type"":""Sequence"",""value"":""10123-3504""},{""trait_type"":""Attributes count"",""value"":13}]","Unirexcity (Gen 1)","Unirexcity","Each Unirex is a precious ticket to the future city of Unirexcity. Keep it safe.",,"https://www.arweave.net/Wq7a2EumEZQWraNbZPb-iuG3eaC2iv_qYlNvbYl1iyo?ext=png","Unirex#4710","image","[{""address"":""BPFxj4DSN4r8bJtFzoo3pPmdiAM5aNapNkqHwZxj2vRE"",""share"":0},{""address"":""CqQnLhBhi2SJ5gm6rEL48XXr4xVdVAip5PaV2B6CcuwA"",""share"":100}]","[{""uri"":""https://www.arweave.net/Wq7a2EumEZQWraNbZPb-iuG3eaC2iv_qYlNvbYl1iyo?ext=png"",""type"":""image/png""}]",800,"UNIREX"
"[""EZPAFz3qZqZPDp3TUh8B3kep6hNaw8HGuwUPgeek1qnE"",""4ZrafjNeNZpQwMyaW6K8KWABguNpmxX1i9MxEDK6LN5r""]","Solluminati #357","[0,100]","SOLL","https://arweave.net/ko8AYnF6G6iJP5VSj_vu4h7TUHT5MUSCBYBuzZqcJuo","[1,0]",true,"YRSJHoRXiYNH9REkdwGpWdHvQwYqUtwTeydsgUWNWG3",true,"BkTZrmzzKBytAzmEUqJFyASgPqBLhwLyDJyxqm1EL3S9","https://explorer.solana.com/address/YRSJHoRXiYNH9REkdwGpWdHvQwYqUtwTeydsgUWNWG3","[{""trait_type"":""Background"",""value"":""Hell""},{""trait_type"":""Race"",""value"":""Faceless""},{""trait_type"":""Eyes"",""value"":""None""},{""trait_type"":""Forehead Eye"",""value"":""Red""},{""trait_type"":""Costume"",""value"":""Black Cloak""},{""trait_type"":""Mouth"",""value"":""None""},{""trait_type"":""Accessory"",""value"":""None""},{""trait_type"":""Hand Item"",""value"":""Grey Skull""},{""trait_type"":""Faction"",""value"":""House of Degen""}]","SOLLUMINATI","SOLLUMINATI: The Solluminati","The Solluminati have arrived. Masters of their own faith, the puppeteers of the world, the ones that create unimaginable wealth. 6666 SoIlluminati NFTs gathered under the guidance of The Eye to give access to the most powerful knowledge tools in the Solana Metaverse.",,"https://www.arweave.net/BKCCfJ3D4jWV356zSQ0EcckjP0Bds0_EfmqjLb97vFo?ext=png","Solluminati #357","image","[{""address"":""4ZrafjNeNZpQwMyaW6K8KWABguNpmxX1i9MxEDK6LN5r"",""share"":100}]","[{""uri"":""https://www.arweave.net/BKCCfJ3D4jWV356zSQ0EcckjP0Bds0_EfmqjLb97vFo?ext=png"",""type"":""image/png""}]",500,"SOLL"
"[""JCTSK3K3vbLxMMwphRrWjoJPYD3rZKur2KT6eS8Mv6Bd"",""GtV2CDg1S2k5ZJDRCNwErZLFNmK6PS7fx3GYeewCC7zg"",""daoXo7FeRBb4gonerEKhGB5X8rkC9ag16s7cspLYR9g""]","Glitched JungleCats #3989","[1,50,49]","JCG","https://arweave.net/gsqvZxm3F_qOA3TkmD_Gny1LCKm-0H1N54_mKGv3yRw","[0,0,0]",true,"2juKCnxHJ6wnepXfaxdVAmAWWqXLX5BJrEwqCHTzureB",false,"JCTSK3K3vbLxMMwphRrWjoJPYD3rZKur2KT6eS8Mv6Bd","https://explorer.solana.com/address/2juKCnxHJ6wnepXfaxdVAmAWWqXLX5BJrEwqCHTzureB","[{""trait_type"":""background"",""value"":""Purple""},{""trait_type"":""cleanliness"",""value"":""dirty""},{""trait_type"":""special"",""value"":""none""},{""trait_type"":""inverted"",""value"":""normal""},{""trait_type"":""seed"",""value"":""45-8-29-30""}]","JungleCats Stash","Glitched Jungle Cats","No cage can contain a JungleCat. There's been a major glitch, and the calm of the jungle has broken. The cats are awake, and they're about to make some noise.",,"https://arweave.net/JFf7blZPONNsT4kJ0_axkonzcGPLA5dE4HbeRZWOsXE?ext=jpg","Glitched JungleCats #3989","image","[{""address"":""JCTSK3K3vbLxMMwphRrWjoJPYD3rZKur2KT6eS8Mv6Bd"",""share"":1},{""address"":""GtV2CDg1S2k5ZJDRCNwErZLFNmK6PS7fx3GYeewCC7zg"",""share"":50},{""address"":""daoXo7FeRBb4gonerEKhGB5X8rkC9ag16s7cspLYR9g"",""share"":49}]","[{""uri"":""3989?ext=jpg"",""type"":""image/jpg""}]",1000,"JCG"
"[]","EXCHANGE NOTIFICATION NFT","[]","","https://cdn.exchange.art/comm_token/issued_tokens_metadata/uri-1635817188062.json","[]",true,"8Rs2aJgLunoEx6UFkfi2CqLT1gQv5TZqovZZQrGdmF91",false,"EgqxBkbNczXsgBmnkQ6VyKF6qRK446UGMgWhMed1L9c6","https://explorer.solana.com/address/8Rs2aJgLunoEx6UFkfi2CqLT1gQv5TZqovZZQrGdmF91","[{""trait_type"":""Status"",""value"":""Basic""},{""value"":""0"",""trait_type"":""Sales""},{""trait_type"":""Buys"",""value"":""0""},{""value"":""0"",""trait_type"":""Total transactions""},{""value"":""0"",""trait_type"":""Buy volume""},{""trait_type"":""Sales volume"",""value"":""0""},{""trait_type"":""Total Volume"",""value"":""0""}]",,,"This is your EXCHANGE.ART Notification NFT. Check this token to monitor new offers on your NFTs and get alerts on accepted offers. Your status will rise as you buy and sell on EXCHANGE.",,"https://cdn.exchange.art/comm_token/background_images/1_D.jpg","EXCHANGE NOTIFICATION NFT","image","[{""address"":""EgqxBkbNczXsgBmnkQ6VyKF6qRK446UGMgWhMed1L9c6"",""share"":100}]","[{""type"":""image/jpg"",""uri"":""https://cdn.exchange.art/comm_token/background_images/1_D.jpg""}]",100,"ECT"
"[""B3GANjYYij2URmNcws8JYcJc4hkraZymw9GcDUxA8mQb"",""B47XPwArv5qMhgGaqThT2iS7MaZRLCm7Js4oJnYodgve""]","BilliBox #69","[0,100]","BilliBox","https://arweave.net/TkB79mE8KmFIwwsomNiZbnvdFSDvXrvhM6BNfBTKAfM","[1,0]",true,"DJpExrEj6Ybf4bgcUasdBC6PJ2WgUdkiJY1ht7zdFC3Q",true,"4H43AT6UPwH7AvWoJRHW3jteR9RiSAofrW2ifeMAgF5C","https://explorer.solana.com/address/DJpExrEj6Ybf4bgcUasdBC6PJ2WgUdkiJY1ht7zdFC3Q","[{""trait_type"":""Background"",""value"":""Green""},{""trait_type"":""Paper"",""value"":""Brownbag""},{""trait_type"":""Pattern"",""value"":""Festive""},{""trait_type"":""Bow"",""value"":""Gold Loop""},{""trait_type"":""Vintage"",""value"":""Dec 2021""}]","Billibox","Billionaire Boxes","",,"https://www.arweave.net/Lveeur4Ggk5jkqAUNaUNDvAV07wmS1X8cAak9c8zNIE?ext=png","BilliBox #69","image","[{""address"":""B47XPwArv5qMhgGaqThT2iS7MaZRLCm7Js4oJnYodgve"",""share"":100}]","[{""uri"":""https://www.arweave.net/Lveeur4Ggk5jkqAUNaUNDvAV07wmS1X8cAak9c8zNIE?ext=png"",""type"":""image/png""}]",750,"BilliBox"
"[""BnifvkWmd8z63m2T64xuaarnvwRt3Kw8GGfbC4J4kCG2""]","HazyHippo #3362","[100]","","https://arweave.net/oGV2KRtasALw6SnRfHjWc7X9r0vFy-T50llcLOhwMNE","[1]",false,"DFdUaHHKJvop48oTyBaC23eEq61jHiHqtTbhw6961FhK",false,"BnifvkWmd8z63m2T64xuaarnvwRt3Kw8GGfbC4J4kCG2","https://explorer.solana.com/address/DFdUaHHKJvop48oTyBaC23eEq61jHiHqtTbhw6961FhK","[{""trait_type"":""Background"",""value"":""Yellow""},{""trait_type"":""Body"",""value"":""Stone""},{""trait_type"":""Clothes"",""value"":""Business Suit""},{""trait_type"":""Head"",""value"":""Pirate Hat""},{""trait_type"":""Eyes"",""value"":""Monocle""},{""trait_type"":""Teeth"",""value"":""Gold Tooth""},{""trait_type"":""Mouth"",""value"":""None""}]","HazyHippos","HazyHippos","5,000 stoned, fashionable, & collectible Hippos all living on the Solana blockchain",,"https://arweave.net/8AGb6p96D4fNnOpxKDcGvATN1aZ8qLYuEmgEOxppVjU","HazyHippo #3362","image","[{""address"":""GSSwJWn3qKxtDc32wvUeCmcPVEWh1tZJnFc3NyQhdFMn"",""share"":75},{""address"":""5KRu65NvuPuZpmDTUZEFCoEUDevAxKbFgAgwM4UxvP4W"",""share"":25}]","[{""uri"":""https://arweave.net/8AGb6p96D4fNnOpxKDcGvATN1aZ8qLYuEmgEOxppVjU"",""type"":""image/png""}]",500,""
"[""2vQfvY7inzfgVjzzxoNGEc7ZYmChqAWZJAtVUQXtgotx"",""EEgrfJLLdEo8GdP25BCLAaEAofcGq7Bq1Qpb9ZrXizGm""]","Pawnshop gnomie #4036","[0,100]","PWNG","https://arweave.net/kUqZpbRKSq2L-Fok1InB3jh5UuqZrVwDx5NcmR3OmcI","[1,1]",true,"BkLiu2vpaRqBk3yZWxqR3sXA8k5s6o1yxknpdYgFJGZf",true,"E3rcqSugG7T3ToSbpa1Nb3Z9Qj4gDNmZW6XV1U6FXvbD","https://explorer.solana.com/address/BkLiu2vpaRqBk3yZWxqR3sXA8k5s6o1yxknpdYgFJGZf","[{""trait_type"":""Background"",""value"":""Blue""},{""trait_type"":""Body"",""value"":""Giraffe""},{""trait_type"":""Cloth"",""value"":""Cop vest""},{""trait_type"":""Beard"",""value"":""Swirl""},{""trait_type"":""Hat"",""value"":""No hat""},{""trait_type"":""Ears"",""value"":""Nothing""},{""trait_type"":""Eyes"",""value"":""Classic""},{""trait_type"":""Mouth"",""value"":""Nothing""}]","Pawnshop Gnomies","Pawnshop Gnomies","DAO-based NFT pawnshop",,"https://www.arweave.net/shxg_fT-OH9zxlK07-mD7qaLZwO8rv8iGHGMfrxdoNs?ext=png","Pawnshop gnomie #4036","image","[{""address"":""EEgrfJLLdEo8GdP25BCLAaEAofcGq7Bq1Qpb9ZrXizGm"",""share"":100}]","[{""uri"":""https://www.arweave.net/shxg_fT-OH9zxlK07-mD7qaLZwO8rv8iGHGMfrxdoNs?ext=png"",""type"":""image/png""}]",500,"PWNG"
"[""DdaLjdsRy4oXqggSecuX1zv7Ggv5BTjawGW4V2zToZ9L"",""8skFHYNmoM7oNubHyQDmTuktVDaXyzuv5SVQLPb5maKY""]","Cat Cartel #2157","[0,100]","CC","https://arweave.net/qWlnuct7m6Xf8Mh1X3cvwIOT2YYQOfvXuqj7uPK-diQ","[1,0]",true,"8VZfdMZkk4KdTtsRx8FXzoNcvnk4DwGNWaejov7WW4Z6",true,"2xWhmKi8iukr3R6bNWRtdQVE8qzLYo9Epz6fErj9tRdQ","https://explorer.solana.com/address/8VZfdMZkk4KdTtsRx8FXzoNcvnk4DwGNWaejov7WW4Z6","[{""trait_type"":""Background"",""value"":""Grey""},{""trait_type"":""Body"",""value"":""Brown""},{""trait_type"":""Outfit"",""value"":""No Shirt""},{""trait_type"":""Neck"",""value"":""No Necklace""},{""trait_type"":""Mouth"",""value"":""Closed Fangs""},{""trait_type"":""Eyes"",""value"":""Winking""},{""trait_type"":""Headwear"",""value"":""Beanie Purple""}]",,,"3 Cartels, 1 City and an overarching power struggle over the Zion drug trade.",2157,"https://www.arweave.net/YlMvU42DVtExBCItmsvKLY34qQ6Nm6IHicc7YerW_64?ext=png","Cat Cartel #2157","image","[{""address"":""8skFHYNmoM7oNubHyQDmTuktVDaXyzuv5SVQLPb5maKY"",""share"":100}]","[{""uri"":""https://www.arweave.net/YlMvU42DVtExBCItmsvKLY34qQ6Nm6IHicc7YerW_64?ext=png"",""type"":""image/png""}]",600,"CC"
"[""6PTSaVPGLzzgAqw9veQUVKhW2ggsEaV5ghBeLsQn2GVN"",""FHJKrc5MJJQLhj2FqiTfNnvLj59wEmaXVfozmp7JKj2A""]","The Tower #66-16","[0,100]","TWRDAO","https://arweave.net/XLmVZR1bDHn7eUNU5ZtMqwysdTfLzNvNTiNkMu9iqTY","[1,1]",true,"HjAtVGzJk8GyEJhWkEopUs8ZvuBen221Z23cLn3aoaG5",true,"GcrjZXzmNDyGDt646hy4ziWNa5ziGAMNdXGdQcDtnBaV","https://explorer.solana.com/address/HjAtVGzJk8GyEJhWkEopUs8ZvuBen221Z23cLn3aoaG5","[{""trait_type"":""Story"",""value"":66},{""trait_type"":""Room"",""value"":16},{""trait_type"":""Wall"",""value"":""Bronze Metal""},{""trait_type"":""Wall Item"",""value"":""Neon Gm Sign""},{""trait_type"":""Floor"",""value"":""White Slate""},{""trait_type"":""Floor Item"",""value"":""Fish""},{""trait_type"":""Big Item"",""value"":""Brown Chairwplant""},{""trait_type"":""Small Item 1"",""value"":""Bike""},{""trait_type"":""View"",""value"":""Purple""},{""trait_type"":""Background"",""value"":""Black""}]","TowerDAO","The Tower","Residences inside a futuristic skyscraper in the metaverse. Home of the TowerDAO.",,"https://www.arweave.net/maJ-8FiAqjPxYSGHRrsA2vXpoIqYokHr6_-w9AjzL5U?ext=png","The Tower #66-16","image","[{""address"":""FHJKrc5MJJQLhj2FqiTfNnvLj59wEmaXVfozmp7JKj2A"",""share"":100}]","[{""uri"":""https://www.arweave.net/maJ-8FiAqjPxYSGHRrsA2vXpoIqYokHr6_-w9AjzL5U?ext=png"",""type"":""image/png""}]",500,"TWRDAO"
"[""55a3F4WfPUpQCTKwaAcPodaYCLd4gWC2tyVa7ceQtRnR"",""B9hZvk6kGnwZmdNrgvwu6Cj5gvQmBbYp2mdtjX28DkUt""]","Stock Tylers #1884","[0,100]","STOCK","https://arweave.net/vFxuIqZE9kucmRjuP7iuc2Qp70f0YEAeNN2jc7dLeaE","[1,0]",true,"2NKbCJbC2VwPrAR637hTtSP2jPUxUBASHiHm5VznJL5V",true,"B9hZvk6kGnwZmdNrgvwu6Cj5gvQmBbYp2mdtjX28DkUt","https://explorer.solana.com/address/2NKbCJbC2VwPrAR637hTtSP2jPUxUBASHiHm5VznJL5V","[{""trait_type"":""Background"",""value"":""Pastel""},{""trait_type"":""Head"",""value"":""Jones Hat""},{""trait_type"":""Neck"",""value"":""Silk Scarf""},{""trait_type"":""Ear"",""value"":""None""},{""trait_type"":""Body"",""value"":""White Tanker""},{""trait_type"":""Skin"",""value"":""Zombie""},{""trait_type"":""Extras"",""value"":""Smiley Faces""},{""trait_type"":""Eyes"",""value"":""Ski Goggles""},{""trait_type"":""Expression"",""value"":""Neutral""}]","Stock Tylers","Stock Tylers","2222 Stock Photos of Tyler on the Solana Network.",,"https://www.arweave.net/CZD-Dm3ydMH05KypIyf32uphC0woA7DmoxB64VfmHgE?ext=jpg","Stock Tylers #1884","image","[{""address"":""B9hZvk6kGnwZmdNrgvwu6Cj5gvQmBbYp2mdtjX28DkUt"",""share"":100}]","[{""uri"":""https://www.arweave.net/CZD-Dm3ydMH05KypIyf32uphC0woA7DmoxB64VfmHgE?ext=jpg"",""type"":""image/jpg""}]",690,"STOCK"
"[""55a3F4WfPUpQCTKwaAcPodaYCLd4gWC2tyVa7ceQtRnR"",""B9hZvk6kGnwZmdNrgvwu6Cj5gvQmBbYp2mdtjX28DkUt""]","Stock Tylers #246","[0,100]","STOCK","https://arweave.net/1bak5KEF6pe_armEgJclsXcw_GiUg9zUuMXx_YGOjAQ","[1,0]",true,"7x52yJE3gjSiATqtPdvCzs3XZTZxi5McKddqKPDVt56D",true,"B9hZvk6kGnwZmdNrgvwu6Cj5gvQmBbYp2mdtjX28DkUt","https://explorer.solana.com/address/7x52yJE3gjSiATqtPdvCzs3XZTZxi5McKddqKPDVt56D","[{""trait_type"":""Background"",""value"":""Legend of Tyler""},{""trait_type"":""Head"",""value"":""Legend of Tyler""},{""trait_type"":""Neck"",""value"":""Legend of Tyler""},{""trait_type"":""Ear"",""value"":""Legend of Tyler""},{""trait_type"":""Body"",""value"":""Legend of Tyler""},{""trait_type"":""Skin"",""value"":""Legend of Tyler""},{""trait_type"":""Extras"",""value"":""Legend of Tyler""},{""trait_type"":""Eyes"",""value"":""Legend of Tyler""},{""trait_type"":""Expression"",""value"":""Legend of Tyler""}]","Stock Tylers","Stock Tylers","2222 Stock Photos of Tyler on the Solana Network.",,"https://www.arweave.net/eVvg1g7uWXFbHy81K39BxWCQMZd9Jx0xLwQXM2WqGDQ?ext=jpg","Stock Tylers #246","image","[{""address"":""B9hZvk6kGnwZmdNrgvwu6Cj5gvQmBbYp2mdtjX28DkUt"",""share"":100}]","[{""uri"":""https://www.arweave.net/eVvg1g7uWXFbHy81K39BxWCQMZd9Jx0xLwQXM2WqGDQ?ext=jpg"",""type"":""image/jpg""}]",690,"STOCK"
"[""ENben1Vznp2rjfifaTqZE61G3hvMaB8vmBq5a3fvDLvK"",""F9hwNLJwTMvyozDMjmGF78sHyAAP9wqecvadJ2iKDMeF""]","SPSB #821","[0,100]","SPSB","https://arweave.net/53gWdnouVIBSDlSnzGJDoy3fDPSIdrlZHSgQj_FlEY8","[1,0]",true,"AaLJXmQPU1pF94tJ9REJQYjJQCpoeaXBhjwgfPTBJTwP",true,"7LHYEQcNAYAE5WAkYXztXrjU5f5D8zNQ6akHEaFKsm61","https://explorer.solana.com/address/AaLJXmQPU1pF94tJ9REJQYjJQCpoeaXBhjwgfPTBJTwP","[{""trait_type"":""background"",""value"":""Yellow""},{""trait_type"":""type"",""value"":""Og Green""},{""trait_type"":""mouth"",""value"":""Orange Sad Mouth""},{""trait_type"":""clothes"",""value"":""Og Blue Shirt""},{""trait_type"":""headwear"",""value"":""Cowboy Hat""},{""trait_type"":""eyewear"",""value"":""Yellow Glasses""},{""trait_type"":""cigar"",""value"":""None""}]","Solana Pepe Serious Business","Serious Pepes","Solana Pepe Serious Business is all about 6969 generated Pepe's doing serious business stuff.",,"https://www.arweave.net/WiR4YBxhV6TY6AHvA6emoy9gTOHutSs-OZkDiQYr6HE?ext=png","SPSB #821","image","[{""address"":""F9hwNLJwTMvyozDMjmGF78sHyAAP9wqecvadJ2iKDMeF"",""share"":100}]","[{""uri"":""https://www.arweave.net/WiR4YBxhV6TY6AHvA6emoy9gTOHutSs-OZkDiQYr6HE?ext=png"",""type"":""image/png""}]",500,"SPSB"
"[""3r6mM8a96xhZoBfv4BSK4xzw9FHBrvNry3uLau8dWtN4"",""9WG7S7PofNDrBeNp41vFwmy1BfDdgtTDNWay5KbKxp4t""]","PixTape #792","[100,0]","PixTape","https://pixtapes.com/metadata/792.json","[0,1]",true,"BwNRHEKMA87mHGC798XiJjimzfUKCRJ2frDZjHsXNsJV",true,"9WG7S7PofNDrBeNp41vFwmy1BfDdgtTDNWay5KbKxp4t","https://explorer.solana.com/address/BwNRHEKMA87mHGC798XiJjimzfUKCRJ2frDZjHsXNsJV","[{""trait_type"":""Background"",""value"":""Pink"",""rarity"":2747},{""trait_type"":""Tape"",""value"":""Yellow Dark"",""rarity"":3849},{""trait_type"":""Brand"",""value"":""Black Stripe Red Pink White C60"",""rarity"":4206},{""trait_type"":""Label"",""value"":""Label B"",""rarity"":1395},{""trait_type"":""Condition"",""value"":""Used"",""rarity"":693},{""trait_type"":""Artist"",""value"":""Leonard Cohen""},{""trait_type"":""Title"",""value"":""In My Secret Life""}]","PixTapes","PixTapes","Leonard Cohen - In My Secret Life",,"https://pixtapes.com/PixTapes/08726 - Leonard Cohen - In My Secret Life.jpg","PixTape #792 | Leonard Cohen - In My Secret Life","image","[{""address"":""3r6mM8a96xhZoBfv4BSK4xzw9FHBrvNry3uLau8dWtN4"",""share"":100}]","[{""uri"":""https://pixtapes.com/PixTapes/08726 - Leonard Cohen - In My Secret Life.jpg"",""type"":""image/jpg""}]",1500,"PixTapes"
"[""EJbJCBPaxdiSGvB4pWnZoegdLwEHQXiADv4D83FhpGgR"",""2DJNSpYzYpjG29hQihDoE2Ek4WULdhgfAxn1gooFfqUP"",""6njDFD4tsG1i9i7KrUmF83rYWjKf95CJcwUNpxcW98jK""]","Bully#1097","[0,50,50]","BB","https://arweave.net/W4QU-WhcfFyiBRe9clSzrAq_4m5MAYza7sEDCc8L52c","[1,0,0]",true,"DbU77vUceAB7ABvT5BcQrAt4sGLsLp8aMyX9T2vepZ1s",true,"5aQ8vbVYGZ5TYELu9GRrDLwbcfCqvQsVbVRbGhhH9T4C","https://explorer.solana.com/address/DbU77vUceAB7ABvT5BcQrAt4sGLsLp8aMyX9T2vepZ1s","[{""trait_type"":""Background"",""value"":""Grey""},{""trait_type"":""Head"",""value"":""Colored""},{""trait_type"":""Clothes"",""value"":""Yellow""},{""trait_type"":""Eyes"",""value"":""Emperor""},{""trait_type"":""Mouth"",""value"":""Mad""},{""trait_type"":""Hair"",""value"":""Fringe""}]","Buddy Bullies","Buddy Bullies Original","Uniquely generated bulldogs NFT prowling the streets of Solana Blockchain. www.buddybullies.com",1097,"https://www.arweave.net/aJzf5cBfUixRtWf8e1cwV3V02nZKHWR6Si_2G3rdJyg?ext=png","Bully#1097","image/png","[{""address"":""2DJNSpYzYpjG29hQihDoE2Ek4WULdhgfAxn1gooFfqUP"",""share"":50},{""address"":""6njDFD4tsG1i9i7KrUmF83rYWjKf95CJcwUNpxcW98jK"",""share"":50}]","[{""uri"":""https://www.arweave.net/aJzf5cBfUixRtWf8e1cwV3V02nZKHWR6Si_2G3rdJyg?ext=png"",""type"":""image/png""}]",600,"BB"
"[""3r6mM8a96xhZoBfv4BSK4xzw9FHBrvNry3uLau8dWtN4"",""9WG7S7PofNDrBeNp41vFwmy1BfDdgtTDNWay5KbKxp4t""]","PixTape #1356","[100,0]","PixTape","https://pixtapes.com/metadata/1356.json","[0,1]",true,"ADny1TgcpExddeZvajtbUCccFBy1nMyhMvXQByEwS2qa",true,"9WG7S7PofNDrBeNp41vFwmy1BfDdgtTDNWay5KbKxp4t","https://explorer.solana.com/address/ADny1TgcpExddeZvajtbUCccFBy1nMyhMvXQByEwS2qa","[{""trait_type"":""Background"",""value"":""Blue Grey"",""rarity"":2204},{""trait_type"":""Tape"",""value"":""Green Yellow"",""rarity"":2922},{""trait_type"":""Brand"",""value"":""Purple Grey White C60"",""rarity"":4051},{""trait_type"":""Label"",""value"":""Label B"",""rarity"":1395},{""trait_type"":""Condition"",""value"":""Used"",""rarity"":693},{""trait_type"":""Artist"",""value"":""Leonard Cohen""},{""trait_type"":""Title"",""value"":""Everybody Knows""}]","PixTapes","PixTapes","Leonard Cohen - Everybody Knows",,"https://pixtapes.com/PixTapes/09520 - Leonard Cohen - Everybody Knows.jpg","PixTape #1356 | Leonard Cohen - Everybody Knows","image","[{""address"":""3r6mM8a96xhZoBfv4BSK4xzw9FHBrvNry3uLau8dWtN4"",""share"":100}]","[{""uri"":""https://pixtapes.com/PixTapes/09520 - Leonard Cohen - Everybody Knows.jpg"",""type"":""image/jpg""}]",1500,"PixTapes"
"[""ALNcW6QDNf7H4iNiTM3FD16LZ4zMGyEeCYQiE1AbCoXk"",""Em4DcHQwUxhHfEWhz8aZABXU6nUADTGFBPKHoBhKZr9h""]","SOLGods 3096","[0,100]","SOLGods","https://arweave.net/pwTf2SNEoZF1ituzbFCmdNjBGGUk4trtu-9yyQnFtm4","[1,0]",true,"BF87EQCy1oHCopd3moq9zsn45yyANFZd9U6jB64jPrrL",true,"41PLzJby9zqiXjXnY5psHt6zf2X5uaDPiZ5wwRAPKAZM","https://explorer.solana.com/address/BF87EQCy1oHCopd3moq9zsn45yyANFZd9U6jB64jPrrL","[{""trait_type"":""Background"",""value"":""Black""},{""trait_type"":""Code"",""value"":""None""},{""trait_type"":""Back"",""value"":""None""},{""trait_type"":""Character"",""value"":""White""},{""trait_type"":""Torso"",""value"":""Vest Black""},{""trait_type"":""Eyes"",""value"":""Voodoo""},{""trait_type"":""Face"",""value"":""Hannibal""},{""trait_type"":""Head"",""value"":""None""}]","SOLGods","SOLGods",,,"https://www.arweave.net/xRx6YWE4iHBIlcH5-l1p7Yu6kz8xjYNrA37rGv8fO80?ext=png","SOLGods 3096",,"[{""address"":""Em4DcHQwUxhHfEWhz8aZABXU6nUADTGFBPKHoBhKZr9h"",""share"":92},{""address"":""5yqPJhLcoqDcVLTQjWq5MBGh18R6jv7pVwtacLW32b6J"",""share"":8}]","[{""uri"":""https://www.arweave.net/xRx6YWE4iHBIlcH5-l1p7Yu6kz8xjYNrA37rGv8fO80?ext=png"",""type"":""image/png""}]",500,"SOLGods"
"[""6PTSaVPGLzzgAqw9veQUVKhW2ggsEaV5ghBeLsQn2GVN"",""FHJKrc5MJJQLhj2FqiTfNnvLj59wEmaXVfozmp7JKj2A""]","The Tower #361-18","[0,100]","TWRDAO","https://arweave.net/DlOT5T34T13XI6m0stkTLYno_n3hc0Yd7oPDENT2okI","[1,1]",true,"HBxnDfcEaEW2NKqYx5UjQCHLFqQ34CQFNZFueT7n8Zpq",true,"GcrjZXzmNDyGDt646hy4ziWNa5ziGAMNdXGdQcDtnBaV","https://explorer.solana.com/address/HBxnDfcEaEW2NKqYx5UjQCHLFqQ34CQFNZFueT7n8Zpq","[{""trait_type"":""Story"",""value"":361},{""trait_type"":""Room"",""value"":18},{""trait_type"":""Wall"",""value"":""Jungle Tree""},{""trait_type"":""Wall Item"",""value"":""Clapperboard""},{""trait_type"":""Floor"",""value"":""White Slate""},{""trait_type"":""Big Item"",""value"":""Beanbags""},{""trait_type"":""Small Item 1"",""value"":""Safe""},{""trait_type"":""Small Item 2"",""value"":""Joints""},{""trait_type"":""View"",""value"":""White""},{""trait_type"":""Background"",""value"":""Blue2""}]","TowerDAO","The Tower","Residences inside a futuristic skyscraper in the metaverse. Home of the TowerDAO.",,"https://www.arweave.net/-h1VcLF1XhsKlhNIMWbrYQuvFDnCoYsnwNN2XpagNyA?ext=png","The Tower #361-18","image","[{""address"":""FHJKrc5MJJQLhj2FqiTfNnvLj59wEmaXVfozmp7JKj2A"",""share"":100}]","[{""uri"":""https://www.arweave.net/-h1VcLF1XhsKlhNIMWbrYQuvFDnCoYsnwNN2XpagNyA?ext=png"",""type"":""image/png""}]",500,"TWRDAO"
"[""3CXFS3TCU9WK7yKf4XppaKXzZfcw3qcwjRUXwRaHVi5o"",""rexTUweAXTKyFXo3Dg91m548u8WeVRVTpmm1L9vM7yi"",""8ETBZPoq5mCyLuVuD4QT6ACrsubn5UZofrtbpvuFRFVm"",""48c83jmxcJ4757t49Tmooyfe5WXoqaz1CxFS3HAZmXRT""]","RowdyRex #1068","[0,50,25,25]","RR","https://arweave.net/pDppb6gNOt56ozbfzS0lQmQbb4vePHTLP4OufUwjJpw","[1,1,0,0]",true,"37sUBTLHVPbduGfXvRnj5UgHpcVoHt8tJxkr9b1qwoyG",true,"rexTUweAXTKyFXo3Dg91m548u8WeVRVTpmm1L9vM7yi","https://explorer.solana.com/address/37sUBTLHVPbduGfXvRnj5UgHpcVoHt8tJxkr9b1qwoyG","[{""trait_type"":""Background"",""value"":""Red""},{""trait_type"":""Body"",""value"":""Gold""},{""trait_type"":""Eyes"",""value"":""None""},{""trait_type"":""Clothing"",""value"":""Master Chief Armor""},{""trait_type"":""Accessories"",""value"":""Cigarette""},{""trait_type"":""Hat"",""value"":""Yellow Halo""},{""trait_type"":""Origin"",""value"":""Genesis""}]","RowdyRex","RowdyRex","RowdyRex is an NFT collection of fierce Rexs roaming the Jurassic metaverse with over 50 different unique traits that have been randomly generated to produce your very own Rex.",,"https://arweave.net/bcqrTvlzTaBnAJv3FIy7QDKg8qVVzRGFPO-wpLrW27I?ext=png","RowdyRex #1068","image","[{""address"":""rexTUweAXTKyFXo3Dg91m548u8WeVRVTpmm1L9vM7yi"",""share"":50},{""address"":""8ETBZPoq5mCyLuVuD4QT6ACrsubn5UZofrtbpvuFRFVm"",""share"":25},{""address"":""48c83jmxcJ4757t49Tmooyfe5WXoqaz1CxFS3HAZmXRT"",""share"":25}]","[{""uri"":""https://arweave.net/bcqrTvlzTaBnAJv3FIy7QDKg8qVVzRGFPO-wpLrW27I?ext=png"",""type"":""image/png""}]",800,"RR"
"[""C6hGzDBTK55Smmp1dTbr1nBEy1tJPvszvTuPRK9Pae4P""]","Chubby Corgi #2341","[100]","CHUB","https://arweave.net/INy9Nta3AuR016wnPV_rCDmysyqo4VwlwVfne9EBZko","[1]",true,"AcP6C6aXBHhsPESFKWTNpkak6Q1KzR9BDNy2kVph1zP7",true,"C6hGzDBTK55Smmp1dTbr1nBEy1tJPvszvTuPRK9Pae4P","https://explorer.solana.com/address/AcP6C6aXBHhsPESFKWTNpkak6Q1KzR9BDNy2kVph1zP7","[{""trait_type"":""Background"",""value"":""pink""},{""trait_type"":""Breed"",""value"":""blue merle""},{""trait_type"":""Eyes"",""value"":""normal large watery""},{""trait_type"":""Mouth"",""value"":""salivating""},{""trait_type"":""Clothes"",""value"":""black trench coat""},{""trait_type"":""Swag"",""value"":""banana""}]",,,"10,000 Chubby Corgis splooting around on the Solana blockchain",,"https://www.arweave.net/E_qGClDezU-2gqUQYWwZbBy3y1kOa0yRPtInuYyV-D0?ext=png","Chubby Corgi #2341",,"[{""address"":""C6hGzDBTK55Smmp1dTbr1nBEy1tJPvszvTuPRK9Pae4P"",""verified"":true,""share"":100}]","[{""uri"":""https://www.arweave.net/E_qGClDezU-2gqUQYWwZbBy3y1kOa0yRPtInuYyV-D0?ext=png"",""type"":""image/png""}]",500,"CHUB"
"[""2hJVCiRvuWhjbuHrrMXREekuQ7sQYNsfRbM62Ugn9Uzz"",""ULf4AWYjQ7iD81dYsFTNryyJvXX3yNeCN72KsbKDu3W""]","Toolkit","[0,100]","","https://arweave.net/PbDZRs3pNHOgL19toVuZUd-dNEE3wA5CGrpCTv0jIPc","[1,0]",true,"4GKjD8xgUDwkzWABcmGsj74y2J84j24FfT15sGhqM7h7",true,"GLR4Vde7aD4DPG8gUnDMXpGEAxgTXFnK1x44nd5m9br9","https://explorer.solana.com/address/4GKjD8xgUDwkzWABcmGsj74y2J84j24FfT15sGhqM7h7",,"SolFamily","Toolkits","Toolkit is a must have thing when you need to do any Dad house work. But, what if you need to build a house? No worries, toolkit will be able to help with that too! You can read more information on our website https://solfamily.io/","Solfamily Toolkits 2021","https://arweave.net/Jrzr0gZq1JVJEplDJVPewrNyUHeUQDnPK4zzW3m70dQ?ext=png","Toolkit","video","[{""address"":""ULf4AWYjQ7iD81dYsFTNryyJvXX3yNeCN72KsbKDu3W"",""share"":100}]","[{""uri"":""https://arweave.net/Jrzr0gZq1JVJEplDJVPewrNyUHeUQDnPK4zzW3m70dQ?ext=png"",""type"":""image/png""},{""uri"":""https://arweave.net/W-swkKVbx-71RF8jCJKiCnM2Sceqt5Apr-ySX_R1Ad4?ext=mp4"",""type"":""video/mp4""}]",500,""