"data.creators","data.name","data.share","data.symbol","data.uri","data.verified","is_mutable","mint","primary_sale_happened","update_authority","explorer_url","metaResult.seller_fee_basis_points","metaResult.external_url","metaResult.name","metaResult.attributes","metaResult.image","metaResult.properties.category","metaResult.properties.files","metaResult.properties.creators","metaResult.symbol","metaResult.description"
"[]","EXCHANGE NOTIFICATION NFT","[]","","https://cdn.exchange.art/comm_token/issued_tokens_metadata/uri-1637100878654.json","[]",true,"83ZMuAcBJWALxjtSLAabp5Ymn1GohC77J63pWf5MzkkU",false,"EgqxBkbNczXsgBmnkQ6VyKF6qRK446UGMgWhMed1L9c6","https://explorer.solana.com/address/83ZMuAcBJWALxjtSLAabp5Ymn1GohC77J63pWf5MzkkU",100,"https://exchange.art/","EXCHANGE NOTIFICATION NFT","[{""trait_type"":""Status"",""value"":""BASIC""},{""value"":""0"",""trait_type"":""Sales""},{""value"":""1"",""trait_type"":""Buys""},{""value"":""1"",""trait_type"":""Total transactions""},{""value"":""0.20"",""trait_type"":""Buy volume""},{""value"":""0"",""trait_type"":""Sales volume""},{""value"":""0.20"",""trait_type"":""Total Volume""}]","https://cdn.exchange.art/comm_token/background_images/1.jpg","image","[{""uri"":""https://cdn.exchange.art/comm_token/background_images/1.jpg"",""type"":""image/jpg""}]","[{""share"":100,""address"":""EgqxBkbNczXsgBmnkQ6VyKF6qRK446UGMgWhMed1L9c6""}]","ECT","This is your EXCHANGE.ART Notification NFT. Check this token to monitor new offers on your NFTs and get alerts on accepted offers. Your status will rise as you buy and sell on EXCHANGE."
"[""Af9swsWzX4tXWKuriZvCoUzN4sJrXJk97rbR1A2titTo"",""8vfWKftTZYCPDbqgxcRdo4aL5X1JXFncYnJoMPPekx84""]","HoodChad #470","[0,100]","","https://arweave.net/yU_Dhoem4-BSB--faLVR0Ad95YZqpUgU5Aya2dihOPE","[1,0]",true,"4uStAArXhWH8Cp95TR9Ri2Cf3uHTYyKX4JfvmhxGhnv4",true,"8vfWKftTZYCPDbqgxcRdo4aL5X1JXFncYnJoMPPekx84","https://explorer.solana.com/address/4uStAArXhWH8Cp95TR9Ri2Cf3uHTYyKX4JfvmhxGhnv4",600,"https://www.hoodchad.com/","HoodChad #470","[{""trait_type"":""BACKGROUND"",""value"":""Purple Gradient""},{""trait_type"":""SKIN"",""value"":""Black""},{""trait_type"":""TATTOO"",""value"":""Arm Tattoo""},{""trait_type"":""UNDERWEAR"",""value"":""Grey Tshirt""},{""trait_type"":""UPPERWEAR"",""value"":""None""},{""trait_type"":""JEWELS"",""value"":""None""},{""trait_type"":""EYES"",""value"":""Classic""},{""trait_type"":""MOUTH"",""value"":""Closed""},{""trait_type"":""FACE"",""value"":""Pit Viper""},{""trait_type"":""HAT"",""value"":""Blue Bandana""},{""trait_type"":""EPIC ACCESSORIES"",""value"":""Neon Aura""}]","https://www.arweave.net/JnNOOgWvCNB38BJf56odgRv_w0H25YiCqZkFZChwYjs?ext=png","image","[{""uri"":""https://www.arweave.net/JnNOOgWvCNB38BJf56odgRv_w0H25YiCqZkFZChwYjs?ext=png"",""type"":""image/png""}]","[{""address"":""8vfWKftTZYCPDbqgxcRdo4aL5X1JXFncYnJoMPPekx84"",""share"":100}]","","5000 unique Chad's hanging on Solana blockchain."
"[""2zRG1EQw7789fE9sfQ6CAcQQSMDwqhmJ3SA1zNsTDFnq"",""2is2NRunEwhotCQrRFXt2w3Fy2Vdo6pasiWzJK4HpcQU"",""8fX9saaTVDBDHy7HzGApyenwiJ9SPVrHRw7ATM13bZEw"",""4J4DCdYLbt2oCCAPdFC15Au9njJmvQNWqBQbaSa8W8nu"",""CTzYhmFELbtG53dAr88W1UMfybtDBKvzraSDnR3oGXuq""]","Skyline FLP","[0,25,25,25,25]","SFLP","https://arweave.net/Zn8WhMK98bs1LNjZZodnozL1WdwCACCZCnWGoEy07wM","[1,0,0,0,0]",false,"ymwwvYFgekr2gpDhkbx9p7dX7PJSVmUy5m4UWTK3FBn",true,"2zRG1EQw7789fE9sfQ6CAcQQSMDwqhmJ3SA1zNsTDFnq","https://explorer.solana.com/address/ymwwvYFgekr2gpDhkbx9p7dX7PJSVmUy5m4UWTK3FBn",600,,"Skyline FLP",,"https://www.arweave.net/7GLSB6nsDtbhFoOKZLbtgDoO0DTxPyxt3VJB1mHkmwM?ext=png","image","[{""uri"":""https://www.arweave.net/7GLSB6nsDtbhFoOKZLbtgDoO0DTxPyxt3VJB1mHkmwM?ext=png"",""type"":""image/png""}]","[{""address"":""2is2NRunEwhotCQrRFXt2w3Fy2Vdo6pasiWzJK4HpcQU"",""share"":25},{""address"":""8fX9saaTVDBDHy7HzGApyenwiJ9SPVrHRw7ATM13bZEw"",""share"":25},{""address"":""4J4DCdYLbt2oCCAPdFC15Au9njJmvQNWqBQbaSa8W8nu"",""share"":25},{""address"":""CTzYhmFELbtG53dAr88W1UMfybtDBKvzraSDnR3oGXuq"",""share"":25}]","","Thanks for camping with us!"
"[""DDvbjs9KUjUKXWfAdheK6fFfdvHkgaERghaWTUpXHzFe"",""9FbJbUvqD5C7NxUVzfy6sZ7NigMBUvsPG9TojjDnaGfH"",""13RiW8iqQgKnHXUSyb2Pu8otBjgsxxSB2YQ3WfgU4Y6i"",""A8yAGy6svM7rV9CF35fG3Ktf9QUkZEZdEHK3qNJC2pQ4""]","FuriousSeed","[0,33,34,33]","SEED","https://arweave.net/iRlX-gzpihWmvFKicewb6vISiHaVBfbeKek9eImWSk4","[1,0,0,0]",false,"5fFEJJc3jnNofenGxUEkxa68hnH1cQTcrupcvw3PJi2k",true,"DDvbjs9KUjUKXWfAdheK6fFfdvHkgaERghaWTUpXHzFe","https://explorer.solana.com/address/5fFEJJc3jnNofenGxUEkxa68hnH1cQTcrupcvw3PJi2k",500,,"Seed","[{""trait_type"":""TRIBE"",""value"":""Seed""}]","https://www.arweave.net/dQ12KiqbxYOr1pk8j-P3A6LclcMEDSTTU-XlSOQaRyY?ext=png","image","[{""uri"":""https://www.arweave.net/dQ12KiqbxYOr1pk8j-P3A6LclcMEDSTTU-XlSOQaRyY?ext=png"",""type"":""image/png""}]","[{""address"":""9FbJbUvqD5C7NxUVzfy6sZ7NigMBUvsPG9TojjDnaGfH"",""share"":33},{""address"":""13RiW8iqQgKnHXUSyb2Pu8otBjgsxxSB2YQ3WfgU4Y6i"",""share"":34},{""address"":""A8yAGy6svM7rV9CF35fG3Ktf9QUkZEZdEHK3qNJC2pQ4"",""share"":33}]","Seed","Thank you!"
"[""3z9gQfHPzYAFnbxRwMx66XCMDVgVQtLseMSy39XpwcYf"",""FhDS47vaUg2e2B9spCncFkK1542NdsyYeoEW4jswADeP""]","Sharks of Atlantis #2079","[0,100]","SOS","https://arweave.net/AuDC6Gxz9F-JLggETDv40BwJY9nHZasut7dRwiuZ-qU","[1,0]",true,"7E7py7UY4HVWVNQrJYodNQuZcWXCqgEmKgTkKq7ZC8nb",true,"Gjzr27wyoa1ofg4YTM8Sm9vC5NCrfX9o3o7bw7tmwFAR","https://explorer.solana.com/address/7E7py7UY4HVWVNQrJYodNQuZcWXCqgEmKgTkKq7ZC8nb",420,"https://solantis.io","Sharks of Atlantis #2079","[{""trait_type"":""Background"",""value"":""Red""},{""trait_type"":""Skin"",""value"":""Red Spots""},{""trait_type"":""Mouth"",""value"":""Drooling""},{""trait_type"":""Eyes"",""value"":""Pirate""},{""trait_type"":""Head"",""value"":""Cool Cap""},{""trait_type"":""Clothing"",""value"":""Red Shirt""},{""trait_type"":""Hand"",""value"":""Vodka""}]","https://www.arweave.net/pBOuDa7KgnJ42vRjwoo87zzc0eHkpz4SfO_o02P4clU?ext=png","image","[{""uri"":""https://www.arweave.net/pBOuDa7KgnJ42vRjwoo87zzc0eHkpz4SfO_o02P4clU?ext=png"",""type"":""image/png""}]","[{""address"":""FhDS47vaUg2e2B9spCncFkK1542NdsyYeoEW4jswADeP"",""share"":100}]","SOS","Hidden in the depths of the vast sea, meet the Sharks of Solantis."
"[""7s9HDid18E2jQ3tiuVZYa3KN9KyLgFBi7XJ3ZJJLsQr7"",""MEXuhNRByHZmdL8e9C7nhS9SZ8WrNQ6WeWDWBeEQ8u4""]","Robber#26518","[0,100]","","https://copsgame.s3-us-west-1.amazonaws.com/gen2/metadata/d8a006f02ad49bcde448485fdefea547.json","[1,0]",true,"95CRAdV3Sp7FC5jWAJ8cxxM5xfW1ribqvHyN13qqVB9N",true,"MEXuhNRByHZmdL8e9C7nhS9SZ8WrNQ6WeWDWBeEQ8u4","https://explorer.solana.com/address/95CRAdV3Sp7FC5jWAJ8cxxM5xfW1ribqvHyN13qqVB9N",500,"https://cops.game/","Robber#26518","[{""trait_type"":""Skin"",""value"":""Black""},{""trait_type"":""Feet"",""value"":""Black""},{""trait_type"":""Pants"",""value"":""Bloody Jeans""},{""trait_type"":""Outfit"",""value"":""Damaged""},{""trait_type"":""Face"",""value"":""Speedo""},{""trait_type"":""Hat"",""value"":""Fedora""},{""trait_type"":""Type"",""value"":""Robber""},{""trait_type"":""Generation"",""value"":""Gen 2""}]","https://copsgame.s3-us-west-1.amazonaws.com/gen2/images/d8a006f02ad49bcde448485fdefea547.png","image","[{""uri"":""https://copsgame.s3-us-west-1.amazonaws.com/gen2/images/d8a006f02ad49bcde448485fdefea547.png"",""type"":""image/png""}]","[{""address"":""MEXuhNRByHZmdL8e9C7nhS9SZ8WrNQ6WeWDWBeEQ8u4"",""share"":100}]","","Cops Game is a collection of P2E NFT mult-staking game on the Solana blockchain"
"[""7s9HDid18E2jQ3tiuVZYa3KN9KyLgFBi7XJ3ZJJLsQr7"",""MEXuhNRByHZmdL8e9C7nhS9SZ8WrNQ6WeWDWBeEQ8u4""]","Robber#37989","[0,100]","","https://copsgame.s3-us-west-1.amazonaws.com/gen2/metadata/f2a708222d1209817f99964965281df7.json","[1,0]",true,"GV8f8utJPmKNaHV7EX4ZiUMiU2jzD4yTCvaBYPcfcMz8",true,"MEXuhNRByHZmdL8e9C7nhS9SZ8WrNQ6WeWDWBeEQ8u4","https://explorer.solana.com/address/GV8f8utJPmKNaHV7EX4ZiUMiU2jzD4yTCvaBYPcfcMz8",500,"https://cops.game/","Robber#37989","[{""trait_type"":""Skin"",""value"":""Pale White""},{""trait_type"":""Feet"",""value"":""Green""},{""trait_type"":""Pants"",""value"":""Shorts""},{""trait_type"":""Outfit"",""value"":""Damaged""},{""trait_type"":""Face"",""value"":""Monocle""},{""trait_type"":""Hat"",""value"":""Looty""},{""trait_type"":""Type"",""value"":""Robber""},{""trait_type"":""Generation"",""value"":""Gen 2""}]","https://copsgame.s3-us-west-1.amazonaws.com/gen2/images/f2a708222d1209817f99964965281df7.png","image","[{""uri"":""https://copsgame.s3-us-west-1.amazonaws.com/gen2/images/f2a708222d1209817f99964965281df7.png"",""type"":""image/png""}]","[{""address"":""MEXuhNRByHZmdL8e9C7nhS9SZ8WrNQ6WeWDWBeEQ8u4"",""share"":100}]","","Cops Game is a collection of P2E NFT mult-staking game on the Solana blockchain"
"[""A9ajXDuhEsoY7dekvQXdCreawVHkqZy5DJr5XTfxri6m"",""MEXuhNRByHZmdL8e9C7nhS9SZ8WrNQ6WeWDWBeEQ8u4""]","Robber#44416","[0,100]","","https://copsgame.s3-us-west-1.amazonaws.com/gen3/metadata/86b2caf678251cfdd9841cf37ee067ac.json","[1,0]",true,"351T43uiAeRJwDLySLixQ9fFiQyHvn88qUdAHn6FttrJ",true,"MEXuhNRByHZmdL8e9C7nhS9SZ8WrNQ6WeWDWBeEQ8u4","https://explorer.solana.com/address/351T43uiAeRJwDLySLixQ9fFiQyHvn88qUdAHn6FttrJ",500,"https://cops.game/","Robber#44416","[{""trait_type"":""Skin"",""value"":""Black""},{""trait_type"":""Feet"",""value"":""Sandals""},{""trait_type"":""Pants"",""value"":""Black""},{""trait_type"":""Outfit"",""value"":""Normal""},{""trait_type"":""Face"",""value"":""Coolio""},{""trait_type"":""Hat"",""value"":""Peaky""},{""trait_type"":""Type"",""value"":""Robber""},{""trait_type"":""Generation"",""value"":""Gen 3""}]","https://copsgame.s3-us-west-1.amazonaws.com/gen3/images/86b2caf678251cfdd9841cf37ee067ac.png","image","[{""uri"":""https://copsgame.s3-us-west-1.amazonaws.com/gen3/images/86b2caf678251cfdd9841cf37ee067ac.png"",""type"":""image/png""}]","[{""address"":""MEXuhNRByHZmdL8e9C7nhS9SZ8WrNQ6WeWDWBeEQ8u4"",""share"":100}]","","Cops Game is a collection of P2E NFT mult-staking game on the Solana blockchain"
"[""9UzNR7kC4hrqt55Gv1wjPDpxnsN6nh4Zw76V7MDeajEj"",""3yt9YacNHriS3mdmhKt87AFAQHPKxnFQ1F7Qd61TiqRv""]","Wealthy Whale #768","[0,100]","WW","https://arweave.net/PRlpOO3JNEN_RQ0shhB5lkIIRIOoIxmrA9uH_n0X0Zw","[1,0]",true,"ELnftCPqfSudyVKMUXrS8H4RMrBMSStbN6PNMRoaTjGL",true,"3yt9YacNHriS3mdmhKt87AFAQHPKxnFQ1F7Qd61TiqRv","https://explorer.solana.com/address/ELnftCPqfSudyVKMUXrS8H4RMrBMSStbN6PNMRoaTjGL",500,"","Wealthy Whale #768","[{""trait_type"":""Background"",""value"":""Beach""},{""trait_type"":""Body"",""value"":""BW""},{""trait_type"":""Eyes"",""value"":""Normal""},{""trait_type"":""Clothes"",""value"":""Farmer Clothes""},{""trait_type"":""Necklace"",""value"":""Bone Necklace""},{""trait_type"":""Mouth"",""value"":""Tongue Out""},{""trait_type"":""Ears"",""value"":""None""},{""trait_type"":""Hat"",""value"":""Mohawk""},{""trait_type"":""Pet"",""value"":""Krill""},{""display_type"":""number"",""trait_type"":""sequence"",""value"":768}]","https://www.arweave.net/8K63OPhqgPnMGfHIqC6B3ctFL5CuSKQEkNKRu4LsEHk?ext=png","image",,"[{""address"":""3yt9YacNHriS3mdmhKt87AFAQHPKxnFQ1F7Qd61TiqRv"",""verified"":true,""share"":100}]","WW","Wealthy Whale #768"
"[""H34umduSsoX8hkWbf5CFh5Joexjrc9adSNHEsdgCJcQW""]","Shadow Girl #058","[100]","","https://arweave.net/qDJ47oDQNOHWvWuOVKn6t8Pn3c9W0Vau_jRAvZJHXjk","[1]",true,"3CgVivcbapnEvvgfefHbWVk2Y8H1aoxceaDQVjEc7Sv2",false,"H34umduSsoX8hkWbf5CFh5Joexjrc9adSNHEsdgCJcQW","https://explorer.solana.com/address/3CgVivcbapnEvvgfefHbWVk2Y8H1aoxceaDQVjEc7Sv2",500,"","Shadow Girl #058",,"https://www.arweave.net/cwLZu0YFyMFJiau_hfi77MM_7MTOUZlV5I55jd6v-Cg?ext=jpeg","image","[{""uri"":""https://www.arweave.net/cwLZu0YFyMFJiau_hfi77MM_7MTOUZlV5I55jd6v-Cg?ext=jpeg"",""type"":""image/jpeg""}]","[{""address"":""H34umduSsoX8hkWbf5CFh5Joexjrc9adSNHEsdgCJcQW"",""share"":100}]","","Collectible AI generated girls. Only 100 will be minted."
"[""A9ajXDuhEsoY7dekvQXdCreawVHkqZy5DJr5XTfxri6m"",""MEXuhNRByHZmdL8e9C7nhS9SZ8WrNQ6WeWDWBeEQ8u4""]","Robber#46530","[0,100]","","https://copsgame.s3-us-west-1.amazonaws.com/gen3/metadata/364aa76f3da55a3d9b304c7710773919.json","[1,0]",true,"ARcpGtmT4vt2rkspA3wku83GiDyXAUTCgETd3wsXWJ4F",true,"MEXuhNRByHZmdL8e9C7nhS9SZ8WrNQ6WeWDWBeEQ8u4","https://explorer.solana.com/address/ARcpGtmT4vt2rkspA3wku83GiDyXAUTCgETd3wsXWJ4F",500,"https://cops.game/","Robber#46530","[{""trait_type"":""Skin"",""value"":""White""},{""trait_type"":""Feet"",""value"":""Red""},{""trait_type"":""Pants"",""value"":""Prisoners""},{""trait_type"":""Outfit"",""value"":""Damaged""},{""trait_type"":""Face"",""value"":""None""},{""trait_type"":""Hat"",""value"":""Fedora""},{""trait_type"":""Type"",""value"":""Robber""},{""trait_type"":""Generation"",""value"":""Gen 3""}]","https://copsgame.s3-us-west-1.amazonaws.com/gen3/images/364aa76f3da55a3d9b304c7710773919.png","image","[{""uri"":""https://copsgame.s3-us-west-1.amazonaws.com/gen3/images/364aa76f3da55a3d9b304c7710773919.png"",""type"":""image/png""}]","[{""address"":""MEXuhNRByHZmdL8e9C7nhS9SZ8WrNQ6WeWDWBeEQ8u4"",""share"":100}]","","Cops Game is a collection of P2E NFT mult-staking game on the Solana blockchain"
"[""3WYjXVKCze8y3RQfHLZPpSnM4gFCdoYb4Xo7kzpt7vaa"",""EdX5kdnmdwdUpRqQh8zdmvmf3dUaVxBWPwUaezgvsonf""]","Hannya Mask","[0,100]","K1HM","https://arweave.net/A78azfsAlqbMNLt_9hW4TUlPai5KHUAnkqkzR4WJVuI","[1,0]",false,"2XMBGDbKDbsqmto1i4CzrfuwdTWD72cihQ2MtxPGyypM",false,"3WYjXVKCze8y3RQfHLZPpSnM4gFCdoYb4Xo7kzpt7vaa","https://explorer.solana.com/address/2XMBGDbKDbsqmto1i4CzrfuwdTWD72cihQ2MtxPGyypM",800,"https://www.kam1.com/","Hannya Mask","[{""trait_type"":""Mask"",""value"":""Hannya Mask""},{""trait_type"":""Edition"",""value"":""Halloween 2021""}]","https://www.arweave.net/A2L6gchfgWhDGL4F45FGI1tlBcF-6Ey2dF3Naael9yI?ext=gif","image","[{""uri"":""https://www.arweave.net/A2L6gchfgWhDGL4F45FGI1tlBcF-6Ey2dF3Naael9yI?ext=gif"",""type"":""image/gif""}]","[{""address"":""EdX5kdnmdwdUpRqQh8zdmvmf3dUaVxBWPwUaezgvsonf"",""share"":100}]","K1HM","The Hannya mask depicts a jealous female demon. The mask is imbued with the power to ward off evil spirits. The KAM1 have been using the mask for centuries to fight against the Yokai."
"[""7mgAS9TdgW2P2ZXX22NtFPyyHrdZiARKZb8CjZ85Ebt7"",""FhDS47vaUg2e2B9spCncFkK1542NdsyYeoEW4jswADeP"",""CjHNR59sf3kcSjPgAiyGjtoe7qAaXgjKCtYr8AgMsR2w"",""Bf2sAukjzAKCed1Bp7kb4mfnPrdcQaUU98mcRgeLtNoM""]","Solantis Shark #8744","[0,76,12,12]","SOS","https://arweave.net/Zh2jHpv0eWayoh9Trr4r66PZrW31VBgtOWOkTlwI7Hg","[1,0,0,0]",true,"FUC6FFG9RTfuG8F1tUBGM1nvrobUthpfh1sSh6uFZ1e5",true,"6mVriP4qnaPASLNAcgyUTSF2gw1vxXqVuSPuKN6v1sQU","https://explorer.solana.com/address/FUC6FFG9RTfuG8F1tUBGM1nvrobUthpfh1sSh6uFZ1e5",420,"https://solantis.io","Solantis Shark #8744","[{""trait_type"":""Background"",""value"":""Sunset""},{""trait_type"":""Skin"",""value"":""Red Cyborg""},{""trait_type"":""Mouth"",""value"":""Foaming""},{""trait_type"":""Eyes"",""value"":""3D Glasses""},{""trait_type"":""Head"",""value"":""Fish""},{""trait_type"":""Clothing"",""value"":""Sol Green""},{""trait_type"":""Hand"",""value"":""Phone""}]","https://www.arweave.net/UTdnd2GNMH37U6Nc34LZeZb0e8P1LJHwnOl2dhw3JkU?ext=png","image","[{""uri"":""https://www.arweave.net/UTdnd2GNMH37U6Nc34LZeZb0e8P1LJHwnOl2dhw3JkU?ext=png"",""type"":""image/png""}]","[{""address"":""FhDS47vaUg2e2B9spCncFkK1542NdsyYeoEW4jswADeP"",""share"":76},{""address"":""CjHNR59sf3kcSjPgAiyGjtoe7qAaXgjKCtYr8AgMsR2w"",""share"":12},{""address"":""Bf2sAukjzAKCed1Bp7kb4mfnPrdcQaUU98mcRgeLtNoM"",""share"":12}]","SOS","Hidden in the depths of the vast sea, meet the Sharks of Solantis."
"[""6QF3dhdtMabjKsZ48VqDsQMYm2rAkEJRgMc3Z9JgFZV8"",""MEXuhNRByHZmdL8e9C7nhS9SZ8WrNQ6WeWDWBeEQ8u4""]","Robber#01190","[0,100]","","https://copsgame.s3-us-west-1.amazonaws.com/gen0/metadata/b19d28f3a7cd13100cb39ed345d7bcba.json","[1,0]",true,"7X1NApryvKoKqv4TuPZ6X99LRXn6NdVr4sa6i4SgNUxR",true,"MEXuhNRByHZmdL8e9C7nhS9SZ8WrNQ6WeWDWBeEQ8u4","https://explorer.solana.com/address/7X1NApryvKoKqv4TuPZ6X99LRXn6NdVr4sa6i4SgNUxR",500,"https://cops.game/","Robber#01190","[{""trait_type"":""Skin"",""value"":""White""},{""trait_type"":""Feet"",""value"":""Sandals""},{""trait_type"":""Pants"",""value"":""Chinos""},{""trait_type"":""Outfit"",""value"":""Normal""},{""trait_type"":""Face"",""value"":""Covid""},{""trait_type"":""Hat"",""value"":""Wooly""},{""trait_type"":""Type"",""value"":""Robber""},{""trait_type"":""Generation"",""value"":""Gen 0""}]","https://copsgame.s3-us-west-1.amazonaws.com/gen0/images/b19d28f3a7cd13100cb39ed345d7bcba.png","image","[{""uri"":""https://copsgame.s3-us-west-1.amazonaws.com/gen0/images/b19d28f3a7cd13100cb39ed345d7bcba.png"",""type"":""image/png""}]","[{""address"":""MEXuhNRByHZmdL8e9C7nhS9SZ8WrNQ6WeWDWBeEQ8u4"",""share"":100}]","","Cops Game is a collection of 10,000 P2E NFT mult-staking game on the Solana blockchain"
"[""7s9HDid18E2jQ3tiuVZYa3KN9KyLgFBi7XJ3ZJJLsQr7"",""MEXuhNRByHZmdL8e9C7nhS9SZ8WrNQ6WeWDWBeEQ8u4""]","Robber#37792","[0,100]","","https://copsgame.s3-us-west-1.amazonaws.com/gen2/metadata/4320b893097f887e8f106955711a9fe3.json","[1,0]",true,"6uQ3akuQCchGsYSQV4jzjJtZrjPU4jUMJ6ZAHNy134T2",true,"MEXuhNRByHZmdL8e9C7nhS9SZ8WrNQ6WeWDWBeEQ8u4","https://explorer.solana.com/address/6uQ3akuQCchGsYSQV4jzjJtZrjPU4jUMJ6ZAHNy134T2",500,"https://cops.game/","Robber#37792","[{""trait_type"":""Skin"",""value"":""Tanned""},{""trait_type"":""Feet"",""value"":""Sandals""},{""trait_type"":""Pants"",""value"":""Jeans""},{""trait_type"":""Outfit"",""value"":""Damaged""},{""trait_type"":""Face"",""value"":""Nerdy""},{""trait_type"":""Hat"",""value"":""Fedora""},{""trait_type"":""Type"",""value"":""Robber""},{""trait_type"":""Generation"",""value"":""Gen 2""}]","https://copsgame.s3-us-west-1.amazonaws.com/gen2/images/4320b893097f887e8f106955711a9fe3.png","image","[{""uri"":""https://copsgame.s3-us-west-1.amazonaws.com/gen2/images/4320b893097f887e8f106955711a9fe3.png"",""type"":""image/png""}]","[{""address"":""MEXuhNRByHZmdL8e9C7nhS9SZ8WrNQ6WeWDWBeEQ8u4"",""share"":100}]","","Cops Game is a collection of P2E NFT mult-staking game on the Solana blockchain"
"[""7s9HDid18E2jQ3tiuVZYa3KN9KyLgFBi7XJ3ZJJLsQr7"",""MEXuhNRByHZmdL8e9C7nhS9SZ8WrNQ6WeWDWBeEQ8u4""]","Robber#35253","[0,100]","","https://copsgame.s3-us-west-1.amazonaws.com/gen2/metadata/20c8e63193b0324a556e880260cbbbcb.json","[1,0]",true,"BMBEZLocTQrR9WbB4vweBjY8URN5nGFJGnZvYQLtYkMC",true,"MEXuhNRByHZmdL8e9C7nhS9SZ8WrNQ6WeWDWBeEQ8u4","https://explorer.solana.com/address/BMBEZLocTQrR9WbB4vweBjY8URN5nGFJGnZvYQLtYkMC",500,"https://cops.game/","Robber#35253","[{""trait_type"":""Skin"",""value"":""Black""},{""trait_type"":""Feet"",""value"":""Orange""},{""trait_type"":""Pants"",""value"":""Chinos""},{""trait_type"":""Outfit"",""value"":""Bloody""},{""trait_type"":""Face"",""value"":""Balaklava""},{""trait_type"":""Hat"",""value"":""Wooly""},{""trait_type"":""Type"",""value"":""Robber""},{""trait_type"":""Generation"",""value"":""Gen 2""}]","https://copsgame.s3-us-west-1.amazonaws.com/gen2/images/20c8e63193b0324a556e880260cbbbcb.png","image","[{""uri"":""https://copsgame.s3-us-west-1.amazonaws.com/gen2/images/20c8e63193b0324a556e880260cbbbcb.png"",""type"":""image/png""}]","[{""address"":""MEXuhNRByHZmdL8e9C7nhS9SZ8WrNQ6WeWDWBeEQ8u4"",""share"":100}]","","Cops Game is a collection of P2E NFT mult-staking game on the Solana blockchain"
"[""2KfjL2dv7UVV3bbQB6zvapAPdixJ2aZcNMr6PKXU9RNL"",""MEXuhNRByHZmdL8e9C7nhS9SZ8WrNQ6WeWDWBeEQ8u4""]","Robber#13412","[0,100]","","https://copsgame.s3-us-west-1.amazonaws.com/gen1/metadata/0a0e7624277c11e66f2bfa4f9026d297.json","[1,0]",true,"Gq381nyS9P5o6zjkYv7oGochnZ1kUbEaiBxceTrsaq1x",true,"MEXuhNRByHZmdL8e9C7nhS9SZ8WrNQ6WeWDWBeEQ8u4","https://explorer.solana.com/address/Gq381nyS9P5o6zjkYv7oGochnZ1kUbEaiBxceTrsaq1x",500,"https://cops.game/","Robber#13412","[{""trait_type"":""Skin"",""value"":""Dark Brown""},{""trait_type"":""Feet"",""value"":""Orange""},{""trait_type"":""Pants"",""value"":""Black""},{""trait_type"":""Outfit"",""value"":""Normal""},{""trait_type"":""Face"",""value"":""Balaklava""},{""trait_type"":""Hat"",""value"":""Zoro""},{""trait_type"":""Type"",""value"":""Robber""},{""trait_type"":""Generation"",""value"":""Gen 1""}]","https://copsgame.s3-us-west-1.amazonaws.com/gen1/images/0a0e7624277c11e66f2bfa4f9026d297.png","image","[{""uri"":""https://copsgame.s3-us-west-1.amazonaws.com/gen1/images/0a0e7624277c11e66f2bfa4f9026d297.png"",""type"":""image/png""}]","[{""address"":""MEXuhNRByHZmdL8e9C7nhS9SZ8WrNQ6WeWDWBeEQ8u4"",""share"":100}]","","Cops Game is a collection of 10,000 P2E NFT mult-staking game on the Solana blockchain"
"[""7s9HDid18E2jQ3tiuVZYa3KN9KyLgFBi7XJ3ZJJLsQr7"",""MEXuhNRByHZmdL8e9C7nhS9SZ8WrNQ6WeWDWBeEQ8u4""]","Robber#35602","[0,100]","","https://copsgame.s3-us-west-1.amazonaws.com/gen2/metadata/2d15a15346220dc6f52fe538d94adaad.json","[1,0]",true,"5UWec9ekq4TzuhVBwFUQb19doHFSrTynLeu2Ngd2doVg",true,"MEXuhNRByHZmdL8e9C7nhS9SZ8WrNQ6WeWDWBeEQ8u4","https://explorer.solana.com/address/5UWec9ekq4TzuhVBwFUQb19doHFSrTynLeu2Ngd2doVg",500,"https://cops.game/","Robber#35602","[{""trait_type"":""Skin"",""value"":""Yellow""},{""trait_type"":""Feet"",""value"":""Black""},{""trait_type"":""Pants"",""value"":""Chinos""},{""trait_type"":""Outfit"",""value"":""Turtleneck""},{""trait_type"":""Face"",""value"":""Zoro""},{""trait_type"":""Hat"",""value"":""Peaky""},{""trait_type"":""Type"",""value"":""Robber""},{""trait_type"":""Generation"",""value"":""Gen 2""}]","https://copsgame.s3-us-west-1.amazonaws.com/gen2/images/2d15a15346220dc6f52fe538d94adaad.png","image","[{""uri"":""https://copsgame.s3-us-west-1.amazonaws.com/gen2/images/2d15a15346220dc6f52fe538d94adaad.png"",""type"":""image/png""}]","[{""address"":""MEXuhNRByHZmdL8e9C7nhS9SZ8WrNQ6WeWDWBeEQ8u4"",""share"":100}]","","Cops Game is a collection of P2E NFT mult-staking game on the Solana blockchain"
"[""7s9HDid18E2jQ3tiuVZYa3KN9KyLgFBi7XJ3ZJJLsQr7"",""MEXuhNRByHZmdL8e9C7nhS9SZ8WrNQ6WeWDWBeEQ8u4""]","Robber#39587","[0,100]","","https://copsgame.s3-us-west-1.amazonaws.com/gen2/metadata/d7098521b02f5a549bf5335664d9a215.json","[1,0]",true,"BMTtfdEe27aUifA3j7ibrXqPpz6mhAnikAPaxhXuYiyn",true,"MEXuhNRByHZmdL8e9C7nhS9SZ8WrNQ6WeWDWBeEQ8u4","https://explorer.solana.com/address/BMTtfdEe27aUifA3j7ibrXqPpz6mhAnikAPaxhXuYiyn",500,"https://cops.game/","Robber#39587","[{""trait_type"":""Skin"",""value"":""White""},{""trait_type"":""Feet"",""value"":""Orange""},{""trait_type"":""Pants"",""value"":""Shorts""},{""trait_type"":""Outfit"",""value"":""Ripped""},{""trait_type"":""Face"",""value"":""Zoro""},{""trait_type"":""Hat"",""value"":""Zoro""},{""trait_type"":""Type"",""value"":""Robber""},{""trait_type"":""Generation"",""value"":""Gen 2""}]","https://copsgame.s3-us-west-1.amazonaws.com/gen2/images/d7098521b02f5a549bf5335664d9a215.png","image","[{""uri"":""https://copsgame.s3-us-west-1.amazonaws.com/gen2/images/d7098521b02f5a549bf5335664d9a215.png"",""type"":""image/png""}]","[{""address"":""MEXuhNRByHZmdL8e9C7nhS9SZ8WrNQ6WeWDWBeEQ8u4"",""share"":100}]","","Cops Game is a collection of P2E NFT mult-staking game on the Solana blockchain"
"[""7s9HDid18E2jQ3tiuVZYa3KN9KyLgFBi7XJ3ZJJLsQr7"",""MEXuhNRByHZmdL8e9C7nhS9SZ8WrNQ6WeWDWBeEQ8u4""]","Robber#25432","[0,100]","","https://copsgame.s3-us-west-1.amazonaws.com/gen2/metadata/3d37b18617b592d556d5166f1686fdd0.json","[1,0]",true,"DdncWcDyfFxA6DmMBZ2i4WLCJdxvNAVcuZo9gGmYSN7Q",true,"MEXuhNRByHZmdL8e9C7nhS9SZ8WrNQ6WeWDWBeEQ8u4","https://explorer.solana.com/address/DdncWcDyfFxA6DmMBZ2i4WLCJdxvNAVcuZo9gGmYSN7Q",500,"https://cops.game/","Robber#25432","[{""trait_type"":""Skin"",""value"":""Yellow""},{""trait_type"":""Feet"",""value"":""Orange""},{""trait_type"":""Pants"",""value"":""Chinos""},{""trait_type"":""Outfit"",""value"":""Ripped""},{""trait_type"":""Face"",""value"":""None""},{""trait_type"":""Hat"",""value"":""Pirate""},{""trait_type"":""Type"",""value"":""Robber""},{""trait_type"":""Generation"",""value"":""Gen 2""}]","https://copsgame.s3-us-west-1.amazonaws.com/gen2/images/3d37b18617b592d556d5166f1686fdd0.png","image","[{""uri"":""https://copsgame.s3-us-west-1.amazonaws.com/gen2/images/3d37b18617b592d556d5166f1686fdd0.png"",""type"":""image/png""}]","[{""address"":""MEXuhNRByHZmdL8e9C7nhS9SZ8WrNQ6WeWDWBeEQ8u4"",""share"":100}]","","Cops Game is a collection of P2E NFT mult-staking game on the Solana blockchain"
"[""A9ajXDuhEsoY7dekvQXdCreawVHkqZy5DJr5XTfxri6m"",""MEXuhNRByHZmdL8e9C7nhS9SZ8WrNQ6WeWDWBeEQ8u4""]","Robber#40248","[0,100]","","https://copsgame.s3-us-west-1.amazonaws.com/gen3/metadata/f8afce40fd009422e67260909e242259.json","[1,0]",true,"Dz87hboFyt62pq4nh5WuqHxVsHeDiF3J6jBN4zJLpLWQ",true,"MEXuhNRByHZmdL8e9C7nhS9SZ8WrNQ6WeWDWBeEQ8u4","https://explorer.solana.com/address/Dz87hboFyt62pq4nh5WuqHxVsHeDiF3J6jBN4zJLpLWQ",500,"https://cops.game/","Robber#40248","[{""trait_type"":""Skin"",""value"":""Dark Brown""},{""trait_type"":""Feet"",""value"":""Black""},{""trait_type"":""Pants"",""value"":""Black""},{""trait_type"":""Outfit"",""value"":""Normal""},{""trait_type"":""Face"",""value"":""La Casa""},{""trait_type"":""Hat"",""value"":""Looty""},{""trait_type"":""Type"",""value"":""Robber""},{""trait_type"":""Generation"",""value"":""Gen 3""}]","https://copsgame.s3-us-west-1.amazonaws.com/gen3/images/f8afce40fd009422e67260909e242259.png","image","[{""uri"":""https://copsgame.s3-us-west-1.amazonaws.com/gen3/images/f8afce40fd009422e67260909e242259.png"",""type"":""image/png""}]","[{""address"":""MEXuhNRByHZmdL8e9C7nhS9SZ8WrNQ6WeWDWBeEQ8u4"",""share"":100}]","","Cops Game is a collection of P2E NFT mult-staking game on the Solana blockchain"
"[""2KfjL2dv7UVV3bbQB6zvapAPdixJ2aZcNMr6PKXU9RNL"",""MEXuhNRByHZmdL8e9C7nhS9SZ8WrNQ6WeWDWBeEQ8u4""]","Robber#13414","[0,100]","","https://copsgame.s3-us-west-1.amazonaws.com/gen1/metadata/846589c43f57ad16fe011ba39974dd53.json","[1,0]",true,"BPco9agPCMdfYPPtAZotUQ5fbtqwZFVUPXmRVtKmLrPf",true,"MEXuhNRByHZmdL8e9C7nhS9SZ8WrNQ6WeWDWBeEQ8u4","https://explorer.solana.com/address/BPco9agPCMdfYPPtAZotUQ5fbtqwZFVUPXmRVtKmLrPf",500,"https://cops.game/","Robber#13414","[{""trait_type"":""Skin"",""value"":""Orange Tanned""},{""trait_type"":""Feet"",""value"":""Orange""},{""trait_type"":""Pants"",""value"":""Chinos""},{""trait_type"":""Outfit"",""value"":""Damaged""},{""trait_type"":""Face"",""value"":""Coolio""},{""trait_type"":""Hat"",""value"":""Wooly""},{""trait_type"":""Type"",""value"":""Robber""},{""trait_type"":""Generation"",""value"":""Gen 1""}]","https://copsgame.s3-us-west-1.amazonaws.com/gen1/images/846589c43f57ad16fe011ba39974dd53.png","image","[{""uri"":""https://copsgame.s3-us-west-1.amazonaws.com/gen1/images/846589c43f57ad16fe011ba39974dd53.png"",""type"":""image/png""}]","[{""address"":""MEXuhNRByHZmdL8e9C7nhS9SZ8WrNQ6WeWDWBeEQ8u4"",""share"":100}]","","Cops Game is a collection of 10,000 P2E NFT mult-staking game on the Solana blockchain"
"[""2KfjL2dv7UVV3bbQB6zvapAPdixJ2aZcNMr6PKXU9RNL"",""MEXuhNRByHZmdL8e9C7nhS9SZ8WrNQ6WeWDWBeEQ8u4""]","Robber#19774","[0,100]","","https://copsgame.s3-us-west-1.amazonaws.com/gen1/metadata/8a3797b096483a1bfe500dda942d178c.json","[1,0]",true,"AGHM9K5Tn1XDEkWcMF1s8o64BTUpCauf5GgQHniRP8XN",true,"MEXuhNRByHZmdL8e9C7nhS9SZ8WrNQ6WeWDWBeEQ8u4","https://explorer.solana.com/address/AGHM9K5Tn1XDEkWcMF1s8o64BTUpCauf5GgQHniRP8XN",500,"https://cops.game/","Robber#19774","[{""trait_type"":""Skin"",""value"":""Yellow""},{""trait_type"":""Feet"",""value"":""Black""},{""trait_type"":""Pants"",""value"":""Prisoners""},{""trait_type"":""Outfit"",""value"":""Damaged""},{""trait_type"":""Face"",""value"":""3D""},{""trait_type"":""Hat"",""value"":""Zoro""},{""trait_type"":""Type"",""value"":""Robber""},{""trait_type"":""Generation"",""value"":""Gen 1""}]","https://copsgame.s3-us-west-1.amazonaws.com/gen1/images/8a3797b096483a1bfe500dda942d178c.png","image","[{""uri"":""https://copsgame.s3-us-west-1.amazonaws.com/gen1/images/8a3797b096483a1bfe500dda942d178c.png"",""type"":""image/png""}]","[{""address"":""MEXuhNRByHZmdL8e9C7nhS9SZ8WrNQ6WeWDWBeEQ8u4"",""share"":100}]","","Cops Game is a collection of 10,000 P2E NFT mult-staking game on the Solana blockchain"
"[""A9ajXDuhEsoY7dekvQXdCreawVHkqZy5DJr5XTfxri6m"",""MEXuhNRByHZmdL8e9C7nhS9SZ8WrNQ6WeWDWBeEQ8u4""]","Robber#41110","[0,100]","","https://copsgame.s3-us-west-1.amazonaws.com/gen3/metadata/eedea31eddf70da672be92b061254ac3.json","[1,0]",true,"EnusiVa6AcdnznLDncuZPvEXNDAjAvycot13nixJ1dXQ",true,"MEXuhNRByHZmdL8e9C7nhS9SZ8WrNQ6WeWDWBeEQ8u4","https://explorer.solana.com/address/EnusiVa6AcdnznLDncuZPvEXNDAjAvycot13nixJ1dXQ",500,"https://cops.game/","Robber#41110","[{""trait_type"":""Skin"",""value"":""Orange Tanned""},{""trait_type"":""Feet"",""value"":""Black""},{""trait_type"":""Pants"",""value"":""Chinos""},{""trait_type"":""Outfit"",""value"":""Damaged""},{""trait_type"":""Face"",""value"":""Zoro""},{""trait_type"":""Hat"",""value"":""Peaky""},{""trait_type"":""Type"",""value"":""Robber""},{""trait_type"":""Generation"",""value"":""Gen 3""}]","https://copsgame.s3-us-west-1.amazonaws.com/gen3/images/eedea31eddf70da672be92b061254ac3.png","image","[{""uri"":""https://copsgame.s3-us-west-1.amazonaws.com/gen3/images/eedea31eddf70da672be92b061254ac3.png"",""type"":""image/png""}]","[{""address"":""MEXuhNRByHZmdL8e9C7nhS9SZ8WrNQ6WeWDWBeEQ8u4"",""share"":100}]","","Cops Game is a collection of P2E NFT mult-staking game on the Solana blockchain"
"[""7s9HDid18E2jQ3tiuVZYa3KN9KyLgFBi7XJ3ZJJLsQr7"",""MEXuhNRByHZmdL8e9C7nhS9SZ8WrNQ6WeWDWBeEQ8u4""]","Robber#39569","[0,100]","","https://copsgame.s3-us-west-1.amazonaws.com/gen2/metadata/7544204012cded0e573fce5cf04874a2.json","[1,0]",true,"AejbeSdaYb7AjBx7QFEDg98pxPjyBcJQp3foGn8ak3GS",true,"MEXuhNRByHZmdL8e9C7nhS9SZ8WrNQ6WeWDWBeEQ8u4","https://explorer.solana.com/address/AejbeSdaYb7AjBx7QFEDg98pxPjyBcJQp3foGn8ak3GS",500,"https://cops.game/","Robber#39569","[{""trait_type"":""Skin"",""value"":""White""},{""trait_type"":""Feet"",""value"":""Sandals""},{""trait_type"":""Pants"",""value"":""Prisoners""},{""trait_type"":""Outfit"",""value"":""Turtleneck""},{""trait_type"":""Face"",""value"":""Zoro""},{""trait_type"":""Hat"",""value"":""Wooly""},{""trait_type"":""Type"",""value"":""Robber""},{""trait_type"":""Generation"",""value"":""Gen 2""}]","https://copsgame.s3-us-west-1.amazonaws.com/gen2/images/7544204012cded0e573fce5cf04874a2.png","image","[{""uri"":""https://copsgame.s3-us-west-1.amazonaws.com/gen2/images/7544204012cded0e573fce5cf04874a2.png"",""type"":""image/png""}]","[{""address"":""MEXuhNRByHZmdL8e9C7nhS9SZ8WrNQ6WeWDWBeEQ8u4"",""share"":100}]","","Cops Game is a collection of P2E NFT mult-staking game on the Solana blockchain"
"[""8AkWaZh92FwkdPmqbR58FpTkpZjrCrRK648UWu6Kuz8"",""3aKY2TVrHV7XnjcuYhP2gdUWqF8ra8TA4AL5qWQQz5gr"",""Gvp1RDYLpbBQg35k3x1zpBxWhXNEPuS1jbLALDH8XCaA"",""2e8DoDgFZR3By185CDPJAwNE3h1QsaS1NtndM8NQi3Q5"",""HMduKVo3A19U5EpQdEhPjo9hq9zfZXn8aGVYZp7Vc7fX""]","Keycard #1080","[0,30,30,30,10]","PSYKC","https://storage.googleapis.com/fractal-launchpad-public-assets/psyker-assets/jsons/1080.json","[1,0,0,0,0]",true,"4k13oxPhZNQVC1C4swwCYVBfQYxzq1V2ERF6nhhPAeuN",true,"Gp25XFbf5EgY7wqfTR815gCPt5K3TVBbVSZkioDAFyCX","https://explorer.solana.com/address/4k13oxPhZNQVC1C4swwCYVBfQYxzq1V2ERF6nhhPAeuN",500,"https://psyker.game/","Keycard #1080","[{""trait_type"":""Weapons"",""value"":""Two handed Axe""},{""trait_type"":""Headgear"",""value"":""Lizard Demon Face ""},{""trait_type"":""Arms"",""value"":""Forearm cyber armor rust""},{""trait_type"":""Chest"",""value"":""Cyber Chest Implant green""},{""trait_type"":""Legs"",""value"":""Utility shorts black""}]","https://storage.googleapis.com/fractal-launchpad-public-assets/psyker-assets/gifs/1080.gif","image","[{""uri"":""https://storage.googleapis.com/fractal-launchpad-public-assets/psyker-assets/gifs/1080.gif"",""type"":""image/gif""}]","[{""address"":""3aKY2TVrHV7XnjcuYhP2gdUWqF8ra8TA4AL5qWQQz5gr"",""share"":30},{""address"":""Gvp1RDYLpbBQg35k3x1zpBxWhXNEPuS1jbLALDH8XCaA"",""share"":30},{""address"":""2e8DoDgFZR3By185CDPJAwNE3h1QsaS1NtndM8NQi3Q5"",""share"":30},{""address"":""HMduKVo3A19U5EpQdEhPjo9hq9zfZXn8aGVYZp7Vc7fX"",""share"":10}]","PSYKC","Keycards are the way to enter the Psykerverse. Keycard holder benefits include: closed beta access, DAO membership, and a genesis character loadout."
"[""7s9HDid18E2jQ3tiuVZYa3KN9KyLgFBi7XJ3ZJJLsQr7"",""MEXuhNRByHZmdL8e9C7nhS9SZ8WrNQ6WeWDWBeEQ8u4""]","Robber#23362","[0,100]","","https://copsgame.s3-us-west-1.amazonaws.com/gen2/metadata/8905acd79798d711bde447dbb40d84ce.json","[1,0]",true,"AUDc85ySryV9chVXZJEmmCKW6VmnkfMtBg4oia2HDtJg",true,"MEXuhNRByHZmdL8e9C7nhS9SZ8WrNQ6WeWDWBeEQ8u4","https://explorer.solana.com/address/AUDc85ySryV9chVXZJEmmCKW6VmnkfMtBg4oia2HDtJg",500,"https://cops.game/","Robber#23362","[{""trait_type"":""Skin"",""value"":""Yellow""},{""trait_type"":""Feet"",""value"":""Red""},{""trait_type"":""Pants"",""value"":""Chinos""},{""trait_type"":""Outfit"",""value"":""Normal""},{""trait_type"":""Face"",""value"":""Coolio""},{""trait_type"":""Hat"",""value"":""Pirate""},{""trait_type"":""Type"",""value"":""Robber""},{""trait_type"":""Generation"",""value"":""Gen 2""}]","https://copsgame.s3-us-west-1.amazonaws.com/gen2/images/8905acd79798d711bde447dbb40d84ce.png","image","[{""uri"":""https://copsgame.s3-us-west-1.amazonaws.com/gen2/images/8905acd79798d711bde447dbb40d84ce.png"",""type"":""image/png""}]","[{""address"":""MEXuhNRByHZmdL8e9C7nhS9SZ8WrNQ6WeWDWBeEQ8u4"",""share"":100}]","","Cops Game is a collection of P2E NFT mult-staking game on the Solana blockchain"
"[""4bsFdFvtTF8YTErfnqDL7TTqVZpxetLy3HvhEQwa1mgw"",""28s2qka7W1dq99NjfXR4L7dtcKw1PYCCL1qUwg8FQX4Z"",""4qkTQq4KHTEGyo8rSYkY4FTvcbSxauibUnUcq89i4YRL""]","247","[0,90,10]","LDHC","https://arweave.net/Hr4YkNuLELoa5JShi3QJKNFdDMkg2LUyLAxnDlNphIo","[1,0,0]",true,"7rqdXcmmoQxnNuTCPsSjfotV9zvZTHHutPKToD2GBj8x",true,"7F4qPqte3GnzXxnuRdneHbQ6pSzj2wf8nbopJKpnGAZg","https://explorer.solana.com/address/7rqdXcmmoQxnNuTCPsSjfotV9zvZTHHutPKToD2GBj8x",499,"","Lambo DHC #3244","[{""trait_type"":""serial"",""value"":""3244""},{""trait_type"":""Model"",""value"":""Gallardo""},{""trait_type"":""Color"",""value"":""LimeGreen""},{""trait_type"":""Background"",""value"":""UFO""},{""trait_type"":""Reflection"",""value"":""Yes""},{""trait_type"":""Theme"",""value"":""Alien""},{""trait_type"":""Driver"",""value"":""FemaleBlonde""}]","https://arweave.net/mGEHX5m84KP2qQuRZQGpvg383Zdm29HUhZ9c6NRPVEM","image","[{""uri"":""https://arweave.net/mGEHX5m84KP2qQuRZQGpvg383Zdm29HUhZ9c6NRPVEM"",""type"":""image/png""}]","[{""address"":""28s2qka7W1dq99NjfXR4L7dtcKw1PYCCL1qUwg8FQX4Z"",""share"":90},{""address"":""4qkTQq4KHTEGyo8rSYkY4FTvcbSxauibUnUcq89i4YRL"",""share"":10}]","LDHC","Incredible pixel Lambos for you to flash and ride around till you get your real Lambo! May the crypto Gods forever shine on our Lambo dreams."
"[""6QF3dhdtMabjKsZ48VqDsQMYm2rAkEJRgMc3Z9JgFZV8"",""MEXuhNRByHZmdL8e9C7nhS9SZ8WrNQ6WeWDWBeEQ8u4""]","Robber#00980","[0,100]","","https://copsgame.s3-us-west-1.amazonaws.com/gen0/metadata/f85540cd4568cb3ba16395a7b6b04c33.json","[1,0]",true,"Hx5iRjNcGDvUnGqes4hT8W4VfykvRshzgUQi6WRPzi1y",true,"MEXuhNRByHZmdL8e9C7nhS9SZ8WrNQ6WeWDWBeEQ8u4","https://explorer.solana.com/address/Hx5iRjNcGDvUnGqes4hT8W4VfykvRshzgUQi6WRPzi1y",500,"https://cops.game/","Robber#00980","[{""trait_type"":""Skin"",""value"":""Pale White""},{""trait_type"":""Feet"",""value"":""Black""},{""trait_type"":""Pants"",""value"":""Black""},{""trait_type"":""Outfit"",""value"":""Looty""},{""trait_type"":""Face"",""value"":""None""},{""trait_type"":""Hat"",""value"":""Zoro""},{""trait_type"":""Type"",""value"":""Robber""},{""trait_type"":""Generation"",""value"":""Gen 0""}]","https://copsgame.s3-us-west-1.amazonaws.com/gen0/images/f85540cd4568cb3ba16395a7b6b04c33.png","image","[{""uri"":""https://copsgame.s3-us-west-1.amazonaws.com/gen0/images/f85540cd4568cb3ba16395a7b6b04c33.png"",""type"":""image/png""}]","[{""address"":""MEXuhNRByHZmdL8e9C7nhS9SZ8WrNQ6WeWDWBeEQ8u4"",""share"":100}]","","Cops Game is a collection of 10,000 P2E NFT mult-staking game on the Solana blockchain"
"[""H1qFY6arpR3LURAxw1bL7pA5y3fL3KmPUDM5w3PNAu6E"",""dcAtStREnLc5hXMi3LK74Ar6h9NMRAtNK1XFmS4Kq7Q"",""7dV5foDxWnXhFcjGeQA7cdYqxEKA6Aknf784YyHdwv65""]","WOLFIE 0633","[0,100,0]","WOLFIE","https://arweave.net/bOJfco9MqfqKo34QG6T4QbGtZ4Nkmvb_SJcPk7nS1tY","[1,0,0]",true,"7L1M1wMmmNeBi4cL9zYPrmFrSRE32Txbnyw9w3zMkBcD",true,"7dV5foDxWnXhFcjGeQA7cdYqxEKA6Aknf784YyHdwv65","https://explorer.solana.com/address/7L1M1wMmmNeBi4cL9zYPrmFrSRE32Txbnyw9w3zMkBcD","500","https://www.howlywolfies.com","WOLFIE 0633","[{""trait_type"":""Backgrounds"",""value"":""Octopussy""},{""trait_type"":""Weapons"",""value"":""Cross Bow""},{""trait_type"":""Skin"",""value"":""Red""},{""trait_type"":""Eyes"",""value"":""Green""},{""trait_type"":""Costumes"",""value"":""Pimp""},{""trait_type"":""Logos"",""value"":""Solana""},{""trait_type"":""Face"",""value"":""Zombie Hand""},{""trait_type"":""EyeWare"",""value"":""Aviator Sunglasses""},{""trait_type"":""Head"",""value"":""Deez Nuts""},{""trait_type"":""Hand"",""value"":""Pistol""}]","https://www.arweave.net/7DFloH3rGohL-BOqDAvPlBPN05fCfS4DUVurJBXcXtw?ext=png","image","[{""uri"":""https://www.arweave.net/7DFloH3rGohL-BOqDAvPlBPN05fCfS4DUVurJBXcXtw?ext=png"",""type"":""image/png""}]","[{""address"":""dcAtStREnLc5hXMi3LK74Ar6h9NMRAtNK1XFmS4Kq7Q"",""share"":100},{""address"":""7dV5foDxWnXhFcjGeQA7cdYqxEKA6Aknf784YyHdwv65"",""share"":0}]","WOLFIE","Howly Wolfies is a collection of deflationary NFTs which allow holders to play Wolfie Fighter, Play to Earn Game in Solana Metaverse."
"[""23BSXk8WbJJv7HABw4eXos3szJ7yFKXT4h6qTdMxfvX2"",""Hymd4SHjguZaU5bFtSou4PQknBvb4kSWpcEZcePQ5hWj"",""HMbiy8ciW898W6EwRhKCADH8jHQkufnDufLB2fbmbY9g"",""7nRBTBgdvRvFYfbp6URYPbYyPbHrS1EXbS2fFdGZWL6w"",""8VsXU21aM79Lx5d2Fz5iwsCVdRRkVkNyTTgdC7ctb6Gw""]","Waifu #886","[0,19,9,28,44]","WDAO","https://sld-waifus.s3.amazonaws.com/886.json","[1,0,0,0,0]",true,"2Dy173RUQu9sYP2uQAcqBtR9ghMbbgW4L9tPHq4ytyzN",true,"F4dfSm3dMbCaJWdxxJbgMNiTdBVymtQDu6sheZdKKEn8","https://explorer.solana.com/address/2Dy173RUQu9sYP2uQAcqBtR9ghMbbgW4L9tPHq4ytyzN",450,,"Waifu #886","[{""trait_type"":""Background"",""value"":""Aqua""},{""trait_type"":""Eyes"",""value"":""Aqua""},{""trait_type"":""Hair"",""value"":""Geisha""},{""trait_type"":""Mouth"",""value"":""Degenerate""},{""trait_type"":""Outfit"",""value"":""Cyborg""},{""trait_type"":""Skin"",""value"":""Natural""}]","https://sld-waifus.s3.amazonaws.com/886.png","image","[{""uri"":""https://sld-waifus.s3.amazonaws.com/886.png"",""type"":""image/png""}]","[{""address"":""Hymd4SHjguZaU5bFtSou4PQknBvb4kSWpcEZcePQ5hWj"",""share"":19},{""address"":""HMbiy8ciW898W6EwRhKCADH8jHQkufnDufLB2fbmbY9g"",""share"":9},{""address"":""7nRBTBgdvRvFYfbp6URYPbYyPbHrS1EXbS2fFdGZWL6w"",""share"":28},{""address"":""8VsXU21aM79Lx5d2Fz5iwsCVdRRkVkNyTTgdC7ctb6Gw"",""share"":44}]","WDAO","Waifu DAO Solana - Ownership grants you entry to the Waifu DAO"
"[""ELXiZxgqKJ8kywJiHvawv9xdKpo47XFYQt7qZdAuzfGA"",""83Dy9BGxDnqe82S9Rm7pCZ5nXahoye6VinYRs8xosa3P""]","HoodChad #206","[0,100]","","https://arweave.net/9ZULq6QcaesH4tVOHTyknag3QcHR9GHRATlXA-d7jYQ","[1,0]",true,"B44TF4rSGLLCKrDYkLBcj6nEGVqdRB6j8it4Qz7QvipA",true,"8vfWKftTZYCPDbqgxcRdo4aL5X1JXFncYnJoMPPekx84","https://explorer.solana.com/address/B44TF4rSGLLCKrDYkLBcj6nEGVqdRB6j8it4Qz7QvipA",600,"https://www.hoodchad.com/","HoodChad #206","[{""trait_type"":""BACKGROUND"",""value"":""Rainbow""},{""trait_type"":""SKIN"",""value"":""White""},{""trait_type"":""TATTOO"",""value"":""Arm Tattoo""},{""trait_type"":""UNDERWEAR"",""value"":""Grey Tshirt""},{""trait_type"":""UPPERWEAR"",""value"":""Blue Chicanos Shirt""},{""trait_type"":""JEWELS"",""value"":""None""},{""trait_type"":""EYES"",""value"":""Big Eyes""},{""trait_type"":""MOUTH"",""value"":""Neutral""},{""trait_type"":""FACE"",""value"":""Moto Mask""},{""trait_type"":""HAT"",""value"":""Red Cap""},{""trait_type"":""EPIC ACCESSORIES"",""value"":""None""}]","https://www.arweave.net/iPxAcNXNTvH7i-I-Mr6WjoZpC9Cfh2KljSCTIX3bzSo?ext=png","image","[{""uri"":""https://www.arweave.net/iPxAcNXNTvH7i-I-Mr6WjoZpC9Cfh2KljSCTIX3bzSo?ext=png"",""type"":""image/png""}]","[{""address"":""83Dy9BGxDnqe82S9Rm7pCZ5nXahoye6VinYRs8xosa3P"",""share"":100}]","","5000 unique Chad's hanging on Solana blockchain."
"[""Fm4vFRUJ8UPXhAuV9a2tGzKmvnR1Urd7iD6UJ6cTe4VB"",""FCBhyfjm7gSEk3rAmU55d1pVMVjzbqitBGjkX7vVzVMT"",""D4sqYKA5xZ2LHWbyGHukqNjAyjLVUx8XtEBYo4T8XEtD"",""2tQ1PFJP748e3hTBrLHSNgfTapzhgRxQNmJqgYWcfbzU""]","WhaleSOLs #1335","[0,29,29,42]","WSOL","https://arweave.net/MI0qMcWKdPlpxT9aseel47FcW-2EOUeDxZKj_8vx-e4","[1,0,0,0]",true,"5MCvjoWJ7AoDThcWsJiWutiqC99hDFkectjo1XdJcVu1",true,"6mJGq3k4V52UayAkPYC5NPU9C3E49yx9kiWvm4zeU28w","https://explorer.solana.com/address/5MCvjoWJ7AoDThcWsJiWutiqC99hDFkectjo1XdJcVu1",700,"https://whalesols.com/","WhaleSOLs #1335","[{""trait_type"":""Background"",""value"":""Bikini bottom""},{""trait_type"":""Wave"",""value"":""Toxic""},{""trait_type"":""Body"",""value"":""Red""},{""trait_type"":""Belly  colour"",""value"":""Green""},{""trait_type"":""Eyes"",""value"":""Swimming glass""},{""trait_type"":""Mouth"",""value"":""Stitch""},{""trait_type"":""Back items"",""value"":""Empty""},{""trait_type"":""Special items"",""value"":""Empty""},{""trait_type"":""Headpiece"",""value"":""Devil horn""}]","https://www.arweave.net/J7V5mnURNtYUykZ3OnQRqGE5v7-V226SW3z73W-Bzls?ext=png","image","[{""uri"":""https://www.arweave.net/J7V5mnURNtYUykZ3OnQRqGE5v7-V226SW3z73W-Bzls?ext=png"",""type"":""image/png""}]","[{""address"":""FCBhyfjm7gSEk3rAmU55d1pVMVjzbqitBGjkX7vVzVMT"",""share"":29},{""address"":""D4sqYKA5xZ2LHWbyGHukqNjAyjLVUx8XtEBYo4T8XEtD"",""share"":29},{""address"":""2tQ1PFJP748e3hTBrLHSNgfTapzhgRxQNmJqgYWcfbzU"",""share"":42}]","WSOL","There are only 3,333 WhaleSOLs to ever live in the depths of the Solana blockchain. WhaleSOLs are auto-generated and through the use of the Shrimp Fund, deflationary."
"[""7s9HDid18E2jQ3tiuVZYa3KN9KyLgFBi7XJ3ZJJLsQr7"",""MEXuhNRByHZmdL8e9C7nhS9SZ8WrNQ6WeWDWBeEQ8u4""]","Robber#25472","[0,100]","","https://copsgame.s3-us-west-1.amazonaws.com/gen2/metadata/18e32da249ff6a806eb8d8bf844974fd.json","[1,0]",true,"CWfa5cZ6xxhHHQUVXf5SHuEueJdzxsoQbxb6jGArrNHd",true,"MEXuhNRByHZmdL8e9C7nhS9SZ8WrNQ6WeWDWBeEQ8u4","https://explorer.solana.com/address/CWfa5cZ6xxhHHQUVXf5SHuEueJdzxsoQbxb6jGArrNHd",500,"https://cops.game/","Robber#25472","[{""trait_type"":""Skin"",""value"":""Black""},{""trait_type"":""Feet"",""value"":""Green""},{""trait_type"":""Pants"",""value"":""Chinos""},{""trait_type"":""Outfit"",""value"":""Turtleneck""},{""trait_type"":""Face"",""value"":""Covid""},{""trait_type"":""Hat"",""value"":""Wooly""},{""trait_type"":""Type"",""value"":""Robber""},{""trait_type"":""Generation"",""value"":""Gen 2""}]","https://copsgame.s3-us-west-1.amazonaws.com/gen2/images/18e32da249ff6a806eb8d8bf844974fd.png","image","[{""uri"":""https://copsgame.s3-us-west-1.amazonaws.com/gen2/images/18e32da249ff6a806eb8d8bf844974fd.png"",""type"":""image/png""}]","[{""address"":""MEXuhNRByHZmdL8e9C7nhS9SZ8WrNQ6WeWDWBeEQ8u4"",""share"":100}]","","Cops Game is a collection of P2E NFT mult-staking game on the Solana blockchain"
"[""2KfjL2dv7UVV3bbQB6zvapAPdixJ2aZcNMr6PKXU9RNL"",""MEXuhNRByHZmdL8e9C7nhS9SZ8WrNQ6WeWDWBeEQ8u4""]","Robber#14505","[0,100]","","https://copsgame.s3-us-west-1.amazonaws.com/gen1/metadata/d3da52cb08cf96f90d2ee04182c7b69b.json","[1,0]",true,"HimtaxBeZzZxFmces4oXHahQzQYNqX9kN14B4tEoQii2",true,"MEXuhNRByHZmdL8e9C7nhS9SZ8WrNQ6WeWDWBeEQ8u4","https://explorer.solana.com/address/HimtaxBeZzZxFmces4oXHahQzQYNqX9kN14B4tEoQii2",500,"https://cops.game/","Robber#14505","[{""trait_type"":""Skin"",""value"":""White""},{""trait_type"":""Feet"",""value"":""Sandals""},{""trait_type"":""Pants"",""value"":""Ripped Jeans""},{""trait_type"":""Outfit"",""value"":""Normal""},{""trait_type"":""Face"",""value"":""Covid""},{""trait_type"":""Hat"",""value"":""Top Hat""},{""trait_type"":""Type"",""value"":""Robber""},{""trait_type"":""Generation"",""value"":""Gen 1""}]","https://copsgame.s3-us-west-1.amazonaws.com/gen1/images/d3da52cb08cf96f90d2ee04182c7b69b.png","image","[{""uri"":""https://copsgame.s3-us-west-1.amazonaws.com/gen1/images/d3da52cb08cf96f90d2ee04182c7b69b.png"",""type"":""image/png""}]","[{""address"":""MEXuhNRByHZmdL8e9C7nhS9SZ8WrNQ6WeWDWBeEQ8u4"",""share"":100}]","","Cops Game is a collection of 10,000 P2E NFT mult-staking game on the Solana blockchain"
"[""7s9HDid18E2jQ3tiuVZYa3KN9KyLgFBi7XJ3ZJJLsQr7"",""MEXuhNRByHZmdL8e9C7nhS9SZ8WrNQ6WeWDWBeEQ8u4""]","Robber#23966","[0,100]","","https://copsgame.s3-us-west-1.amazonaws.com/gen2/metadata/8d2d4f15cb43f1351e9259738e3cea4c.json","[1,0]",true,"hQavp5zucfTtumUSaS4DyhDfH4iiY3fioAJkDViTuoU",true,"MEXuhNRByHZmdL8e9C7nhS9SZ8WrNQ6WeWDWBeEQ8u4","https://explorer.solana.com/address/hQavp5zucfTtumUSaS4DyhDfH4iiY3fioAJkDViTuoU",500,"https://cops.game/","Robber#23966","[{""trait_type"":""Skin"",""value"":""Dark Brown""},{""trait_type"":""Feet"",""value"":""Orange""},{""trait_type"":""Pants"",""value"":""Chinos""},{""trait_type"":""Outfit"",""value"":""Ripped""},{""trait_type"":""Face"",""value"":""Nerdy""},{""trait_type"":""Hat"",""value"":""Zoro""},{""trait_type"":""Type"",""value"":""Robber""},{""trait_type"":""Generation"",""value"":""Gen 2""}]","https://copsgame.s3-us-west-1.amazonaws.com/gen2/images/8d2d4f15cb43f1351e9259738e3cea4c.png","image","[{""uri"":""https://copsgame.s3-us-west-1.amazonaws.com/gen2/images/8d2d4f15cb43f1351e9259738e3cea4c.png"",""type"":""image/png""}]","[{""address"":""MEXuhNRByHZmdL8e9C7nhS9SZ8WrNQ6WeWDWBeEQ8u4"",""share"":100}]","","Cops Game is a collection of P2E NFT mult-staking game on the Solana blockchain"
"[""2KfjL2dv7UVV3bbQB6zvapAPdixJ2aZcNMr6PKXU9RNL"",""MEXuhNRByHZmdL8e9C7nhS9SZ8WrNQ6WeWDWBeEQ8u4""]","Robber#17244","[0,100]","","https://copsgame.s3-us-west-1.amazonaws.com/gen1/metadata/ca760ec1abc26ecffb3e4307ccbc98fe.json","[1,0]",true,"8148bLVszahzexrQGoVaDiEtuyr51r5ZskirHLqWYTNR",true,"MEXuhNRByHZmdL8e9C7nhS9SZ8WrNQ6WeWDWBeEQ8u4","https://explorer.solana.com/address/8148bLVszahzexrQGoVaDiEtuyr51r5ZskirHLqWYTNR",500,"https://cops.game/","Robber#17244","[{""trait_type"":""Skin"",""value"":""Tanned""},{""trait_type"":""Feet"",""value"":""White""},{""trait_type"":""Pants"",""value"":""Black""},{""trait_type"":""Outfit"",""value"":""Bloody""},{""trait_type"":""Face"",""value"":""Spy""},{""trait_type"":""Hat"",""value"":""Fedora""},{""trait_type"":""Type"",""value"":""Robber""},{""trait_type"":""Generation"",""value"":""Gen 1""}]","https://copsgame.s3-us-west-1.amazonaws.com/gen1/images/ca760ec1abc26ecffb3e4307ccbc98fe.png","image","[{""uri"":""https://copsgame.s3-us-west-1.amazonaws.com/gen1/images/ca760ec1abc26ecffb3e4307ccbc98fe.png"",""type"":""image/png""}]","[{""address"":""MEXuhNRByHZmdL8e9C7nhS9SZ8WrNQ6WeWDWBeEQ8u4"",""share"":100}]","","Cops Game is a collection of 10,000 P2E NFT mult-staking game on the Solana blockchain"
"[""7s9HDid18E2jQ3tiuVZYa3KN9KyLgFBi7XJ3ZJJLsQr7"",""MEXuhNRByHZmdL8e9C7nhS9SZ8WrNQ6WeWDWBeEQ8u4""]","Robber#29616","[0,100]","","https://copsgame.s3-us-west-1.amazonaws.com/gen2/metadata/540eb6d73e4f9842fa7e4503cbaff787.json","[1,0]",true,"5Di8vM4ukGCupmrjMRZ24MYsb1GibTakJbfGDqXWAUUZ",true,"MEXuhNRByHZmdL8e9C7nhS9SZ8WrNQ6WeWDWBeEQ8u4","https://explorer.solana.com/address/5Di8vM4ukGCupmrjMRZ24MYsb1GibTakJbfGDqXWAUUZ",500,"https://cops.game/","Robber#29616","[{""trait_type"":""Skin"",""value"":""Orange Tanned""},{""trait_type"":""Feet"",""value"":""Green""},{""trait_type"":""Pants"",""value"":""Shorts""},{""trait_type"":""Outfit"",""value"":""Bloody""},{""trait_type"":""Face"",""value"":""Zoro""},{""trait_type"":""Hat"",""value"":""Wooly""},{""trait_type"":""Type"",""value"":""Robber""},{""trait_type"":""Generation"",""value"":""Gen 2""}]","https://copsgame.s3-us-west-1.amazonaws.com/gen2/images/540eb6d73e4f9842fa7e4503cbaff787.png","image","[{""uri"":""https://copsgame.s3-us-west-1.amazonaws.com/gen2/images/540eb6d73e4f9842fa7e4503cbaff787.png"",""type"":""image/png""}]","[{""address"":""MEXuhNRByHZmdL8e9C7nhS9SZ8WrNQ6WeWDWBeEQ8u4"",""share"":100}]","","Cops Game is a collection of P2E NFT mult-staking game on the Solana blockchain"
"[""7s9HDid18E2jQ3tiuVZYa3KN9KyLgFBi7XJ3ZJJLsQr7"",""MEXuhNRByHZmdL8e9C7nhS9SZ8WrNQ6WeWDWBeEQ8u4""]","Robber#37000","[0,100]","","https://copsgame.s3-us-west-1.amazonaws.com/gen2/metadata/13c3fc30b2bd1287605db56dc2e9f796.json","[1,0]",true,"62A88uJzAvmrwZ2uPFVzFGm2CkFbmqrkLjcFUgsg2ZpW",true,"MEXuhNRByHZmdL8e9C7nhS9SZ8WrNQ6WeWDWBeEQ8u4","https://explorer.solana.com/address/62A88uJzAvmrwZ2uPFVzFGm2CkFbmqrkLjcFUgsg2ZpW",500,"https://cops.game/","Robber#37000","[{""trait_type"":""Skin"",""value"":""White""},{""trait_type"":""Feet"",""value"":""White""},{""trait_type"":""Pants"",""value"":""Prisoners""},{""trait_type"":""Outfit"",""value"":""Turtleneck""},{""trait_type"":""Face"",""value"":""La Casa""},{""trait_type"":""Hat"",""value"":""Top Hat""},{""trait_type"":""Type"",""value"":""Robber""},{""trait_type"":""Generation"",""value"":""Gen 2""}]","https://copsgame.s3-us-west-1.amazonaws.com/gen2/images/13c3fc30b2bd1287605db56dc2e9f796.png","image","[{""uri"":""https://copsgame.s3-us-west-1.amazonaws.com/gen2/images/13c3fc30b2bd1287605db56dc2e9f796.png"",""type"":""image/png""}]","[{""address"":""MEXuhNRByHZmdL8e9C7nhS9SZ8WrNQ6WeWDWBeEQ8u4"",""share"":100}]","","Cops Game is a collection of P2E NFT mult-staking game on the Solana blockchain"
"[""7s9HDid18E2jQ3tiuVZYa3KN9KyLgFBi7XJ3ZJJLsQr7"",""MEXuhNRByHZmdL8e9C7nhS9SZ8WrNQ6WeWDWBeEQ8u4""]","Robber#34461","[0,100]","","https://copsgame.s3-us-west-1.amazonaws.com/gen2/metadata/9971ab200415c6ca5a617b5b065a26e2.json","[1,0]",true,"FJu7cCQKetTyi1gXvkzs8MQsQzwoWJ5HpWpg9TK4DDQx",true,"MEXuhNRByHZmdL8e9C7nhS9SZ8WrNQ6WeWDWBeEQ8u4","https://explorer.solana.com/address/FJu7cCQKetTyi1gXvkzs8MQsQzwoWJ5HpWpg9TK4DDQx",500,"https://cops.game/","Robber#34461","[{""trait_type"":""Skin"",""value"":""Yellow""},{""trait_type"":""Feet"",""value"":""Black""},{""trait_type"":""Pants"",""value"":""Prisoners""},{""trait_type"":""Outfit"",""value"":""Turtleneck""},{""trait_type"":""Face"",""value"":""Show Off""},{""trait_type"":""Hat"",""value"":""Fedora""},{""trait_type"":""Type"",""value"":""Robber""},{""trait_type"":""Generation"",""value"":""Gen 2""}]","https://copsgame.s3-us-west-1.amazonaws.com/gen2/images/9971ab200415c6ca5a617b5b065a26e2.png","image","[{""uri"":""https://copsgame.s3-us-west-1.amazonaws.com/gen2/images/9971ab200415c6ca5a617b5b065a26e2.png"",""type"":""image/png""}]","[{""address"":""MEXuhNRByHZmdL8e9C7nhS9SZ8WrNQ6WeWDWBeEQ8u4"",""share"":100}]","","Cops Game is a collection of P2E NFT mult-staking game on the Solana blockchain"
"[""7s9HDid18E2jQ3tiuVZYa3KN9KyLgFBi7XJ3ZJJLsQr7"",""MEXuhNRByHZmdL8e9C7nhS9SZ8WrNQ6WeWDWBeEQ8u4""]","Robber#21091","[0,100]","","https://copsgame.s3-us-west-1.amazonaws.com/gen2/metadata/153b3d233533b6e2f2ea5a3139ae7ae8.json","[1,0]",true,"6p4Qyv5CLHdi8UGM6AjyXmyYMs1LvsqX4gftkyXADLex",true,"MEXuhNRByHZmdL8e9C7nhS9SZ8WrNQ6WeWDWBeEQ8u4","https://explorer.solana.com/address/6p4Qyv5CLHdi8UGM6AjyXmyYMs1LvsqX4gftkyXADLex",500,"https://cops.game/","Robber#21091","[{""trait_type"":""Skin"",""value"":""Orange Tanned""},{""trait_type"":""Feet"",""value"":""Green""},{""trait_type"":""Pants"",""value"":""Jeans""},{""trait_type"":""Outfit"",""value"":""Ripped""},{""trait_type"":""Face"",""value"":""None""},{""trait_type"":""Hat"",""value"":""Fedora""},{""trait_type"":""Type"",""value"":""Robber""},{""trait_type"":""Generation"",""value"":""Gen 2""}]","https://copsgame.s3-us-west-1.amazonaws.com/gen2/images/153b3d233533b6e2f2ea5a3139ae7ae8.png","image","[{""uri"":""https://copsgame.s3-us-west-1.amazonaws.com/gen2/images/153b3d233533b6e2f2ea5a3139ae7ae8.png"",""type"":""image/png""}]","[{""address"":""MEXuhNRByHZmdL8e9C7nhS9SZ8WrNQ6WeWDWBeEQ8u4"",""share"":100}]","","Cops Game is a collection of P2E NFT mult-staking game on the Solana blockchain"
"[""A9ajXDuhEsoY7dekvQXdCreawVHkqZy5DJr5XTfxri6m"",""MEXuhNRByHZmdL8e9C7nhS9SZ8WrNQ6WeWDWBeEQ8u4""]","Robber#40186","[0,100]","","https://copsgame.s3-us-west-1.amazonaws.com/gen3/metadata/ac5804427405a7e16781727a457a0606.json","[1,0]",true,"9oN8ssmY5SuBUthYauLKwKZmDAbdvhQaWCeLgmvbRWXJ",true,"MEXuhNRByHZmdL8e9C7nhS9SZ8WrNQ6WeWDWBeEQ8u4","https://explorer.solana.com/address/9oN8ssmY5SuBUthYauLKwKZmDAbdvhQaWCeLgmvbRWXJ",500,"https://cops.game/","Robber#40186","[{""trait_type"":""Skin"",""value"":""Tanned""},{""trait_type"":""Feet"",""value"":""Red""},{""trait_type"":""Pants"",""value"":""Jeans""},{""trait_type"":""Outfit"",""value"":""Ripped""},{""trait_type"":""Face"",""value"":""Show Off""},{""trait_type"":""Hat"",""value"":""Wooly""},{""trait_type"":""Type"",""value"":""Robber""},{""trait_type"":""Generation"",""value"":""Gen 3""}]","https://copsgame.s3-us-west-1.amazonaws.com/gen3/images/ac5804427405a7e16781727a457a0606.png","image","[{""uri"":""https://copsgame.s3-us-west-1.amazonaws.com/gen3/images/ac5804427405a7e16781727a457a0606.png"",""type"":""image/png""}]","[{""address"":""MEXuhNRByHZmdL8e9C7nhS9SZ8WrNQ6WeWDWBeEQ8u4"",""share"":100}]","","Cops Game is a collection of P2E NFT mult-staking game on the Solana blockchain"
"[""A9ajXDuhEsoY7dekvQXdCreawVHkqZy5DJr5XTfxri6m"",""MEXuhNRByHZmdL8e9C7nhS9SZ8WrNQ6WeWDWBeEQ8u4""]","Cop#40769","[0,100]","","https://copsgame.s3-us-west-1.amazonaws.com/gen3/metadata/3ce31b2ac756009a5bd54432b7151ebe.json","[1,0]",true,"4L66JXPCTisSUS6nEiVMSdPQ9E74kPscvrgBNtCWtagr",true,"MEXuhNRByHZmdL8e9C7nhS9SZ8WrNQ6WeWDWBeEQ8u4","https://explorer.solana.com/address/4L66JXPCTisSUS6nEiVMSdPQ9E74kPscvrgBNtCWtagr",500,"https://cops.game/","Cop#40769","[{""trait_type"":""Skin"",""value"":""Dark Brown""},{""trait_type"":""Feet"",""value"":""Beige""},{""trait_type"":""Pants"",""value"":""Dirty""},{""trait_type"":""Outfit"",""value"":""Blue""},{""trait_type"":""Face"",""value"":""None""},{""trait_type"":""Hat"",""value"":""Blue""},{""trait_type"":""Type"",""value"":""Cop""},{""trait_type"":""Rank"",""value"":""Detective""},{""trait_type"":""Generation"",""value"":""Gen 3""}]","https://copsgame.s3-us-west-1.amazonaws.com/gen3/images/3ce31b2ac756009a5bd54432b7151ebe.png","image","[{""uri"":""https://copsgame.s3-us-west-1.amazonaws.com/gen3/images/3ce31b2ac756009a5bd54432b7151ebe.png"",""type"":""image/png""}]","[{""address"":""MEXuhNRByHZmdL8e9C7nhS9SZ8WrNQ6WeWDWBeEQ8u4"",""share"":100}]","","Cops Game is a collection of P2E NFT mult-staking game on the Solana blockchain"
"[""7s9HDid18E2jQ3tiuVZYa3KN9KyLgFBi7XJ3ZJJLsQr7"",""MEXuhNRByHZmdL8e9C7nhS9SZ8WrNQ6WeWDWBeEQ8u4""]","Cop#20958","[0,100]","","https://copsgame.s3-us-west-1.amazonaws.com/gen2/metadata/ffbdc7e7166d2b6ea285cd70356398f1.json","[1,0]",true,"HgnHtPnShSEj9jtpe3xyMospEqJwPxrz2wyBXK6PmSaP",true,"MEXuhNRByHZmdL8e9C7nhS9SZ8WrNQ6WeWDWBeEQ8u4","https://explorer.solana.com/address/HgnHtPnShSEj9jtpe3xyMospEqJwPxrz2wyBXK6PmSaP",500,"https://cops.game/","Cop#20958","[{""trait_type"":""Skin"",""value"":""Orange Tanned""},{""trait_type"":""Feet"",""value"":""Brown""},{""trait_type"":""Pants"",""value"":""Ripped""},{""trait_type"":""Outfit"",""value"":""White Shirt""},{""trait_type"":""Face"",""value"":""None""},{""trait_type"":""Hat"",""value"":""Russian""},{""trait_type"":""Type"",""value"":""Cop""},{""trait_type"":""Rank"",""value"":""Lieutenant""},{""trait_type"":""Generation"",""value"":""Gen 2""}]","https://copsgame.s3-us-west-1.amazonaws.com/gen2/images/ffbdc7e7166d2b6ea285cd70356398f1.png","image","[{""uri"":""https://copsgame.s3-us-west-1.amazonaws.com/gen2/images/ffbdc7e7166d2b6ea285cd70356398f1.png"",""type"":""image/png""}]","[{""address"":""MEXuhNRByHZmdL8e9C7nhS9SZ8WrNQ6WeWDWBeEQ8u4"",""share"":100}]","","Cops Game is a collection of P2E NFT mult-staking game on the Solana blockchain"
"[""6QF3dhdtMabjKsZ48VqDsQMYm2rAkEJRgMc3Z9JgFZV8"",""MEXuhNRByHZmdL8e9C7nhS9SZ8WrNQ6WeWDWBeEQ8u4""]","Robber#01449","[0,100]","","https://copsgame.s3-us-west-1.amazonaws.com/gen0/metadata/3d9c97062499525891b983f0e1c7211e.json","[1,0]",true,"22bbiVkQKWSUXc82nHCiAwowovfP6kkod5prbYz8Ffgd",true,"MEXuhNRByHZmdL8e9C7nhS9SZ8WrNQ6WeWDWBeEQ8u4","https://explorer.solana.com/address/22bbiVkQKWSUXc82nHCiAwowovfP6kkod5prbYz8Ffgd",500,"https://cops.game/","Robber#01449","[{""trait_type"":""Skin"",""value"":""Black""},{""trait_type"":""Feet"",""value"":""Green""},{""trait_type"":""Pants"",""value"":""Black""},{""trait_type"":""Outfit"",""value"":""Damaged""},{""trait_type"":""Face"",""value"":""Spy""},{""trait_type"":""Hat"",""value"":""Peaky""},{""trait_type"":""Type"",""value"":""Robber""},{""trait_type"":""Generation"",""value"":""Gen 0""}]","https://copsgame.s3-us-west-1.amazonaws.com/gen0/images/3d9c97062499525891b983f0e1c7211e.png","image","[{""uri"":""https://copsgame.s3-us-west-1.amazonaws.com/gen0/images/3d9c97062499525891b983f0e1c7211e.png"",""type"":""image/png""}]","[{""address"":""MEXuhNRByHZmdL8e9C7nhS9SZ8WrNQ6WeWDWBeEQ8u4"",""share"":100}]","","Cops Game is a collection of 10,000 P2E NFT mult-staking game on the Solana blockchain"
"[""6QF3dhdtMabjKsZ48VqDsQMYm2rAkEJRgMc3Z9JgFZV8"",""MEXuhNRByHZmdL8e9C7nhS9SZ8WrNQ6WeWDWBeEQ8u4""]","Robber#09562","[0,100]","","https://copsgame.s3-us-west-1.amazonaws.com/gen0/metadata/12bdd01ad846d9054a4647578f2aa84b.json","[1,0]",true,"EFcjW8uYqAqJGuN4u41mjbwR236SWPNRUa3WUcZJ3BFV",true,"MEXuhNRByHZmdL8e9C7nhS9SZ8WrNQ6WeWDWBeEQ8u4","https://explorer.solana.com/address/EFcjW8uYqAqJGuN4u41mjbwR236SWPNRUa3WUcZJ3BFV",500,"https://cops.game/","Robber#09562","[{""trait_type"":""Skin"",""value"":""Dark Brown""},{""trait_type"":""Feet"",""value"":""Sandals""},{""trait_type"":""Pants"",""value"":""Prisoners""},{""trait_type"":""Outfit"",""value"":""Looty""},{""trait_type"":""Face"",""value"":""Covid""},{""trait_type"":""Hat"",""value"":""Peaky""},{""trait_type"":""Type"",""value"":""Robber""},{""trait_type"":""Generation"",""value"":""Gen 0""}]","https://copsgame.s3-us-west-1.amazonaws.com/gen0/images/12bdd01ad846d9054a4647578f2aa84b.png","image","[{""uri"":""https://copsgame.s3-us-west-1.amazonaws.com/gen0/images/12bdd01ad846d9054a4647578f2aa84b.png"",""type"":""image/png""}]","[{""address"":""MEXuhNRByHZmdL8e9C7nhS9SZ8WrNQ6WeWDWBeEQ8u4"",""share"":100}]","","Cops Game is a collection of 10,000 P2E NFT mult-staking game on the Solana blockchain"
"[""A9ajXDuhEsoY7dekvQXdCreawVHkqZy5DJr5XTfxri6m"",""MEXuhNRByHZmdL8e9C7nhS9SZ8WrNQ6WeWDWBeEQ8u4""]","Robber#48751","[0,100]","","https://copsgame.s3-us-west-1.amazonaws.com/gen3/metadata/d10e90b547bd2206358b9fbee256295c.json","[1,0]",true,"F5FV8dRXzetCCxAzuypXA4MDMDCr2jY8woxzghfzpvCn",true,"MEXuhNRByHZmdL8e9C7nhS9SZ8WrNQ6WeWDWBeEQ8u4","https://explorer.solana.com/address/F5FV8dRXzetCCxAzuypXA4MDMDCr2jY8woxzghfzpvCn",500,"https://cops.game/","Robber#48751","[{""trait_type"":""Skin"",""value"":""Yellow""},{""trait_type"":""Feet"",""value"":""Green""},{""trait_type"":""Pants"",""value"":""Jeans""},{""trait_type"":""Outfit"",""value"":""Damaged""},{""trait_type"":""Face"",""value"":""Zoro""},{""trait_type"":""Hat"",""value"":""Peaky""},{""trait_type"":""Type"",""value"":""Robber""},{""trait_type"":""Generation"",""value"":""Gen 3""}]","https://copsgame.s3-us-west-1.amazonaws.com/gen3/images/d10e90b547bd2206358b9fbee256295c.png","image","[{""uri"":""https://copsgame.s3-us-west-1.amazonaws.com/gen3/images/d10e90b547bd2206358b9fbee256295c.png"",""type"":""image/png""}]","[{""address"":""MEXuhNRByHZmdL8e9C7nhS9SZ8WrNQ6WeWDWBeEQ8u4"",""share"":100}]","","Cops Game is a collection of P2E NFT mult-staking game on the Solana blockchain"
"[""4egxmP2CvFPuc2QegwdEHJW1sfG48ZyPBAHZV1bUjwJu"",""72sucJXZQ8h6hbSSNLjQC6GqfcSpPk1jH1NoGvZ9SzN7""]","","[0,100]","$LST","https://testlaunchmynft.mypinata.cloud/ipfs/QmaJakanUsXEZaGhMvTxbzNP7masrfEHaXKBs7betPyC6U/59.json","[1,0]",true,"DXdPxTuyH5teDreTrp8j4T6z6BqUUjyoSqmrEGLLiCKC",true,"72sucJXZQ8h6hbSSNLjQC6GqfcSpPk1jH1NoGvZ9SzN7","https://explorer.solana.com/address/DXdPxTuyH5teDreTrp8j4T6z6BqUUjyoSqmrEGLLiCKC",500,"","Lovely Girls151","[{""trait_type"":""Background"",""value"":""Light Pink""},{""trait_type"":""Body"",""value"":""Body""},{""trait_type"":""Hair"",""value"":""Tails Silver""},{""trait_type"":""Expression"",""value"":""Smile""},{""trait_type"":""Blush"",""value"":""2""},{""trait_type"":""Accessiories"",""value"":""None""},{""trait_type"":""Glasses"",""value"":""None""},{""trait_type"":""Clothes"",""value"":""Hoodie Blue""},{""trait_type"":""Rarity Rank"",""value"":447,""display_type"":""number"",""max_value"":777}]","https://testlaunchmynft.mypinata.cloud/ipfs/QmPDu4w3N8XfQJ4cQP1nrqunBMQHTJstzWTsdFjK3xapno/59.png","image","[{""uri"":""https://testlaunchmynft.mypinata.cloud/ipfs/QmPDu4w3N8XfQJ4cQP1nrqunBMQHTJstzWTsdFjK3xapno/59.png"",""type"":""image/png""}]","[{""address"":""72sucJXZQ8h6hbSSNLjQC6GqfcSpPk1jH1NoGvZ9SzN7"",""share"":100}]","LST","Lovely Girls151 - a collection of 777 NFT. Gain access to Airdrop of our next collection & The opportunity to get comics"
"[""A3YoUrpRZNMNvPAS7cpVQtYtF9iW5vdXcR4qTfanNL5j"",""RRUMF9KYPcvNSmnicNMAFKx5wDYix3wjNa6bA7R6xqA"",""DFvNsRC6ctWP9H627k1An4mjDEdyWSbNgwLKvL2DEyP6""]","Almost Famous Pandas #2165","[0,10,90]","AFP","https://bafybeigigdowv2l4fx3l2vijg2fj4iclxy2vpk6rkq7zj3gu22nt5pvofq.ipfs.dweb.link/2164.json","[1,0,0]",true,"44gNWhpMnfNna8k52WN7AtWiraGSaQWx78Um5HXG6eLd",true,"HALWJKhdRPk79XnVMg5wozWhsZtUe4UwSTqvvRGRpyR1","https://explorer.solana.com/address/44gNWhpMnfNna8k52WN7AtWiraGSaQWx78Um5HXG6eLd",800,"https://afpnft.com","Almost Famous Pandas #2165","[{""trait_type"":""Outfit"",""value"":""Blue Stripes""},{""trait_type"":""Head"",""value"":""Red Headphones""},{""trait_type"":""Glasses"",""value"":""None""},{""trait_type"":""Eyes"",""value"":""Green Laser""},{""trait_type"":""Extras"",""value"":""None""},{""trait_type"":""Skin"",""value"":""None""},{""trait_type"":""Mouth"",""value"":""Grill""},{""trait_type"":""Body"",""value"":""Base""},{""trait_type"":""Background"",""value"":""Brown""},{""trait_type"":""Face"",""value"":""None""}]","https://bafybeie6yma4bwgp5b6f37vrv25krluqpag4qdmy7eqkywflkvqj3udvgm.ipfs.dweb.link/2164.png?ext=png","image","[{""uri"":""https://bafybeie6yma4bwgp5b6f37vrv25krluqpag4qdmy7eqkywflkvqj3udvgm.ipfs.dweb.link/2164.png?ext=png"",""type"":""image/png""}]","[{""address"":""RRUMF9KYPcvNSmnicNMAFKx5wDYix3wjNa6bA7R6xqA"",""share"":10},{""address"":""DFvNsRC6ctWP9H627k1An4mjDEdyWSbNgwLKvL2DEyP6"",""share"":90}]","AFP",""
"[""6y47sFxNAdXeZ6uTtkjMNS9ZDczwghxmV8dSdgEASBDr"",""3HQvFVCTujuci5HWSbgoA6YHDSaeo9KNBRwDYZeuqUcN""]","Los Cactus Hermanos #1915","[0,100]","CACTUS","https://arweave.net/tlSUt8pUVbPXnUl7i8skjxCxpw8Svtf-fTSwKzfXovE","[1,0]",true,"J5Zd1b7unHpJjGSjLoLyv8oyhvUUkVBgwox9E4yjwX6c",true,"3HQvFVCTujuci5HWSbgoA6YHDSaeo9KNBRwDYZeuqUcN","https://explorer.solana.com/address/J5Zd1b7unHpJjGSjLoLyv8oyhvUUkVBgwox9E4yjwX6c",1000,"https://loscactushermanos.io","Los Cactus Hermanos #1915","[{""trait_type"":""Background"",""value"":""Magical""},{""trait_type"":""Base"",""value"":""Aquarium""},{""trait_type"":""Back"",""value"":""None""},{""trait_type"":""Mouth"",""value"":""Smiley""},{""trait_type"":""Clothes"",""value"":""Black T-Shirt""},{""trait_type"":""Accessory"",""value"":""None""},{""trait_type"":""Eyes"",""value"":""Wide Open""},{""trait_type"":""Head"",""value"":""Blue Reverse Cap""}]","https://www.arweave.net/o9es-2s52vaEINPGjOoSmoo0_-KiKY3e6J95RQLxnFs?ext=png","image","[{""uri"":""https://www.arweave.net/o9es-2s52vaEINPGjOoSmoo0_-KiKY3e6J95RQLxnFs?ext=png"",""type"":""image/png""}]","[{""address"":""9VwCGqgfbf9W2LDpXpjhJvsH3juvRG51c3e2yChmGfzp"",""share"":18},{""address"":""GFGCtJNfHpinKXbnFZLtG1oyNqQExALngHyX9Xq5B9Ta"",""share"":18},{""address"":""6ewksRp8yBajdTaABnrEyryWUfuAjwCQuQfimTpZMcxp"",""share"":64}]","CACTUS","3333 Cactus Brothers living in PeyoteVille/Solana NFT blockchain."
"[""2DXWoqh6dCp8VFWwuPszWXcWAnegaEMyT4UVgRMJJzQn"",""EVapCT5kwVoR8umsNuxBHj4r4FK5zjf3AYi1fXtVu9Ue"",""8pJyixptCqPPLSkT9qqjMmJjAELdP8YiGsL1ihNmSsaE""]","MEGAM1 #7168","[0,0,100]","MEGAM1","https://arweave.net/0pJiNwtG5CSo1v0GhVgLRE0AOwNXO0kTajPj_uzeryk","[1,1,0]",true,"AFedqrT7CcMdgVSKH1z5yV5Ke2BCsmHvQDNwzcnY3pvP",true,"EVapCT5kwVoR8umsNuxBHj4r4FK5zjf3AYi1fXtVu9Ue","https://explorer.solana.com/address/AFedqrT7CcMdgVSKH1z5yV5Ke2BCsmHvQDNwzcnY3pvP",5000,"www.kam1.com","MEGAM1 #7168","[{""trait_type"":""Background"",""value"":""Purple""},{""trait_type"":""Skin"",""value"":""Pale""},{""trait_type"":""Mouth"",""value"":""Angry""},{""trait_type"":""Eyes"",""value"":""Purple""},{""trait_type"":""Face Accessories"",""value"":""Ninja Mask""},{""trait_type"":""Hair"",""value"":""Samurai Bun""},{""trait_type"":""Clothe"",""value"":""Hoodie""}]","https://www.arweave.net/SmA1RgDdUHAJmnvYem51FwrKJq1Ec_qGZ0CG1mj5jrc?ext=png","image","[{""uri"":""https://www.arweave.net/SmA1RgDdUHAJmnvYem51FwrKJq1Ec_qGZ0CG1mj5jrc?ext=png"",""type"":""image/png""}]","[{""address"":""8pJyixptCqPPLSkT9qqjMmJjAELdP8YiGsL1ihNmSsaE"",""share"":100}]","MEGAM1","The mythical world of Izuno knew no strife, felt no hunger, and knew only bliss for centuries. That all changed when the demons attacked. Now, 7,749 of the greatest MEGAM1 have descended to protect the citizens from utter chaos."
"[""FHqVW2Pqri7pVb2RmztN2jHVNpZBED6M3xVe6wkdC1b5"",""9A9aM4RL4qbcGWgEQoQz3g1g1BbXjDxgZi6RVk2Hfo4d""]","Grumpy Dragon #682","[0,100]","GD","https://arweave.net/q3Hi75uq9BTvc1z0PhvwYUEMFu6DLXjF7uUv0Ayb3es","[1,0]",true,"8BnXbMjSa9nwZPez5FJsWPVKetKp8ekZsD77hhLeEa7F",true,"9A9aM4RL4qbcGWgEQoQz3g1g1BbXjDxgZi6RVk2Hfo4d","https://explorer.solana.com/address/8BnXbMjSa9nwZPez5FJsWPVKetKp8ekZsD77hhLeEa7F",500,"","Grumpy Dragon #682","[{""trait_type"":""Background"",""value"":""Underwater""},{""trait_type"":""Body"",""value"":""Gold""},{""trait_type"":""Clothes"",""value"":""Tuxedo""},{""trait_type"":""Necklace"",""value"":""None""},{""trait_type"":""Mouth"",""value"":""Cigarette""},{""trait_type"":""Eyes"",""value"":""Blindfold""},{""trait_type"":""Earrings"",""value"":""Emerald Earring""},{""trait_type"":""Hat"",""value"":""None""},{""display_type"":""number"",""trait_type"":""sequence"",""value"":682}]","https://www.arweave.net/1wrxURYXJYF0-ss83kcDw55STTDXw3hY0EcNJ0bKXOU?ext=png","image",,"[{""address"":""9A9aM4RL4qbcGWgEQoQz3g1g1BbXjDxgZi6RVk2Hfo4d"",""verified"":true,""share"":100}]","GD","Grumpy Dragon #682"
"[""H5ZnvYPN1KKppttVQbGn5fBd3FCKJPpvdPueR3ZmwygU"",""2sYfa1ad9tVCzDyQj1uVPk5R5Y25XBfYUeSherqdrVuf"",""6gCC7xkqxWtkrgvuhsW2GNMQgzbSC7Qmqj7Z6yxvMZby""]","StickMen Solana #216","[0,50,50]","YC","https://arweave.net/TGqkE3IpGrSaGx6oCgNX4hxwR7D1iVwDa8XrAb6AW7A","[1,0,0]",true,"DuPptNP8MYs58rBirXvAk5eMvofJwDY6FgGcKZ73J3n4",true,"8BTVJbVk5VHALkSt2iC3pcnq9838V7WbKHRE7pjL2SNq","https://explorer.solana.com/address/DuPptNP8MYs58rBirXvAk5eMvofJwDY6FgGcKZ73J3n4",1500,"https://www.stickmensolana.online","StickMen Solana #216","[{""trait_type"":""Background"",""value"":""Black&Pink""},{""trait_type"":""Wings"",""value"":""Blank""},{""trait_type"":""Body"",""value"":""Normal""},{""trait_type"":""Heads"",""value"":""Santa_Hat""},{""trait_type"":""Chain"",""value"":""None""},{""trait_type"":""Mouth"",""value"":""Cigarette""},{""trait_type"":""Belt"",""value"":""None""}]","https://www.arweave.net/wJiZlMPhO_mJ687dOwQvcDDGR6zIJZEfAVHKLb_77ZE?ext=png","image","[{""uri"":""https://www.arweave.net/wJiZlMPhO_mJ687dOwQvcDDGR6zIJZEfAVHKLb_77ZE?ext=png"",""type"":""image/png""}]","[{""address"":""2sYfa1ad9tVCzDyQj1uVPk5R5Y25XBfYUeSherqdrVuf"",""share"":50},{""address"":""6gCC7xkqxWtkrgvuhsW2GNMQgzbSC7Qmqj7Z6yxvMZby"",""share"":50}]","YC","stickmen on solana"
"[""AwE5waEzG7K2kmQ3Rz8PA7EjwEEWNevWhDupLHiN31H9"",""E4GwwRSLW2rVpzrfatRnNLda3zDed3W7JKM3tWAxCZza""]","ART #00771","[0,100]","KFC","https://arweave.net/z1_EKO6HXhH_7H7-iREkw3vacera_2aHXarRoEA3-wU","[1,0]",true,"5aZ1zkxTRXuPrdmuZi3EiEhZvNJHoHnHeMvrGgkDVkR6",true,"E4GwwRSLW2rVpzrfatRnNLda3zDed3W7JKM3tWAxCZza","https://explorer.solana.com/address/5aZ1zkxTRXuPrdmuZi3EiEhZvNJHoHnHeMvrGgkDVkR6",750,,"ART #00771","[{""trait_type"":""Background"",""value"":""Rainbow Gradient""},{""trait_type"":""Body"",""value"":""Normal""},{""trait_type"":""Clothes"",""value"":""Hoodie""},{""trait_type"":""Ears"",""value"":""Normal""},{""trait_type"":""Mouth"",""value"":""Water Bottle""},{""trait_type"":""Eyes"",""value"":""Ski Goggles""},{""trait_type"":""Hat"",""value"":""None""},{""trait_type"":""Earrings"",""value"":""Cartilage Hoop""},{""trait_type"":""Hands"",""value"":""Balloon Sword""}]","https://www.arweave.net/0wm3gQSrqCIm6z8cNvFw0eA4RSJNmoajlWzH2XzfBPU?ext=png","image","[{""uri"":""https://www.arweave.net/0wm3gQSrqCIm6z8cNvFw0eA4RSJNmoajlWzH2XzfBPU?ext=png"",""type"":""image/png""}]","[{""address"":""E4GwwRSLW2rVpzrfatRnNLda3zDed3W7JKM3tWAxCZza"",""share"":100}]","KFC","This is your loyal Kang fighter. Take care of him and he'll take of you. See you in the ring! "
"[""4bsFdFvtTF8YTErfnqDL7TTqVZpxetLy3HvhEQwa1mgw"",""28s2qka7W1dq99NjfXR4L7dtcKw1PYCCL1qUwg8FQX4Z"",""4qkTQq4KHTEGyo8rSYkY4FTvcbSxauibUnUcq89i4YRL""]","362","[0,90,10]","LDHC","https://arweave.net/7rTGr2HvhYEK3Pm5TueL4J2PXQqF56njHr4Gs_YRpHI","[1,0,0]",true,"5oiikBQhKcGQekGSCDbjzS85Ft4GNAKuKsGivgGTDuwf",true,"7F4qPqte3GnzXxnuRdneHbQ6pSzj2wf8nbopJKpnGAZg","https://explorer.solana.com/address/5oiikBQhKcGQekGSCDbjzS85Ft4GNAKuKsGivgGTDuwf",499,"","Lambo DHC #3404","[{""trait_type"":""serial"",""value"":""3404""},{""trait_type"":""Model"",""value"":""Huracan""},{""trait_type"":""Color"",""value"":""LimeGreen""},{""trait_type"":""Background"",""value"":""HODL""},{""trait_type"":""Reflection"",""value"":""No""},{""trait_type"":""Theme"",""value"":""GodMode""},{""trait_type"":""Driver"",""value"":""MaleBrunette""}]","https://arweave.net/ci211jNa_d6CFbRwURRb-eTG_x9LwJbbgAHST_M38Jk","image","[{""uri"":""https://arweave.net/ci211jNa_d6CFbRwURRb-eTG_x9LwJbbgAHST_M38Jk"",""type"":""image/png""}]","[{""address"":""28s2qka7W1dq99NjfXR4L7dtcKw1PYCCL1qUwg8FQX4Z"",""share"":90},{""address"":""4qkTQq4KHTEGyo8rSYkY4FTvcbSxauibUnUcq89i4YRL"",""share"":10}]","LDHC","Incredible pixel Lambos for you to flash and ride around till you get your real Lambo! May the crypto Gods forever shine on our Lambo dreams."
"[""8s3m62zi5WKeJNzWCYWx7LybUBb6ZfSUsS5WJp6ZGwSn"",""HzUjGR4QbXDnvWTZPdhfMggZTmErJTXUgyumdQzjQTxx"",""389jTPrjobRhdRasQokLVqvUuS7mAuR4wdBwSdCiwXtb"",""9DhL7PhVnCfro4kKfWkyFPDSgxPLajBTmTkjJSoZcQGg""]","Solana Giraffes #71","[0,50,30,20]","Giraffe","https://arweave.net/jv2rRATaSMdAi7zgdDEQJiKnDxRAeaxvxppvk1mltRY","[1,0,0,0]",true,"FMZ9FeYAjcvekZUZS1hayo41w6rnJWpthUX1HJHLdo92",true,"HDK6WQiLnxW6mkXJZ3UKCYkf6auFGmvyzLzGpMya13jr","https://explorer.solana.com/address/FMZ9FeYAjcvekZUZS1hayo41w6rnJWpthUX1HJHLdo92",800,"https://discord.gg/MpkqFRUjcw","Solana Giraffes #71","[{""trait_type"":""Background"",""value"":""Green""},{""trait_type"":""Body"",""value"":""Alien""},{""trait_type"":""Chain"",""value"":""None""},{""trait_type"":""Hat"",""value"":""Purple durag""},{""trait_type"":""Floor"",""value"":""Stone""},{""trait_type"":""Eyes"",""value"":""Alien""},{""trait_type"":""Mouth"",""value"":""None""}]","https://arweave.net/Yk9K9GaUN-pp69Sce0JI2hmYOviZPMLzRdgXJyHTwqs?ext=png","image","[{""uri"":""https://arweave.net/Yk9K9GaUN-pp69Sce0JI2hmYOviZPMLzRdgXJyHTwqs?ext=png"",""type"":""image/png""}]","[{""address"":""HzUjGR4QbXDnvWTZPdhfMggZTmErJTXUgyumdQzjQTxx"",""share"":50},{""address"":""389jTPrjobRhdRasQokLVqvUuS7mAuR4wdBwSdCiwXtb"",""share"":30},{""address"":""9DhL7PhVnCfro4kKfWkyFPDSgxPLajBTmTkjJSoZcQGg"",""share"":20}]","Giraffe","Giraffes wandering the Solana ecosystem."
"[""Be9fRwoZxRVZLm1VNezvk25vZhjAqGtAxP6hw3r6GK51"",""GkuN4Rjsw21zmp3EPTwH7rQLXdN2kZMM1My7acJ6QpBc""]","Raging Ape Gang #452","[0,100]","GAPES","https://arweave.net/gdYKElxIcA2oqB3_kgNciAiS3bDfT84TV4im7R9S7AM","[1,0]",true,"Bh3c9cnN9HPVKQEzGa4w2KXCKMFmhECikMccojhpei6A",true,"By9r2TCyDN9KmtxXKsvmiz86fmNsjXerH7mqiZJLfrj8","https://explorer.solana.com/address/Bh3c9cnN9HPVKQEzGa4w2KXCKMFmhECikMccojhpei6A",1000,"","Raging Ape Gang #452","[{""trait_type"":""Background"",""value"":""Red""},{""trait_type"":""Fur"",""value"":""Red""},{""trait_type"":""Face"",""value"":""Bored""},{""trait_type"":""Clothes"",""value"":""Banana Pj""},{""trait_type"":""Accessories"",""value"":""none""},{""trait_type"":""Hat"",""value"":""Beanie""}]","https://www.arweave.net/lt4qbRlm5vJSRvKMJxeDxX1jq8ikDoulilLB1Z6pj5A?ext=png","image","[{""uri"":""https://www.arweave.net/lt4qbRlm5vJSRvKMJxeDxX1jq8ikDoulilLB1Z6pj5A?ext=png"",""type"":""image/png""}]","[{""address"":""GkuN4Rjsw21zmp3EPTwH7rQLXdN2kZMM1My7acJ6QpBc"",""share"":100}]","GAPES","999 Furious Apes left for dead in raging fire pits! Bounded together by pain and anguish they arose from the flames! Transformed into something more enraged, the Raging Ape Gang!"
"[""ELXiZxgqKJ8kywJiHvawv9xdKpo47XFYQt7qZdAuzfGA"",""83Dy9BGxDnqe82S9Rm7pCZ5nXahoye6VinYRs8xosa3P""]","HoodChad #208","[0,100]","","https://arweave.net/9bbeEIp3_urE1FCg5yfjR_ESnC6CQJOyt4o2SO1UI58","[1,0]",true,"77U6Qo4a7WHTFm8oUUPwcMFuD3CN1SMKTkcynmt8gw4b",true,"8vfWKftTZYCPDbqgxcRdo4aL5X1JXFncYnJoMPPekx84","https://explorer.solana.com/address/77U6Qo4a7WHTFm8oUUPwcMFuD3CN1SMKTkcynmt8gw4b",600,"https://www.hoodchad.com/","HoodChad #208","[{""trait_type"":""BACKGROUND"",""value"":""Blue""},{""trait_type"":""SKIN"",""value"":""Alien""},{""trait_type"":""TATTOO"",""value"":""Cross Tattoo""},{""trait_type"":""UNDERWEAR"",""value"":""Black Tank""},{""trait_type"":""UPPERWEAR"",""value"":""Biker Vest""},{""trait_type"":""JEWELS"",""value"":""None""},{""trait_type"":""EYES"",""value"":""Dead""},{""trait_type"":""MOUTH"",""value"":""Sad""},{""trait_type"":""FACE"",""value"":""Elegant Glasses""},{""trait_type"":""HAT"",""value"":""Camo Bucket Hat""},{""trait_type"":""EPIC ACCESSORIES"",""value"":""None""}]","https://www.arweave.net/822dWCqfRS2C5IigpxRtdA-Lb6ZQl6uSXKtkeNn6ZAw?ext=png","image","[{""uri"":""https://www.arweave.net/822dWCqfRS2C5IigpxRtdA-Lb6ZQl6uSXKtkeNn6ZAw?ext=png"",""type"":""image/png""}]","[{""address"":""83Dy9BGxDnqe82S9Rm7pCZ5nXahoye6VinYRs8xosa3P"",""share"":100}]","","5000 unique Chad's hanging on Solana blockchain."
"[""8P75fmRhn44nZDdgedd5HfRusTHq5RgSVJD4CX9BsZh8"",""4HagS3ohrmBAYNgyPNAtqoZELdQ4G5KFpEqKjBYEzwYi""]","Furious Apes #451","[0,100]","FAPE","https://arweave.net/Gl62LcdixD9BQTsP2pUyeI83Z3HdPmeMU5k33qySJD8","[1,0]",true,"4c8XdVAi4BQbbprv7f97HUyJtCQLrMcmSauRY38f3DSc",true,"3qRgEhpJsVjXwHiNQQk5Y9NhGNcTAtEfk4XcpbZoTMzp","https://explorer.solana.com/address/4c8XdVAi4BQbbprv7f97HUyJtCQLrMcmSauRY38f3DSc",1000,"","Furious Apes #451","[{""trait_type"":""Background"",""value"":""Red""},{""trait_type"":""Fur"",""value"":""Red""},{""trait_type"":""Face"",""value"":""Bored""},{""trait_type"":""Clothes"",""value"":""Banana Pj""},{""trait_type"":""Accessories"",""value"":""none""},{""trait_type"":""Hat"",""value"":""Beanie""}]","https://www.arweave.net/n0ncYd8-5_5j9lXxz05pwImlqVglOoZCG4o4QaamINQ?ext=png","image","[{""uri"":""https://www.arweave.net/n0ncYd8-5_5j9lXxz05pwImlqVglOoZCG4o4QaamINQ?ext=png"",""type"":""image/png""}]","[{""address"":""4HagS3ohrmBAYNgyPNAtqoZELdQ4G5KFpEqKjBYEzwYi"",""share"":100}]","FAPE","999 Furious Apes looking to take over the Solana Metaverse"