"data.creators","data.name","data.share","data.symbol","data.uri","data.verified","is_mutable","mint","primary_sale_happened","update_authority","explorer_url","metaResult.name","metaResult.symbol","metaResult.description","metaResult.seller_fee_basis_points","metaResult.image","metaResult.external_url","metaResult.attributes","metaResult.properties.creators"
"[""F5FKqzjucNDYymjHLxMR2uBT43QmaqBAMJwjwkvRRw4A""]","SolPunk_#6777","[100]","SolPunks","https://arweave.net/7M91G_gGFXtMqrfc8W4DjhsMqaieLwIIJzg_coWZyJM","[1]",true,"AXVAvCZAEGdNzJQd4S6jPaTQuDnJBVCUbnUE8geR2Lc1",false,"F5FKqzjucNDYymjHLxMR2uBT43QmaqBAMJwjwkvRRw4A","https://explorer.solana.com/address/AXVAvCZAEGdNzJQd4S6jPaTQuDnJBVCUbnUE8geR2Lc1","SolPunk #6777","","SolPunk #6777 - Female",500,"https://arweave.net/DEADlnmmNNZGUdQ5i84SofhRXvr7XStIVzmIMzq3dlE","https://solpunks.com","[{""trait_type"":""Rank"",""value"":8258},{""trait_type"":""Skin"",""value"":""Albino""},{""trait_type"":""Type"",""value"":""Female""},{""trait_type"":""Attribute 1"",""value"":""Clown Eyes Green""},{""trait_type"":""Attribute 2"",""value"":""Wild Hair""},{""trait_type"":""Attribute Count"",""value"":2}]","[{""address"":""punknPuatYGcB6EM4Mt7q1qxz1PKhNiTmd1We1Srt9d"",""verified"":true,""share"":100}]"
"[""F5FKqzjucNDYymjHLxMR2uBT43QmaqBAMJwjwkvRRw4A""]","SolPunk_#2799","[100]","SolPunks","https://arweave.net/NT58MX1DoFAZKbz7j46T0lNj7h8iRz-zmQ35ZJWxL7U","[1]",true,"AQEsuact7FPom2oQ4sHsBj8YFYPjtMbe64FHWdbhMC7j",false,"F5FKqzjucNDYymjHLxMR2uBT43QmaqBAMJwjwkvRRw4A","https://explorer.solana.com/address/AQEsuact7FPom2oQ4sHsBj8YFYPjtMbe64FHWdbhMC7j","SolPunk #2799","","SolPunk #2799 - Female",500,"https://arweave.net/hRxw4sh9Vg22HZYsDiV32HY-3oyg-LZluW2BF-x7xHc","https://solpunks.com","[{""trait_type"":""Rank"",""value"":9429},{""trait_type"":""Skin"",""value"":""Albino""},{""trait_type"":""Type"",""value"":""Female""},{""trait_type"":""Attribute 1"",""value"":""Wild Hair""},{""trait_type"":""Attribute 2"",""value"":""Horned Rim Glasses""},{""trait_type"":""Attribute 3"",""value"":""Earring""},{""trait_type"":""Attribute Count"",""value"":3}]","[{""address"":""punknPuatYGcB6EM4Mt7q1qxz1PKhNiTmd1We1Srt9d"",""verified"":true,""share"":100}]"
"[""F5FKqzjucNDYymjHLxMR2uBT43QmaqBAMJwjwkvRRw4A""]","SolPunk_#5970","[100]","SolPunks","https://arweave.net/W3Qu_V3GfRmCYSePphQqVhWeePMMCx965hAC9htQYOs","[1]",true,"BaUMyZ1F8sHr9ySRSr5V4Zbo2C3EYS9KpAmi2XDX7wA",false,"F5FKqzjucNDYymjHLxMR2uBT43QmaqBAMJwjwkvRRw4A","https://explorer.solana.com/address/BaUMyZ1F8sHr9ySRSr5V4Zbo2C3EYS9KpAmi2XDX7wA","SolPunk #5970","","SolPunk #5970 - Male",500,"https://arweave.net/gFLuzp2lg90cG47bHGxBDY-5fInW6p7ROSjV-eoXlys","https://solpunks.com","[{""trait_type"":""Rank"",""value"":1431},{""trait_type"":""Skin"",""value"":""Light""},{""trait_type"":""Type"",""value"":""Male""},{""trait_type"":""Attribute 1"",""value"":""Cowboy Hat""},{""trait_type"":""Attribute 2"",""value"":""Handlebars""},{""trait_type"":""Attribute Count"",""value"":2}]","[{""address"":""punknPuatYGcB6EM4Mt7q1qxz1PKhNiTmd1We1Srt9d"",""verified"":true,""share"":100}]"
"[""F5FKqzjucNDYymjHLxMR2uBT43QmaqBAMJwjwkvRRw4A""]","SolPunk_#1487","[100]","SolPunks","https://arweave.net/9N-RYAUYWJsFp7jZ6C0ieuKmvvFReseVFEzPjuII77E","[1]",true,"HuGRUDyTF8H3VLv2zzKyLh4D2wQZmnZfdTg6QMEqaAVW",false,"F5FKqzjucNDYymjHLxMR2uBT43QmaqBAMJwjwkvRRw4A","https://explorer.solana.com/address/HuGRUDyTF8H3VLv2zzKyLh4D2wQZmnZfdTg6QMEqaAVW","SolPunk #1487","","SolPunk #1487 - Female",500,"https://arweave.net/QE2MTWo6oXLAOr7tbj3-PVeed1-FhzPGNfeyYXKJXuA","https://solpunks.com","[{""trait_type"":""Rank"",""value"":9348},{""trait_type"":""Skin"",""value"":""Mid""},{""trait_type"":""Type"",""value"":""Female""},{""trait_type"":""Attribute 1"",""value"":""Frumpy Hair""},{""trait_type"":""Attribute 2"",""value"":""Black Lipstick""},{""trait_type"":""Attribute Count"",""value"":2}]","[{""address"":""punknPuatYGcB6EM4Mt7q1qxz1PKhNiTmd1We1Srt9d"",""verified"":true,""share"":100}]"
"[""F5FKqzjucNDYymjHLxMR2uBT43QmaqBAMJwjwkvRRw4A""]","SolPunk_#5468","[100]","SolPunks","https://arweave.net/CR4dEdXUcXVUmqrJ3omevFRjEl41jkkbDb689F8_1S8","[1]",true,"EEGYGdYkqCBQpf2LLQs1tkF3HY83fmgRhYr71mV7rxTH",false,"F5FKqzjucNDYymjHLxMR2uBT43QmaqBAMJwjwkvRRw4A","https://explorer.solana.com/address/EEGYGdYkqCBQpf2LLQs1tkF3HY83fmgRhYr71mV7rxTH","SolPunk #5468","","SolPunk #5468 - Female",500,"https://arweave.net/SJtWSo7IkDTlkZqULO1tu2Yh2p7pHZn1BQz79NfnKAE","https://solpunks.com","[{""trait_type"":""Rank"",""value"":8497},{""trait_type"":""Skin"",""value"":""Light""},{""trait_type"":""Type"",""value"":""Female""},{""trait_type"":""Attribute 1"",""value"":""Clown Eyes Blue""},{""trait_type"":""Attribute 2"",""value"":""Wild Hair""},{""trait_type"":""Attribute 3"",""value"":""Purple Lipstick""},{""trait_type"":""Attribute Count"",""value"":3}]","[{""address"":""punknPuatYGcB6EM4Mt7q1qxz1PKhNiTmd1We1Srt9d"",""verified"":true,""share"":100}]"
"[""F5FKqzjucNDYymjHLxMR2uBT43QmaqBAMJwjwkvRRw4A""]","SolPunk_#7276","[100]","SolPunks","https://arweave.net/pHGm-ofRq9-ONJpeo5pbsBh8vPWBEGqHChItNL8qjIc","[1]",true,"DFM4KD2qi1G5gkm8CKtr2y6yu2FX2daEpm18SsEVLAFu",false,"F5FKqzjucNDYymjHLxMR2uBT43QmaqBAMJwjwkvRRw4A","https://explorer.solana.com/address/DFM4KD2qi1G5gkm8CKtr2y6yu2FX2daEpm18SsEVLAFu","SolPunk #7276","","SolPunk #7276 - Male",500,"https://arweave.net/X4HxumF8bxV1k4soqZagPm6mWAUQcx3JlSOZyDLunfs","https://solpunks.com","[{""trait_type"":""Rank"",""value"":9567},{""trait_type"":""Skin"",""value"":""Albino""},{""trait_type"":""Type"",""value"":""Male""},{""trait_type"":""Attribute 1"",""value"":""Messy Hair""},{""trait_type"":""Attribute 2"",""value"":""Mole""},{""trait_type"":""Attribute Count"",""value"":2}]","[{""address"":""punknPuatYGcB6EM4Mt7q1qxz1PKhNiTmd1We1Srt9d"",""verified"":true,""share"":100}]"
"[""F5FKqzjucNDYymjHLxMR2uBT43QmaqBAMJwjwkvRRw4A""]","SolPunk_#9033","[100]","SolPunks","https://arweave.net/-4mp96R24VRNqZmK3OzYXOdxn_UnNgt6LOYhBbcFzDE","[1]",true,"CeJwz53FNqwC2omohf2ajckt3WiAJXZ1nBVk7Tc5kwJq",false,"F5FKqzjucNDYymjHLxMR2uBT43QmaqBAMJwjwkvRRw4A","https://explorer.solana.com/address/CeJwz53FNqwC2omohf2ajckt3WiAJXZ1nBVk7Tc5kwJq","SolPunk #9033","","SolPunk #9033 - Male",500,"https://arweave.net/yKifB2sotd6o3h2UByV6H9QuaGjHSWc53eYaErJJysY","https://solpunks.com","[{""trait_type"":""Rank"",""value"":9559},{""trait_type"":""Skin"",""value"":""Albino""},{""trait_type"":""Type"",""value"":""Male""},{""trait_type"":""Attribute 1"",""value"":""Eye Patch""},{""trait_type"":""Attribute 2"",""value"":""Stringy Hair""},{""trait_type"":""Attribute Count"",""value"":2}]","[{""address"":""punknPuatYGcB6EM4Mt7q1qxz1PKhNiTmd1We1Srt9d"",""verified"":true,""share"":100}]"
"[""F5FKqzjucNDYymjHLxMR2uBT43QmaqBAMJwjwkvRRw4A""]","SolPunk_#5946","[100]","SolPunks","https://arweave.net/l4jHAgoff0K-AQT7iE7x2TkpD5TXp1cNGhINqsdvvYw","[1]",true,"EFpmDHdvAHt5fburzoQzbXDacHdHphQUngkpZr1whbfD",false,"F5FKqzjucNDYymjHLxMR2uBT43QmaqBAMJwjwkvRRw4A","https://explorer.solana.com/address/EFpmDHdvAHt5fburzoQzbXDacHdHphQUngkpZr1whbfD","SolPunk #5946","","SolPunk #5946 - Male",500,"https://arweave.net/MMCvbyw1-GmfpJxmQoeWO5bRkTxMgsOzW0sI9B8CQEU","https://solpunks.com","[{""trait_type"":""Rank"",""value"":6277},{""trait_type"":""Skin"",""value"":""Mid""},{""trait_type"":""Type"",""value"":""Male""},{""trait_type"":""Attribute 1"",""value"":""Luxurious Beard""},{""trait_type"":""Attribute 2"",""value"":""Small Shades""},{""trait_type"":""Attribute 3"",""value"":""Messy Hair""},{""trait_type"":""Attribute Count"",""value"":3}]","[{""address"":""punknPuatYGcB6EM4Mt7q1qxz1PKhNiTmd1We1Srt9d"",""verified"":true,""share"":100}]"
"[""F5FKqzjucNDYymjHLxMR2uBT43QmaqBAMJwjwkvRRw4A""]","SolPunk_#4237","[100]","SolPunks","https://arweave.net/vVoGhw95dvMpeeS2dokKrr8wgEsj7g2KIDSRwmHGqeI","[1]",true,"6TQQvY31etyV52wDBcPnz4ShYDVz6S4Pn6Fcgfgk5Bjn",false,"F5FKqzjucNDYymjHLxMR2uBT43QmaqBAMJwjwkvRRw4A","https://explorer.solana.com/address/6TQQvY31etyV52wDBcPnz4ShYDVz6S4Pn6Fcgfgk5Bjn","SolPunk #4237","","SolPunk #4237 - Female",500,"https://arweave.net/JsA6q68h2_U_vvNiOXeAg-HXv1PZ6b0l-L_eh1Jff7I","https://solpunks.com","[{""trait_type"":""Rank"",""value"":584},{""trait_type"":""Skin"",""value"":""Albino""},{""trait_type"":""Type"",""value"":""Female""},{""trait_type"":""Attribute 1"",""value"":""Pigtails""},{""trait_type"":""Attribute 2"",""value"":""Green Eye Shadow""},{""trait_type"":""Attribute 3"",""value"":""Purple Lipstick""},{""trait_type"":""Attribute Count"",""value"":3}]","[{""address"":""punknPuatYGcB6EM4Mt7q1qxz1PKhNiTmd1We1Srt9d"",""verified"":true,""share"":100}]"
"[""F5FKqzjucNDYymjHLxMR2uBT43QmaqBAMJwjwkvRRw4A""]","SolPunk_#5430","[100]","SolPunks","https://arweave.net/WPbJLB9IBqN3e1DPJLYQCAiWLyT81Sg9PEbxJwXk6Tw","[1]",true,"TL6AAiJvhXjyR3JoUuQDvSSm2xZLyiUWYP6TPVUBrT5",false,"F5FKqzjucNDYymjHLxMR2uBT43QmaqBAMJwjwkvRRw4A","https://explorer.solana.com/address/TL6AAiJvhXjyR3JoUuQDvSSm2xZLyiUWYP6TPVUBrT5","SolPunk #5430","","SolPunk #5430 - Male",500,"https://arweave.net/7hoUAb4N1nptZzhsZKQ7YXiTiEbLYgxFX0mpALJJXqs","https://solpunks.com","[{""trait_type"":""Rank"",""value"":987},{""trait_type"":""Skin"",""value"":""Dark""},{""trait_type"":""Type"",""value"":""Male""},{""trait_type"":""Attribute 1"",""value"":""Spots""},{""trait_type"":""Attribute 2"",""value"":""Luxurious Beard""},{""trait_type"":""Attribute 3"",""value"":""Earring""},{""trait_type"":""Attribute Count"",""value"":3}]","[{""address"":""punknPuatYGcB6EM4Mt7q1qxz1PKhNiTmd1We1Srt9d"",""verified"":true,""share"":100}]"
"[""F5FKqzjucNDYymjHLxMR2uBT43QmaqBAMJwjwkvRRw4A""]","SolPunk_#3144","[100]","SolPunks","https://arweave.net/SA4I4vsZaP4gvMWpHzpMG0UL0qYg4SwaXydNum9OPcU","[1]",true,"HCsTiqSxCCV5TBKawwYffAFNMF1WdUqdPbnooXg7RrJR",false,"F5FKqzjucNDYymjHLxMR2uBT43QmaqBAMJwjwkvRRw4A","https://explorer.solana.com/address/HCsTiqSxCCV5TBKawwYffAFNMF1WdUqdPbnooXg7RrJR","SolPunk #3144","","SolPunk #3144 - Male",500,"https://arweave.net/O1rVqvaaUb0DuoG_3ZXvUG0ky-C72a6ek2osB5546ZA","https://solpunks.com","[{""trait_type"":""Rank"",""value"":1457},{""trait_type"":""Skin"",""value"":""Dark""},{""trait_type"":""Type"",""value"":""Male""},{""trait_type"":""Attribute 1"",""value"":""Cowboy Hat""},{""trait_type"":""Attribute 2"",""value"":""Normal Beard Black""},{""trait_type"":""Attribute Count"",""value"":2}]","[{""address"":""punknPuatYGcB6EM4Mt7q1qxz1PKhNiTmd1We1Srt9d"",""verified"":true,""share"":100}]"
"[""E9YNH6cVuJFcpLvRT4buHjN6ZedzZY5UWNEosLvxncDW""]","TENJIN #4814","[100]","","https://arweave.net/NChKDTOAb5C29yRy5Gr5QnatH-hlabGUE59bgHvJiRQ","[1]",true,"FNrAsmo2nYryR5hDw2RaTpEt4g4WGpH1GeUYREeLFtCz",true,"E9YNH6cVuJFcpLvRT4buHjN6ZedzZY5UWNEosLvxncDW","https://explorer.solana.com/address/FNrAsmo2nYryR5hDw2RaTpEt4g4WGpH1GeUYREeLFtCz","TENJIN #4814","","Project Tenjin by AVTR Studios",1500,"https://arweave.net/r_z6r14rqnulVhN6yN_JqLy-3dgjneQHKOCwaNklNWI","https://www.projecttenjin.io/","[{""trait_type"":""Faction"",""value"":""Tenjin""}]","[{""address"":""CKHm3mnYsUhncMMNuX5HzcPZjQgBC6EMsUumdr2Voup9"",""share"":10},{""address"":""z5r4HQ7af3nk1aVjtNuaUBvczieqo83bcDYAKJUxG4A"",""share"":90}]"
"[""F5FKqzjucNDYymjHLxMR2uBT43QmaqBAMJwjwkvRRw4A""]","SolPunk_#2032","[100]","SolPunks","https://arweave.net/QQn243Ez5YUoJ1EBysOKI070-7Z_87oaJQ8HNx_giY4","[1]",true,"F8rWHy7kTA8J3j2LKxk6HRF8inZZNxTwkKHSLrDW7o3Q",false,"F5FKqzjucNDYymjHLxMR2uBT43QmaqBAMJwjwkvRRw4A","https://explorer.solana.com/address/F8rWHy7kTA8J3j2LKxk6HRF8inZZNxTwkKHSLrDW7o3Q","SolPunk #2032","","SolPunk #2032 - Male",500,"https://arweave.net/EdAxuluWOpYFpzfDirrPzKgVd2gZQ02rjKJojaDvm78","https://solpunks.com","[{""trait_type"":""Rank"",""value"":5087},{""trait_type"":""Skin"",""value"":""Light""},{""trait_type"":""Type"",""value"":""Male""},{""trait_type"":""Attribute 1"",""value"":""Frown""},{""trait_type"":""Attribute 2"",""value"":""Frumpy Hair""},{""trait_type"":""Attribute 3"",""value"":""Shadow Beard""},{""trait_type"":""Attribute 4"",""value"":""Earring""},{""trait_type"":""Attribute Count"",""value"":4}]","[{""address"":""punknPuatYGcB6EM4Mt7q1qxz1PKhNiTmd1We1Srt9d"",""verified"":true,""share"":100}]"
"[""F5FKqzjucNDYymjHLxMR2uBT43QmaqBAMJwjwkvRRw4A""]","SolPunk_#3301","[100]","SolPunks","https://arweave.net/EyJksZt6oT19Q7odpdGJPELzAF8pDWXOdTMJ_ojkDoo","[1]",true,"6o8ctvYUF5U7sCBDebLWPd2kgqLX5SKr4vdrUzdHzjJc",false,"F5FKqzjucNDYymjHLxMR2uBT43QmaqBAMJwjwkvRRw4A","https://explorer.solana.com/address/6o8ctvYUF5U7sCBDebLWPd2kgqLX5SKr4vdrUzdHzjJc","SolPunk #3301","","SolPunk #3301 - Female",500,"https://arweave.net/lmrJ5ZltGoGxIX2ZL5bOCfVx1_MWsXXd0D2Zu3IGc0o","https://solpunks.com","[{""trait_type"":""Rank"",""value"":2396},{""trait_type"":""Skin"",""value"":""Mid""},{""trait_type"":""Type"",""value"":""Female""},{""trait_type"":""Attribute 1"",""value"":""Half Shaved""},{""trait_type"":""Attribute 2"",""value"":""Nerd Glasses""},{""trait_type"":""Attribute 3"",""value"":""Hot Lipstick""},{""trait_type"":""Attribute Count"",""value"":3}]","[{""address"":""punknPuatYGcB6EM4Mt7q1qxz1PKhNiTmd1We1Srt9d"",""verified"":true,""share"":100}]"
"[""F5FKqzjucNDYymjHLxMR2uBT43QmaqBAMJwjwkvRRw4A""]","SolPunk_#7572","[100]","SolPunks","https://arweave.net/3rpUkEedkUAcJukLi-3awasDZVkcFWY1FkJdpk-8TXw","[1]",true,"Cj8p6PKEokMyanQcS2K2sffYbkR5XboVaEYfz11EgC2n",false,"F5FKqzjucNDYymjHLxMR2uBT43QmaqBAMJwjwkvRRw4A","https://explorer.solana.com/address/Cj8p6PKEokMyanQcS2K2sffYbkR5XboVaEYfz11EgC2n","SolPunk #7572","","SolPunk #7572 - Male",500,"https://arweave.net/EN0NZgtk60U00bki8fhW4O9VNQrEJi8OMNEgoM8g1ho","https://solpunks.com","[{""trait_type"":""Rank"",""value"":4000},{""trait_type"":""Skin"",""value"":""Light""},{""trait_type"":""Type"",""value"":""Male""},{""trait_type"":""Attribute 1"",""value"":""Police Cap""},{""trait_type"":""Attribute 2"",""value"":""Shadow Beard""},{""trait_type"":""Attribute 3"",""value"":""Regular Shades""},{""trait_type"":""Attribute Count"",""value"":3}]","[{""address"":""punknPuatYGcB6EM4Mt7q1qxz1PKhNiTmd1We1Srt9d"",""verified"":true,""share"":100}]"
"[""F5FKqzjucNDYymjHLxMR2uBT43QmaqBAMJwjwkvRRw4A""]","SolPunk_#1854","[100]","SolPunks","https://arweave.net/rI7xuKiNgRrgiwO4uoc4mdxmS6EMt3ZF-e-PgtPy7zU","[1]",true,"GVzEcyWjBXqhzanh3SMwvcjrRDiYT9w5NDumUa1kjEm1",false,"F5FKqzjucNDYymjHLxMR2uBT43QmaqBAMJwjwkvRRw4A","https://explorer.solana.com/address/GVzEcyWjBXqhzanh3SMwvcjrRDiYT9w5NDumUa1kjEm1","SolPunk #1854","","SolPunk #1854 - Female",500,"https://arweave.net/XDkyCWRQtRZ0-5-ZajIoozm83047klTAcpk-EQ0rkQQ","https://solpunks.com","[{""trait_type"":""Rank"",""value"":492},{""trait_type"":""Skin"",""value"":""Albino""},{""trait_type"":""Type"",""value"":""Female""},{""trait_type"":""Attribute 1"",""value"":""Welding Goggles""},{""trait_type"":""Attribute 2"",""value"":""Blonde Short""},{""trait_type"":""Attribute 3"",""value"":""Hot Lipstick""},{""trait_type"":""Attribute 4"",""value"":""Earring""},{""trait_type"":""Attribute Count"",""value"":4}]","[{""address"":""punknPuatYGcB6EM4Mt7q1qxz1PKhNiTmd1We1Srt9d"",""verified"":true,""share"":100}]"
"[""F5FKqzjucNDYymjHLxMR2uBT43QmaqBAMJwjwkvRRw4A""]","SolPunk_#4769","[100]","SolPunks","https://arweave.net/z20spqcnNV744oSOOQ8MA31aBG5HwskAwAH3ti58yCA","[1]",true,"32vxwbvhTCe4D2i8sje3nFFepNjxMRnJY6t3BKJn1ZER",false,"F5FKqzjucNDYymjHLxMR2uBT43QmaqBAMJwjwkvRRw4A","https://explorer.solana.com/address/32vxwbvhTCe4D2i8sje3nFFepNjxMRnJY6t3BKJn1ZER","SolPunk #4769","","SolPunk #4769 - Female",500,"https://arweave.net/txNCUDcCD0PX67IzuBQvDjy28NwmVgBnovlI62h7Sf8","https://solpunks.com","[{""trait_type"":""Rank"",""value"":691},{""trait_type"":""Skin"",""value"":""Mid""},{""trait_type"":""Type"",""value"":""Female""},{""trait_type"":""Attribute 1"",""value"":""Pink With Hat""},{""trait_type"":""Attribute 2"",""value"":""Vape""},{""trait_type"":""Attribute Count"",""value"":2}]","[{""address"":""punknPuatYGcB6EM4Mt7q1qxz1PKhNiTmd1We1Srt9d"",""verified"":true,""share"":100}]"
"[""5FidBahD5NUygz19BFaaLFPp9t9wYc8aadwVupgcfPsF"",""H5YiwH4r5phTxWLqMqma2ANTCBE9u8nCTKN2fReSvJxr"",""mnKzuL9RMtR6GeSHBfDpnQaefcMsiw7waoTSduKNiXM""]","The Metanoids #651","[0,90,10]","TMN","https://arweave.net/0tCls7o_K_DPjJnI6EVZQr-IrGZ5cld8sl9zOoQtnAI","[1,0,0]",true,"2VZ3rw7MJwwPifFr5PchVWCE7sgdnZYeU9NYmzPq5S8N",true,"5FidBahD5NUygz19BFaaLFPp9t9wYc8aadwVupgcfPsF","https://explorer.solana.com/address/2VZ3rw7MJwwPifFr5PchVWCE7sgdnZYeU9NYmzPq5S8N","The Metanoids#651","TMTN","Cyborgs created in the age of the Cold War. Back to save the Metaverse.",600,"https://arweave.net/5ndDTi4h_NwjcNzksG3OcjZaOXUU3kWa8pW--I32PoA","https://www.themetanoids.io","[{""trait_type"":""Background"",""value"":""Light W""},{""trait_type"":""Weapon"",""value"":""Jetpack""},{""trait_type"":""Body"",""value"":""Killer Queen Requiem""},{""trait_type"":""Top"",""value"":""Transparent Shirt Green""}]","[{""address"":""H5YiwH4r5phTxWLqMqma2ANTCBE9u8nCTKN2fReSvJxr"",""share"":100}]"
"[""F5FKqzjucNDYymjHLxMR2uBT43QmaqBAMJwjwkvRRw4A""]","SolPunk_#6365","[100]","SolPunks","https://arweave.net/iTB3U-_qlut9H_2zIUBeECrxrpwkVBxhqnxge1GV48k","[1]",true,"A882UntKxtu8DHTYy7PVD69hzDC53ZzUsbPqSC1YW4o3",false,"F5FKqzjucNDYymjHLxMR2uBT43QmaqBAMJwjwkvRRw4A","https://explorer.solana.com/address/A882UntKxtu8DHTYy7PVD69hzDC53ZzUsbPqSC1YW4o3","SolPunk #6365","","SolPunk #6365 - Female",500,"https://arweave.net/Vnrq9uZdxCG-U3C093Wf7Qxe7d-0vIE3uVNXFZixIfA","https://solpunks.com","[{""trait_type"":""Rank"",""value"":2748},{""trait_type"":""Skin"",""value"":""Dark""},{""trait_type"":""Type"",""value"":""Female""},{""trait_type"":""Attribute 1"",""value"":""Straight Hair""},{""trait_type"":""Attribute 2"",""value"":""Clown Nose""},{""trait_type"":""Attribute 3"",""value"":""Clown Eyes Green""},{""trait_type"":""Attribute 4"",""value"":""Purple Lipstick""},{""trait_type"":""Attribute Count"",""value"":4}]","[{""address"":""punknPuatYGcB6EM4Mt7q1qxz1PKhNiTmd1We1Srt9d"",""verified"":true,""share"":100}]"
"[""F5FKqzjucNDYymjHLxMR2uBT43QmaqBAMJwjwkvRRw4A""]","SolPunk_#5047","[100]","SolPunks","https://arweave.net/Bcw_1Vu5jxnPf4Eqb87WUJ4vmFQ20d7V6kaS1mj0-YA","[1]",true,"4JHBced9YCYo7yguiJmj6HFZn7tFgwJTK7DnBBJTS3Vm",false,"F5FKqzjucNDYymjHLxMR2uBT43QmaqBAMJwjwkvRRw4A","https://explorer.solana.com/address/4JHBced9YCYo7yguiJmj6HFZn7tFgwJTK7DnBBJTS3Vm","SolPunk #5047","","SolPunk #5047 - Male",500,"https://arweave.net/ogy9clR1o_XvWB759kGMrB1QdYo102WaZLRBGT-nCHE","https://solpunks.com","[{""trait_type"":""Rank"",""value"":1072},{""trait_type"":""Skin"",""value"":""Dark""},{""trait_type"":""Type"",""value"":""Male""},{""trait_type"":""Attribute 1"",""value"":""Rosy Cheeks""},{""trait_type"":""Attribute 2"",""value"":""Police Cap""},{""trait_type"":""Attribute Count"",""value"":2}]","[{""address"":""punknPuatYGcB6EM4Mt7q1qxz1PKhNiTmd1We1Srt9d"",""verified"":true,""share"":100}]"
"[""F5FKqzjucNDYymjHLxMR2uBT43QmaqBAMJwjwkvRRw4A""]","SolPunk_#1612","[100]","SolPunks","https://arweave.net/Zy95T7aZCpcj8jC64Q7plPr4IP5drGw4DtgcP97mUhU","[1]",true,"5sVrTAv5sspHZ3dge17nXrU5JZtcPgwu1hTh8QvpmBH9",false,"F5FKqzjucNDYymjHLxMR2uBT43QmaqBAMJwjwkvRRw4A","https://explorer.solana.com/address/5sVrTAv5sspHZ3dge17nXrU5JZtcPgwu1hTh8QvpmBH9","SolPunk #1612","","SolPunk #1612 - Female",500,"https://arweave.net/vliEDMpPSLRgBenfmRiM83oKyCEk9xc7plw5Wu8I6-M","https://solpunks.com","[{""trait_type"":""Rank"",""value"":2299},{""trait_type"":""Skin"",""value"":""Albino""},{""trait_type"":""Type"",""value"":""Female""},{""trait_type"":""Attribute 1"",""value"":""Half Shaved""},{""trait_type"":""Attribute 2"",""value"":""Hot Lipstick""},{""trait_type"":""Attribute Count"",""value"":2}]","[{""address"":""punknPuatYGcB6EM4Mt7q1qxz1PKhNiTmd1We1Srt9d"",""verified"":true,""share"":100}]"
"[""F5FKqzjucNDYymjHLxMR2uBT43QmaqBAMJwjwkvRRw4A""]","SolPunk_#2018","[100]","SolPunks","https://arweave.net/_FIEgHzHwF_6A1XVBlrGwIu-JYl44xdEzdOOw8r6Qy8","[1]",true,"BMbxXMg6V5LjqtN8P81ExCkPZALBmRKJU8LKTd1Q8yAt",false,"F5FKqzjucNDYymjHLxMR2uBT43QmaqBAMJwjwkvRRw4A","https://explorer.solana.com/address/BMbxXMg6V5LjqtN8P81ExCkPZALBmRKJU8LKTd1Q8yAt","SolPunk #2018","","SolPunk #2018 - Female",500,"https://arweave.net/nJ60CWvtuEbs9XUFZr5zw4NXPsQUOfTN2802g6JRo5o","https://solpunks.com","[{""trait_type"":""Rank"",""value"":2123},{""trait_type"":""Skin"",""value"":""Light""},{""trait_type"":""Type"",""value"":""Female""},{""trait_type"":""Attribute 1"",""value"":""Blonde Bob""},{""trait_type"":""Attribute 2"",""value"":""Vape""},{""trait_type"":""Attribute 3"",""value"":""Clown Eyes Blue""},{""trait_type"":""Attribute Count"",""value"":3}]","[{""address"":""punknPuatYGcB6EM4Mt7q1qxz1PKhNiTmd1We1Srt9d"",""verified"":true,""share"":100}]"
"[""F5FKqzjucNDYymjHLxMR2uBT43QmaqBAMJwjwkvRRw4A""]","SolPunk_#371","[100]","SolPunks","https://arweave.net/9nT-5CmeyWO28XZetuafDoMu9BSidQf3zhqm51029H8","[1]",true,"2ufG4aXo1QMQNAxGEXAMZcUn6wUzmXNiWbsASiaxsLy8",false,"F5FKqzjucNDYymjHLxMR2uBT43QmaqBAMJwjwkvRRw4A","https://explorer.solana.com/address/2ufG4aXo1QMQNAxGEXAMZcUn6wUzmXNiWbsASiaxsLy8","SolPunk #371","","SolPunk #371 - Female",500,"https://arweave.net/Amv_lndVi3j39S5RVo1WNOp0aeWDpVXHdxgsbPQ99Mo","https://solpunks.com","[{""trait_type"":""Rank"",""value"":7888},{""trait_type"":""Skin"",""value"":""Mid""},{""trait_type"":""Type"",""value"":""Female""},{""trait_type"":""Attribute 1"",""value"":""Frumpy Hair""},{""trait_type"":""Attribute Count"",""value"":1}]","[{""address"":""punknPuatYGcB6EM4Mt7q1qxz1PKhNiTmd1We1Srt9d"",""verified"":true,""share"":100}]"
"[""F5FKqzjucNDYymjHLxMR2uBT43QmaqBAMJwjwkvRRw4A""]","SolPunk_#8362","[100]","SolPunks","https://arweave.net/X3AZgfxtP_HvE3pAjUISNEyh_TnISCTtqgo0yqSu1pU","[1]",true,"B9Knryb3cPMEX7djsMtDo6iUoJTjQGxHDm3MSug38Bz2",false,"F5FKqzjucNDYymjHLxMR2uBT43QmaqBAMJwjwkvRRw4A","https://explorer.solana.com/address/B9Knryb3cPMEX7djsMtDo6iUoJTjQGxHDm3MSug38Bz2","SolPunk #8362","","SolPunk #8362 - Male",500,"https://arweave.net/BDcnadFq7aJEpOSemFoGWgQdw-DDAF8sxm68aKQkb7I","https://solpunks.com","[{""trait_type"":""Rank"",""value"":4300},{""trait_type"":""Skin"",""value"":""Albino""},{""trait_type"":""Type"",""value"":""Male""},{""trait_type"":""Attribute 1"",""value"":""Smile""},{""trait_type"":""Attribute 2"",""value"":""Messy Hair""},{""trait_type"":""Attribute Count"",""value"":2}]","[{""address"":""punknPuatYGcB6EM4Mt7q1qxz1PKhNiTmd1We1Srt9d"",""verified"":true,""share"":100}]"
"[""9WkExkFaChk59c94JVdSbQeLZQiNbv8FRaANQ1tdFoDj"",""6wUaEYHsntCoUJtbJkKbtyHNLqxK8bGMfkCbxMGTo2T3""]","CryptoStraps DE #1041","[0,100]","STRAPS","https://csnft.sfo3.digitaloceanspaces.com/v2/DE/1040.json?ts=1647792595952","[1,0]",true,"BZ25tX8kyp8APauHKeEHajkz2Re9s5E71fsMVaj62bxY",true,"guntXfLJzkewRM7eyvLSBQhRhiNGoGYZxybkDubF7uK","https://explorer.solana.com/address/BZ25tX8kyp8APauHKeEHajkz2Re9s5E71fsMVaj62bxY","CryptoStraps DE #1041","STRAPS","CryptoStraps is a next-gen 3D animated NFT pushing all boundaries and breathing new life into the ecosystem with their innovate tech.",500,"https://csnft.sfo3.digitaloceanspaces.com/v2/DE/1040.jpg?ext=jpg&ts=1647792364567","https://cryptostraps.io","[{""trait_type"":""BACKDROP + LIGHTS"",""value"":""COQUELICOT""},{""trait_type"":""COATING"",""value"":""GLOSSY BLACK""},{""trait_type"":""SIGHT"",""value"":""NONE""},{""trait_type"":""FRONT GRIP"",""value"":""BASIC""},{""trait_type"":""PISTOL GRIP"",""value"":""BASIC""},{""trait_type"":""MUZZLE"",""value"":""NONE""},{""trait_type"":""ADD-ON"",""value"":""NONE""},{""trait_type"":""MODEL"",""value"":""DE""}]","[{""address"":""6wUaEYHsntCoUJtbJkKbtyHNLqxK8bGMfkCbxMGTo2T3"",""share"":100}]"
"[""F5FKqzjucNDYymjHLxMR2uBT43QmaqBAMJwjwkvRRw4A""]","SolPunk_#818","[100]","SolPunks","https://arweave.net/R_s8QuuRUk2PsIBOwTWrq-ryt7wgtaF0kU3iF-cRW-s","[1]",true,"HNHjyCBn29jF8mPKTVSCJgzfwiC7iNNWCftpQVEkNSm",false,"F5FKqzjucNDYymjHLxMR2uBT43QmaqBAMJwjwkvRRw4A","https://explorer.solana.com/address/HNHjyCBn29jF8mPKTVSCJgzfwiC7iNNWCftpQVEkNSm","SolPunk #818","","SolPunk #818 - Female",500,"https://arweave.net/SKcIzCoQEe3XI9I7gsI6zNebJJKIq6JtgHQc5K1-yAk","https://solpunks.com","[{""trait_type"":""Rank"",""value"":1672},{""trait_type"":""Skin"",""value"":""Mid""},{""trait_type"":""Type"",""value"":""Female""},{""trait_type"":""Attribute 1"",""value"":""Wild Blonde""},{""trait_type"":""Attribute 2"",""value"":""Clown Eyes Green""},{""trait_type"":""Attribute 3"",""value"":""Earring""},{""trait_type"":""Attribute Count"",""value"":3}]","[{""address"":""punknPuatYGcB6EM4Mt7q1qxz1PKhNiTmd1We1Srt9d"",""verified"":true,""share"":100}]"
"[""EjoUnC6RbJmvuqxY6m5erirnxNqQqMndJYxJ4BBwbcef"",""CynjzEsSbUf16MsYn34rRheTzgLw7wQoaYGi8Myyutw9""]","Cynova Legacy #4684","[0,100]","NOVA","https://arweave.net/3GNBuOn3sWKN5uqHS_78VZXin3lFxf9Ofa8qqoE5UXI","[1,0]",true,"497TZjzUqj1Atp2gs5ax2LyG32Bn5ysRJGyrDZbCcoek",true,"CynjzEsSbUf16MsYn34rRheTzgLw7wQoaYGi8Myyutw9","https://explorer.solana.com/address/497TZjzUqj1Atp2gs5ax2LyG32Bn5ysRJGyrDZbCcoek","Cynova Legacy #4684","NOVA","Welcome to the Cynoverse. The Cynova Legacy is a collection of 5,012 hand drawn NFTs. We are a community-led business that rewards holders with passive income",750,"https://arweave.net/eOHeRpn1IshSAF2NJImeacJzoX6uhQUXmkf5f_-j2sk?ext=png","https://www.cynova.io","[{""trait_type"":""Background"",""value"":""Pastal""},{""trait_type"":""Wing"",""value"":""Grey""},{""trait_type"":""Helmet"",""value"":""Cyber""},{""trait_type"":""Visor"",""value"":""Silver""},{""trait_type"":""Jacket"",""value"":""Teal""},{""trait_type"":""Body"",""value"":""Body""},{""trait_type"":""Items"",""value"":""Sword""}]","[{""address"":""CynjzEsSbUf16MsYn34rRheTzgLw7wQoaYGi8Myyutw9"",""share"":100}]"
"[""F5FKqzjucNDYymjHLxMR2uBT43QmaqBAMJwjwkvRRw4A""]","SolPunk_#3545","[100]","SolPunks","https://arweave.net/HubA_GyaDpkR6QMdag-NlTlpphHUFNBs1uVX40eOq_s","[1]",true,"5SPmV9nDjijmcXB76xWoE1smesydFo3h14kSp8Ai1JCp",false,"F5FKqzjucNDYymjHLxMR2uBT43QmaqBAMJwjwkvRRw4A","https://explorer.solana.com/address/5SPmV9nDjijmcXB76xWoE1smesydFo3h14kSp8Ai1JCp","SolPunk #3545","","SolPunk #3545 - Female",500,"https://arweave.net/qPynhxxqQl_w2PyQTt2Gvn8Ew4p6ufwzpo3o__aNtrk","https://solpunks.com","[{""trait_type"":""Rank"",""value"":2062},{""trait_type"":""Skin"",""value"":""Light""},{""trait_type"":""Type"",""value"":""Female""},{""trait_type"":""Attribute 1"",""value"":""Red Mohawk""},{""trait_type"":""Attribute 2"",""value"":""Blue Eye Shadow""},{""trait_type"":""Attribute Count"",""value"":2}]","[{""address"":""punknPuatYGcB6EM4Mt7q1qxz1PKhNiTmd1We1Srt9d"",""verified"":true,""share"":100}]"
"[""F5FKqzjucNDYymjHLxMR2uBT43QmaqBAMJwjwkvRRw4A""]","SolPunk_#2902","[100]","SolPunks","https://arweave.net/cbgs4yoEiEi0IEEYFhlNYQL1CWH-QgzBb6tlB2h3Zl0","[1]",true,"6YX8wZEjeDwLNWZ4LJ2eBKTrq4AxLrYCRYoYHUFesScb",false,"F5FKqzjucNDYymjHLxMR2uBT43QmaqBAMJwjwkvRRw4A","https://explorer.solana.com/address/6YX8wZEjeDwLNWZ4LJ2eBKTrq4AxLrYCRYoYHUFesScb","SolPunk #2902","","SolPunk #2902 - Male",500,"https://arweave.net/ZeK-M-NxtQ8P-AGYAOZuoItE2Io1q02t_EUG-OLjLAA","https://solpunks.com","[{""trait_type"":""Rank"",""value"":7368},{""trait_type"":""Skin"",""value"":""Albino""},{""trait_type"":""Type"",""value"":""Male""},{""trait_type"":""Attribute 1"",""value"":""Do-rag""},{""trait_type"":""Attribute 2"",""value"":""Shadow Beard""},{""trait_type"":""Attribute Count"",""value"":2}]","[{""address"":""punknPuatYGcB6EM4Mt7q1qxz1PKhNiTmd1We1Srt9d"",""verified"":true,""share"":100}]"
"[""F5FKqzjucNDYymjHLxMR2uBT43QmaqBAMJwjwkvRRw4A""]","SolPunk_#1749","[100]","SolPunks","https://arweave.net/C8eQxV-Zn_ic0fe72XhptH3J6jIFlIcyDEBnsz7D3Zk","[1]",true,"93osDLoMde8VPkTXToxgL7PTERCFQwDWyDPVKLfZDWbj",false,"F5FKqzjucNDYymjHLxMR2uBT43QmaqBAMJwjwkvRRw4A","https://explorer.solana.com/address/93osDLoMde8VPkTXToxgL7PTERCFQwDWyDPVKLfZDWbj","SolPunk #1749","","SolPunk #1749 - Female",500,"https://arweave.net/AxtH1ctkIEzRvmQobNuLbTqM6WHd0hvUBtH8p2Lthqs","https://solpunks.com","[{""trait_type"":""Rank"",""value"":2390},{""trait_type"":""Skin"",""value"":""Dark""},{""trait_type"":""Type"",""value"":""Female""},{""trait_type"":""Attribute 1"",""value"":""Blonde Bob""},{""trait_type"":""Attribute 2"",""value"":""Nerd Glasses""},{""trait_type"":""Attribute 3"",""value"":""Hot Lipstick""},{""trait_type"":""Attribute Count"",""value"":3}]","[{""address"":""punknPuatYGcB6EM4Mt7q1qxz1PKhNiTmd1We1Srt9d"",""verified"":true,""share"":100}]"
"[""F5FKqzjucNDYymjHLxMR2uBT43QmaqBAMJwjwkvRRw4A""]","SolPunk_#8592","[100]","SolPunks","https://arweave.net/jwcfdNfKUa0jXr7bSLcOmBSBa7cvp2Y1ophAoxNw-RY","[1]",true,"6wTxj59Mtmg35oAASoeXhHqi63XvkGuCQb7X8UTMB2Ye",false,"F5FKqzjucNDYymjHLxMR2uBT43QmaqBAMJwjwkvRRw4A","https://explorer.solana.com/address/6wTxj59Mtmg35oAASoeXhHqi63XvkGuCQb7X8UTMB2Ye","SolPunk #8592","","SolPunk #8592 - Female",500,"https://arweave.net/EAWqOy17Hw1Qfwmt2S_OQHI9QYAiB9jPozhH1TZVXpc","https://solpunks.com","[{""trait_type"":""Rank"",""value"":1737},{""trait_type"":""Skin"",""value"":""Dark""},{""trait_type"":""Type"",""value"":""Female""},{""trait_type"":""Attribute 1"",""value"":""Wild Blonde""},{""trait_type"":""Attribute 2"",""value"":""Big Shades""},{""trait_type"":""Attribute 3"",""value"":""Mole""},{""trait_type"":""Attribute Count"",""value"":3}]","[{""address"":""punknPuatYGcB6EM4Mt7q1qxz1PKhNiTmd1We1Srt9d"",""verified"":true,""share"":100}]"
"[""F5FKqzjucNDYymjHLxMR2uBT43QmaqBAMJwjwkvRRw4A""]","SolPunk_#5769","[100]","SolPunks","https://arweave.net/JZJtziHD9bip49FV3ib2ZpCpFNGd4RM3ixouNvzIEwc","[1]",true,"hQEf5b5gSeG3PkSakMXrwkWhrdLzFQAozHScPHecNVj",false,"F5FKqzjucNDYymjHLxMR2uBT43QmaqBAMJwjwkvRRw4A","https://explorer.solana.com/address/hQEf5b5gSeG3PkSakMXrwkWhrdLzFQAozHScPHecNVj","SolPunk #5769","","SolPunk #5769 - Female",500,"https://arweave.net/FpQZCwrOQNWgvZmpGjekBSbgscg-QjtEekt7chjH3Ic","https://solpunks.com","[{""trait_type"":""Rank"",""value"":3098},{""trait_type"":""Skin"",""value"":""Light""},{""trait_type"":""Type"",""value"":""Female""},{""trait_type"":""Attribute 1"",""value"":""Dark Hair""},{""trait_type"":""Attribute 2"",""value"":""Horned Rim Glasses""},{""trait_type"":""Attribute 3"",""value"":""Black Lipstick""},{""trait_type"":""Attribute Count"",""value"":3}]","[{""address"":""punknPuatYGcB6EM4Mt7q1qxz1PKhNiTmd1We1Srt9d"",""verified"":true,""share"":100}]"
"[""F5FKqzjucNDYymjHLxMR2uBT43QmaqBAMJwjwkvRRw4A""]","SolPunk_#7865","[100]","SolPunks","https://arweave.net/12RDP4XqShaxZtg4F-rM7rXkqo_anPKXaFrJnkGi_l8","[1]",true,"HEsnvAagJiqiLYcEMgtcbopyMQc1YHoSzhSe61EgpVUV",false,"F5FKqzjucNDYymjHLxMR2uBT43QmaqBAMJwjwkvRRw4A","https://explorer.solana.com/address/HEsnvAagJiqiLYcEMgtcbopyMQc1YHoSzhSe61EgpVUV","SolPunk #7865","","SolPunk #7865 - Male",500,"https://arweave.net/uJxy6jy-eqHfpeRvfQ_r7L-ZG3bR1TCJ-mgetZ6BU5w","https://solpunks.com","[{""trait_type"":""Rank"",""value"":6143},{""trait_type"":""Skin"",""value"":""Albino""},{""trait_type"":""Type"",""value"":""Male""},{""trait_type"":""Attribute 1"",""value"":""Luxurious Beard""},{""trait_type"":""Attribute 2"",""value"":""Eye Mask""},{""trait_type"":""Attribute 3"",""value"":""Messy Hair""},{""trait_type"":""Attribute Count"",""value"":3}]","[{""address"":""punknPuatYGcB6EM4Mt7q1qxz1PKhNiTmd1We1Srt9d"",""verified"":true,""share"":100}]"
"[""F5FKqzjucNDYymjHLxMR2uBT43QmaqBAMJwjwkvRRw4A""]","SolPunk_#15","[100]","SolPunks","https://arweave.net/MGf5Aj8HSPwc-X3L0iRzKcFmzYkunZnISwthSAEGxmY","[1]",true,"2A6ubGGkJcS5VpZQAb81GyoRspC2NinDJ6Qh6Jiv23LN",false,"F5FKqzjucNDYymjHLxMR2uBT43QmaqBAMJwjwkvRRw4A","https://explorer.solana.com/address/2A6ubGGkJcS5VpZQAb81GyoRspC2NinDJ6Qh6Jiv23LN","SolPunk #15","","SolPunk #15 - Male",500,"https://arweave.net/iN9_wDzQKvpl8NZe5tJCddSg8A1DjlaQ-B_rWB0RpII","https://solpunks.com","[{""trait_type"":""Rank"",""value"":6246},{""trait_type"":""Skin"",""value"":""Albino""},{""trait_type"":""Type"",""value"":""Male""},{""trait_type"":""Attribute 1"",""value"":""Luxurious Beard""},{""trait_type"":""Attribute 2"",""value"":""Wild Hair""},{""trait_type"":""Attribute 3"",""value"":""Regular Shades""},{""trait_type"":""Attribute Count"",""value"":3}]","[{""address"":""punknPuatYGcB6EM4Mt7q1qxz1PKhNiTmd1We1Srt9d"",""verified"":true,""share"":100}]"
"[""F5FKqzjucNDYymjHLxMR2uBT43QmaqBAMJwjwkvRRw4A""]","SolPunk_#6937","[100]","SolPunks","https://arweave.net/wpPhrDmGz7jLMgb-RGkTp3xBLKe9WrTpWxGRmF4j03s","[1]",true,"3qUbN9QYk9YAqxhvGuFd57G5vETdjYc2ZsusAAFqu8A4",false,"F5FKqzjucNDYymjHLxMR2uBT43QmaqBAMJwjwkvRRw4A","https://explorer.solana.com/address/3qUbN9QYk9YAqxhvGuFd57G5vETdjYc2ZsusAAFqu8A4","SolPunk #6937","","SolPunk #6937 - Male",500,"https://arweave.net/UilByCRBGKcQ1WZRksn_eVPxNXJ-PSznJHU-UY6gCdw","https://solpunks.com","[{""trait_type"":""Rank"",""value"":3210},{""trait_type"":""Skin"",""value"":""Dark""},{""trait_type"":""Type"",""value"":""Male""},{""trait_type"":""Attribute 1"",""value"":""Purple Hair""},{""trait_type"":""Attribute 2"",""value"":""Normal Beard Black""},{""trait_type"":""Attribute 3"",""value"":""Small Shades""},{""trait_type"":""Attribute Count"",""value"":3}]","[{""address"":""punknPuatYGcB6EM4Mt7q1qxz1PKhNiTmd1We1Srt9d"",""verified"":true,""share"":100}]"
"[""ENs2HcMY4ii4pUnRGLywq1aTBkhFise2WAthSkKikMQM"",""RRUMF9KYPcvNSmnicNMAFKx5wDYix3wjNa6bA7R6xqA"",""3CqLRSDe8H5qax4smvRyRZ7Lkb122uTkwu8Jwe6rrGgD""]","Debonair Degen Hawks #845","[0,10,90]","DDH","https://bafybeibnyuowu4gmw6hm6nrl5ucainmalpd3mughcp5aqgx3evqs3jp3d4.ipfs.dweb.link/538.json","[1,0,0]",true,"HDuqWNJKqueRS1HXfGYTokwWPrrFLVjusZ7TUy9G6QNt",true,"Up1rmL1YtV8BRqNaZPE6h2TmmwcXEV2NPaNkQHLEdxC","https://explorer.solana.com/address/HDuqWNJKqueRS1HXfGYTokwWPrrFLVjusZ7TUy9G6QNt","Debonair Degen Hawks #845","DDH","Get access to the Most Powerful DeFi-utility NFT on Solana",500,"https://bafybeiha2seu7pfhm73wxjpy4ijlbmdyfu7pfpoeohkzzdgyya42u7lpye.ipfs.dweb.link/3.png?ext=png",,"[{""trait_type"":""HawkDAO Passport"",""value"":""Prime""}]","[{""address"":""RRUMF9KYPcvNSmnicNMAFKx5wDYix3wjNa6bA7R6xqA"",""share"":10},{""address"":""3CqLRSDe8H5qax4smvRyRZ7Lkb122uTkwu8Jwe6rrGgD"",""share"":90}]"
"[""4d4fKsKLv12jgYXqvFnafoC9nLif7PEN9DxaCnbbVKWX"",""CoreQ9r5RBowQ5H9Kmd8JfuwK3EELT2XGstMr5csdTYb""]","CryptoPet #3136","[0,100]","CP","https://arweave.net/TvErF_irCHfRa0kJUMiI4dBFxLBOiZ7_F7HnlRYeC2E","[1,0]",true,"4VwysMDHQKRjuGDMQFjsgQk1H1gkNjauAvgfRHQRSUKq",true,"CoreQ9r5RBowQ5H9Kmd8JfuwK3EELT2XGstMr5csdTYb","https://explorer.solana.com/address/4VwysMDHQKRjuGDMQFjsgQk1H1gkNjauAvgfRHQRSUKq","CryptoPet #3136","CP","A squirrel with a gas mask, a robe, a snowboard and a tie",500,"https://www.arweave.net/LPo_QA6BqO7Y5bbl0S_8SmQwH-W9LMf6Tc8BaSYWqLA?ext=png","https://cryptopets.tech/#/pet/3136","[{""trait_type"":""Family"",""value"":""Squirrel""},{""trait_type"":""Item count"",""value"":""4""},{""trait_type"":""Item"",""value"":""Gas mask""},{""trait_type"":""Item"",""value"":""Robe""},{""trait_type"":""Item"",""value"":""Snowboard""},{""trait_type"":""Item"",""value"":""Tie""}]","[{""address"":""CoreQ9r5RBowQ5H9Kmd8JfuwK3EELT2XGstMr5csdTYb"",""share"":100,""verified"":true}]"
"[""6ALSbyHmEoAipobMGG1yNQsgFEoYxyiBZVAy5spMPuPB"",""3776BAGJpxds5BUhiYHrFvitwTZ5N8DPwFLfBEZFTnjd""]","Drippies #3917","[0,100]","DRIP","https://arweave.net/YOfG3uuDTT35TZCKx8nrDpuaK3g9bWpN3PR8HQteSYA/7iLiGXvpuvQH8PuBJm2MrQRezAPTHMVo4BQSyuXp3fcD.json","[1,0]",true,"7iLiGXvpuvQH8PuBJm2MrQRezAPTHMVo4BQSyuXp3fcD",true,"DriP9MZoccDUgJfq28F6XPM5hAti9wCFJ1Gd923iJPrK","https://explorer.solana.com/address/7iLiGXvpuvQH8PuBJm2MrQRezAPTHMVo4BQSyuXp3fcD","Drippies #3917","DRIP","A collection of vibey creatures on Solana",700,"https://arweave.net/WeX4k81n1xfmCQjaqr16a_iK_R43b8F5mBYiob5YiUQ/3916.png","https://twitter.com/drippieverse","[{""trait_type"":""Background"",""value"":""Mint""},{""trait_type"":""Ears"",""value"":""Diamond Hoops (Double | Rose Gold)""},{""trait_type"":""Eyes"",""value"":""Retro Half Frame (Blue)""},{""trait_type"":""Outfit"",""value"":""Tactical Vest (Red)""},{""trait_type"":""Skin"",""value"":""Black""},{""trait_type"":""Horns"",""value"":""Small - Black""}]","[{""address"":""3776BAGJpxds5BUhiYHrFvitwTZ5N8DPwFLfBEZFTnjd"",""share"":100}]"
"[""4d4fKsKLv12jgYXqvFnafoC9nLif7PEN9DxaCnbbVKWX"",""CoreQ9r5RBowQ5H9Kmd8JfuwK3EELT2XGstMr5csdTYb""]","CryptoPet #6445","[0,100]","CP","https://arweave.net/AJBpOdRh57xUN2E-OGyri39LFND3a_rJKn2kVu4ZKDo","[1,0]",true,"DRhyZViVTb8waESgFwUeTnZC6y74hRSCRAYeoXpjnzkc",true,"CoreQ9r5RBowQ5H9Kmd8JfuwK3EELT2XGstMr5csdTYb","https://explorer.solana.com/address/DRhyZViVTb8waESgFwUeTnZC6y74hRSCRAYeoXpjnzkc","CryptoPet #6445","CP","A chicken with a black ops helmet, cowboy boots, a prison uniform, a shaolin moustache and sunglasses",500,"https://www.arweave.net/x0IH6APceU9IehfWQLz63oLvWV3FUmbrj3uuuKnV6Nk?ext=png","https://cryptopets.tech/#/pet/6445","[{""trait_type"":""Family"",""value"":""Chicken""},{""trait_type"":""Item count"",""value"":""5""},{""trait_type"":""Item"",""value"":""Black ops helmet""},{""trait_type"":""Item"",""value"":""Cowboy boots""},{""trait_type"":""Item"",""value"":""Prison uniform""},{""trait_type"":""Item"",""value"":""Shaolin moustache""},{""trait_type"":""Item"",""value"":""Sunglasses""}]","[{""address"":""CoreQ9r5RBowQ5H9Kmd8JfuwK3EELT2XGstMr5csdTYb"",""share"":100,""verified"":true}]"
"[""5468sFMbKyDWPHU2hF3NWW4b5WjWrefcKwDHmBq6dtDu"",""CoreQ9r5RBowQ5H9Kmd8JfuwK3EELT2XGstMr5csdTYb""]","CryptoPet #5143","[0,100]","CP","https://arweave.net/TQ7-11DazLcMcp1WHyEIT5kIjR_g3zrxnhHBczQJtw0","[1,0]",true,"DwtvoySYuCUXi6FHQzRGeexuh7XLYi4hqgEtVf9aH6hD",true,"CoreQ9r5RBowQ5H9Kmd8JfuwK3EELT2XGstMr5csdTYb","https://explorer.solana.com/address/DwtvoySYuCUXi6FHQzRGeexuh7XLYi4hqgEtVf9aH6hD","CryptoPet #5143","CP","A cat with a headband",500,"https://www.arweave.net/GsVvDp-td1ZECSl-GK9uFbP76mruKADEJHWhIVmehMM?ext=png","https://cryptopets.tech/#/pet/5143","[{""trait_type"":""Family"",""value"":""Cat""},{""trait_type"":""Item count"",""value"":""1""},{""trait_type"":""Item"",""value"":""Headband""}]","[{""address"":""CoreQ9r5RBowQ5H9Kmd8JfuwK3EELT2XGstMr5csdTYb"",""share"":100,""verified"":true}]"
"[""4d4fKsKLv12jgYXqvFnafoC9nLif7PEN9DxaCnbbVKWX"",""CoreQ9r5RBowQ5H9Kmd8JfuwK3EELT2XGstMr5csdTYb""]","CryptoPet #2453","[0,100]","CP","https://arweave.net/xwtNrZDKwrnJfvS_kglzYJtKIcTlfZynnICWOAQ2b1w","[1,0]",true,"8dzLVHPkGoRewgY66kNqQcbH7xat5TaYExMyQbSGY4Cw",true,"CoreQ9r5RBowQ5H9Kmd8JfuwK3EELT2XGstMr5csdTYb","https://explorer.solana.com/address/8dzLVHPkGoRewgY66kNqQcbH7xat5TaYExMyQbSGY4Cw","CryptoPet #2453","CP","A dog with a prison uniform",500,"https://www.arweave.net/xaA65FBMK6TNR02H2Zi66S8perR-9GPvvcCqf7f3Klo?ext=png","https://cryptopets.tech/#/pet/2453","[{""trait_type"":""Family"",""value"":""Dog""},{""trait_type"":""Item count"",""value"":""1""},{""trait_type"":""Item"",""value"":""Prison uniform""}]","[{""address"":""CoreQ9r5RBowQ5H9Kmd8JfuwK3EELT2XGstMr5csdTYb"",""share"":100,""verified"":true}]"