"data.creators","data.name","data.share","data.symbol","data.uri","data.verified","is_mutable","mint","primary_sale_happened","update_authority","explorer_url","metaResult.name","metaResult.symbol","metaResult.description","metaResult.seller_fee_basis_points","metaResult.external_url","metaResult.attributes","metaResult.collection.name","metaResult.collection.family","metaResult.properties.files","metaResult.properties.category","metaResult.properties.maxSupply","metaResult.properties.creators","metaResult.image"
"[""4gpD4VJEuiPsnbs1JNNqHUYi3Dm51JJDaciysiq3q1AQ""]","Bull Empire #2283","[100]","","https://arweave.net/RJEbr033Sm3sBCYqsmh0LrIbr0BHr5UvCHE1r3mazIc","[1]",false,"7Wjc9DGssUwNTTH76YRp1J36Vre22FCZ1ADogivvWmGu",true,"4gpD4VJEuiPsnbs1JNNqHUYi3Dm51JJDaciysiq3q1AQ","https://explorer.solana.com/address/7Wjc9DGssUwNTTH76YRp1J36Vre22FCZ1ADogivvWmGu","Bull Empire #2283","","The Bull Empire is a collection of 2,500 randomly generated 32x32 pixel art NFTs on the Solana Blockchain. Each Bull Demon is unique and comes with different traits and attributes varying in rarity.",600,"https://bullempire.io","[{""trait_type"":""Background"",""value"":""Ginger""},{""trait_type"":""Back"",""value"":""Blank""},{""trait_type"":""Bull"",""value"":""Normal Bull""},{""trait_type"":""Nose"",""value"":""Blank""},{""trait_type"":""Accessories"",""value"":""Golden Chain""},{""trait_type"":""Clothes"",""value"":""Red Leather Jacket""},{""trait_type"":""Head"",""value"":""NY Baseball Cap""},{""trait_type"":""Eyes"",""value"":""Normal Eyes""},{""trait_type"":""Face"",""value"":""Blank""}]","Bull Empire","Bull Empire","[{""uri"":""https://arweave.net/C0cZfJ5yJVTk0ZsIOoHeQqzBYO_HECn27Fp382Kwyd4"",""type"":""image/png""}]","image",1,"[{""address"":""7mQ7dD5j1rezHRqsdQzUELzSMUu7czUoxP6yg7Fr2tPi"",""share"":75},{""address"":""3nRF5ejbfWSaJyzjDSmm22q5SB5qyCv5fVuaCDSF8Xar"",""share"":25}]","https://arweave.net/C0cZfJ5yJVTk0ZsIOoHeQqzBYO_HECn27Fp382Kwyd4"
"[""E9YNH6cVuJFcpLvRT4buHjN6ZedzZY5UWNEosLvxncDW""]","TENJIN #1089","[100]","","https://arweave.net/YsWqI9OfgKL8TcuVn2RXH1hMEw7kQ_CuPfbzkkxRLSc","[1]",true,"ABc6GjWGFWaYYeJQbSBM7uBt5kAwjcAUXzHNxe2iZrgx",true,"E9YNH6cVuJFcpLvRT4buHjN6ZedzZY5UWNEosLvxncDW","https://explorer.solana.com/address/ABc6GjWGFWaYYeJQbSBM7uBt5kAwjcAUXzHNxe2iZrgx","TENJIN #1089","","Project Tenjin by AVTR Studios",1500,"https://www.projecttenjin.io/","[{""trait_type"":""Faction"",""value"":""Yami""}]","Project TENJIN","Project TENJIN","[{""uri"":""https://arweave.net/WfIGGUj7kz2zn0cVRmqQuCIZCntVLp85tv-PWIgBjrU"",""type"":""image/png""}]","image",1,"[{""address"":""CKHm3mnYsUhncMMNuX5HzcPZjQgBC6EMsUumdr2Voup9"",""share"":10},{""address"":""z5r4HQ7af3nk1aVjtNuaUBvczieqo83bcDYAKJUxG4A"",""share"":90}]","https://arweave.net/WfIGGUj7kz2zn0cVRmqQuCIZCntVLp85tv-PWIgBjrU"
"[""8BG7YY2tHagJz6xdYmXwHUNxaUKSzQyafr4Nsa2PmyeT"",""JDoQbAo8DeDuZKJUzzJrkRKqj3iiFK8jG4oDHkK6AgcK"",""8RM5zah9umtd68e8hhR8EDMbz1p84M3bYiNTQei4RgiE""]","Sol Patrol #3110","[0,100,0]","BAIL","https://arweave.net/1KldWDUPEtJRsuSt0QjY8cLcicjPhF3sDKnsyWC_IYM","[1,0,0]",true,"4Q2JadzCswK45xCGumWQz9DSLzgQN2bqpf33sMjeM2QV",true,"8RM5zah9umtd68e8hhR8EDMbz1p84M3bYiNTQei4RgiE","https://explorer.solana.com/address/4Q2JadzCswK45xCGumWQz9DSLzgQN2bqpf33sMjeM2QV","Sol Patrol #3110","BAIL","The Sol Patrol is an elite team of 3333 guardians. We have one goal, to stop and capture all Solana NFTs.",500,,"[{""trait_type"":""Background"",""value"":""Blue""},{""trait_type"":""Clothing"",""value"":""Field Jacket""},{""trait_type"":""Eyewear"",""value"":""Face Shield""},{""trait_type"":""Medal"",""value"":""Medal of Honor""},{""trait_type"":""Mouth"",""value"":""Blue Mouth Guard""},{""trait_type"":""Hats"",""value"":""None""},{""trait_type"":""Type"",""value"":""Special Forces""}]","Sol Patrol NFT","Patrol","[{""uri"":""https://www.arweave.net/Cc8hQpeiQvqFeAkGHSPDKpGf_MS4o95I0TZmReunCKQ?ext=png"",""type"":""image/png""}]","image",,"[{""address"":""JDoQbAo8DeDuZKJUzzJrkRKqj3iiFK8jG4oDHkK6AgcK"",""share"":100}]","https://www.arweave.net/Cc8hQpeiQvqFeAkGHSPDKpGf_MS4o95I0TZmReunCKQ?ext=png"
"[""FzrDvVA7qq5YxsyddYUtkxNPtSxwuaDNR5eFQUaSDE9Z"",""9Q1YZTN6JkMpLM5qNr1NG4pjqBnezS39fVJdHjRGhLAJ""]","GODz #603","[0,100]","","https://arweave.net/d9rdRCfQ-OERT15brr9zAaSzW9hA_Bgo1R1X5KdxEZQ","[1,0]",true,"7adHMg7yhQbHbT7cs83xRRtUFpArW9ikz8z2b88iALFn",true,"CbhYESZ55G15vS2vGGKdJYw6FK7qTpRfvVUAtEPUYLVc","https://explorer.solana.com/address/7adHMg7yhQbHbT7cs83xRRtUFpArW9ikz8z2b88iALFn","GODz #603","","888 Seed GODz have returned after Millenia. To right their wrongdoings and bring peace to the world of Mortalz.",600,,"[{""trait_type"":""Background"",""value"":""Waystones""},{""trait_type"":""Accessory"",""value"":""Energy""},{""trait_type"":""Domain"",""value"":""Hydro""},{""trait_type"":""Body"",""value"":""Hawaiian""},{""trait_type"":""Eyes"",""value"":""Eye Patch""},{""trait_type"":""Mouth"",""value"":""Joint""},{""trait_type"":""Head"",""value"":""Witches Hat""},{""trait_type"":""Arms"",""value"":""None""},{""trait_type"":""Seal"",""value"":""I""},{""trait_type"":""Phase"",""value"":""Seed""}]","GODz Seed","GODz","[{""type"":""image/png"",""uri"":""https://arweave.net/CpfgQn59t2EPF-QHEnhCLzqr6Hv8-mgw6RxmEVA23Fs""}]","image",,"[{""address"":""9Q1YZTN6JkMpLM5qNr1NG4pjqBnezS39fVJdHjRGhLAJ"",""share"":100}]","https://arweave.net/CpfgQn59t2EPF-QHEnhCLzqr6Hv8-mgw6RxmEVA23Fs"
"[""8BG7YY2tHagJz6xdYmXwHUNxaUKSzQyafr4Nsa2PmyeT"",""JDoQbAo8DeDuZKJUzzJrkRKqj3iiFK8jG4oDHkK6AgcK"",""8RM5zah9umtd68e8hhR8EDMbz1p84M3bYiNTQei4RgiE""]","Sol Patrol #1393","[0,100,0]","BAIL","https://arweave.net/cwsQpL0xIQv2fOXk0iAaIAK85tW5Gp54ygjLiWkewbQ","[1,0,0]",true,"Cxi3GfWBkSoFB7bxoRzDwh6oK82N8eK1ADhegdYFPCrN",true,"8RM5zah9umtd68e8hhR8EDMbz1p84M3bYiNTQei4RgiE","https://explorer.solana.com/address/Cxi3GfWBkSoFB7bxoRzDwh6oK82N8eK1ADhegdYFPCrN","Sol Patrol #1393","BAIL","The Sol Patrol is an elite team of 3333 guardians. We have one goal, to stop and capture all Solana NFTs.",500,,"[{""trait_type"":""Background"",""value"":""Yellow""},{""trait_type"":""Clothing"",""value"":""Field Jacket""},{""trait_type"":""Eyewear"",""value"":""Face Shield""},{""trait_type"":""Medal"",""value"":""None""},{""trait_type"":""Mouth"",""value"":""None""},{""trait_type"":""Hats"",""value"":""Solana Cowboy""},{""trait_type"":""Type"",""value"":""Elite Solana""}]","Sol Patrol NFT","Patrol","[{""uri"":""https://www.arweave.net/pTNpdO5qpMCHG2dl0iSlUWHOJuM9IWLU4HqGSXTNtUU?ext=png"",""type"":""image/png""}]","image",,"[{""address"":""JDoQbAo8DeDuZKJUzzJrkRKqj3iiFK8jG4oDHkK6AgcK"",""share"":100}]","https://www.arweave.net/pTNpdO5qpMCHG2dl0iSlUWHOJuM9IWLU4HqGSXTNtUU?ext=png"
"[""8BG7YY2tHagJz6xdYmXwHUNxaUKSzQyafr4Nsa2PmyeT"",""JDoQbAo8DeDuZKJUzzJrkRKqj3iiFK8jG4oDHkK6AgcK"",""8RM5zah9umtd68e8hhR8EDMbz1p84M3bYiNTQei4RgiE""]","Sol Patrol #3026","[0,100,0]","BAIL","https://arweave.net/sz_amPhPwgkQKqUbh6wn0HiJkgkjIeQkUb42VF7tAPM","[1,0,0]",true,"4hwekg7L8Yy8DBcbQvWH8oujAdMXeL7JSfccBq9aiPq3",true,"8RM5zah9umtd68e8hhR8EDMbz1p84M3bYiNTQei4RgiE","https://explorer.solana.com/address/4hwekg7L8Yy8DBcbQvWH8oujAdMXeL7JSfccBq9aiPq3","Sol Patrol #3026","BAIL","The Sol Patrol is an elite team of 3333 guardians. We have one goal, to stop and capture all Solana NFTs.",500,,"[{""trait_type"":""Background"",""value"":""Green""},{""trait_type"":""Clothing"",""value"":""Field Jacket""},{""trait_type"":""Eyewear"",""value"":""None""},{""trait_type"":""Medal"",""value"":""Silver Star""},{""trait_type"":""Mouth"",""value"":""None""},{""trait_type"":""Hats"",""value"":""Brown Helmet""},{""trait_type"":""Type"",""value"":""Ranger""}]","Sol Patrol NFT","Patrol","[{""uri"":""https://www.arweave.net/n7NkdzxNJcMmMJSdAuwDDf5PnyO0q7cuNa_Nz1458w4?ext=png"",""type"":""image/png""}]","image",,"[{""address"":""JDoQbAo8DeDuZKJUzzJrkRKqj3iiFK8jG4oDHkK6AgcK"",""share"":100}]","https://www.arweave.net/n7NkdzxNJcMmMJSdAuwDDf5PnyO0q7cuNa_Nz1458w4?ext=png"
"[""FzrDvVA7qq5YxsyddYUtkxNPtSxwuaDNR5eFQUaSDE9Z"",""9Q1YZTN6JkMpLM5qNr1NG4pjqBnezS39fVJdHjRGhLAJ""]","GODz #373","[0,100]","","https://arweave.net/iiLNAc_v090-pk_lZMYHq8o3M3dqrv_E_vTwB7n6J6c","[1,0]",true,"DWChf9TcdKGswNuSHMcdoa7YiF1sSSyoYneQKX8EV2kE",true,"CbhYESZ55G15vS2vGGKdJYw6FK7qTpRfvVUAtEPUYLVc","https://explorer.solana.com/address/DWChf9TcdKGswNuSHMcdoa7YiF1sSSyoYneQKX8EV2kE","GODz #373","","888 Seed GODz have returned after Millenia. To right their wrongdoings and bring peace to the world of Mortalz.",600,,"[{""trait_type"":""Background"",""value"":""Alien Nest""},{""trait_type"":""Accessory"",""value"":""Travellers Pack""},{""trait_type"":""Domain"",""value"":""Shade""},{""trait_type"":""Body"",""value"":""Alien Fren""},{""trait_type"":""Eyes"",""value"":""Sage""},{""trait_type"":""Mouth"",""value"":""None""},{""trait_type"":""Head"",""value"":""Rice Hat""},{""trait_type"":""Arms"",""value"":""Assassins Blade""},{""trait_type"":""Seal"",""value"":""III""},{""trait_type"":""Phase"",""value"":""Seed""}]","GODz Seed","GODz","[{""type"":""image/png"",""uri"":""https://arweave.net/1IH1fI25h73yTtJU7V_Wu1ndVyczklghc7Yun_tdHvU""}]","image",,"[{""address"":""9Q1YZTN6JkMpLM5qNr1NG4pjqBnezS39fVJdHjRGhLAJ"",""share"":100}]","https://arweave.net/1IH1fI25h73yTtJU7V_Wu1ndVyczklghc7Yun_tdHvU"
"[""FzrDvVA7qq5YxsyddYUtkxNPtSxwuaDNR5eFQUaSDE9Z"",""9Q1YZTN6JkMpLM5qNr1NG4pjqBnezS39fVJdHjRGhLAJ""]","GODz #501","[0,100]","","https://arweave.net/mZgUMVvI4Ib0I2IaTCaaFTn805fqvIKGEJyuTC8T6TA","[1,0]",true,"6vMqHYESMpdnix4AxsAVDXhtV3P9Aks7Ttz6HqLS4zYg",true,"CbhYESZ55G15vS2vGGKdJYw6FK7qTpRfvVUAtEPUYLVc","https://explorer.solana.com/address/6vMqHYESMpdnix4AxsAVDXhtV3P9Aks7Ttz6HqLS4zYg","GODz #501","","888 Seed GODz have returned after Millenia. To right their wrongdoings and bring peace to the world of Mortalz.",600,,"[{""trait_type"":""Background"",""value"":""Hieroglyphs""},{""trait_type"":""Accessory"",""value"":""Wheatley""},{""trait_type"":""Domain"",""value"":""Vigor""},{""trait_type"":""Body"",""value"":""Adamant Armour""},{""trait_type"":""Eyes"",""value"":""Passion""},{""trait_type"":""Mouth"",""value"":""None""},{""trait_type"":""Head"",""value"":""Hollow Mask""},{""trait_type"":""Arms"",""value"":""Scale of Truth""},{""trait_type"":""Seal"",""value"":""IV""},{""trait_type"":""Phase"",""value"":""Seed""}]","GODz Seed","GODz","[{""type"":""image/png"",""uri"":""https://arweave.net/YulphZN9jK_VzlU4M7jeLyNwFN2lFOqzr5Nx9K10mwo""}]","image",,"[{""address"":""9Q1YZTN6JkMpLM5qNr1NG4pjqBnezS39fVJdHjRGhLAJ"",""share"":100}]","https://arweave.net/YulphZN9jK_VzlU4M7jeLyNwFN2lFOqzr5Nx9K10mwo"
"[""FzrDvVA7qq5YxsyddYUtkxNPtSxwuaDNR5eFQUaSDE9Z"",""9Q1YZTN6JkMpLM5qNr1NG4pjqBnezS39fVJdHjRGhLAJ""]","GODz #682","[0,100]","","https://arweave.net/Qx-herW2crZfr4w6UX3abH5cOTHvuJVWU32JBW1MUtc","[1,0]",true,"5UJSNaJ3SsL4ahnvA2xdPK1Zp269tFe6kuxGSTQpPxkM",true,"CbhYESZ55G15vS2vGGKdJYw6FK7qTpRfvVUAtEPUYLVc","https://explorer.solana.com/address/5UJSNaJ3SsL4ahnvA2xdPK1Zp269tFe6kuxGSTQpPxkM","GODz #682","","888 Seed GODz have returned after Millenia. To right their wrongdoings and bring peace to the world of Mortalz.",600,,"[{""trait_type"":""Background"",""value"":""Demonz Pet""},{""trait_type"":""Accessory"",""value"":""Blue Monkey Tail""},{""trait_type"":""Domain"",""value"":""Pyro""},{""trait_type"":""Body"",""value"":""Gear II""},{""trait_type"":""Eyes"",""value"":""Cyclops""},{""trait_type"":""Mouth"",""value"":""None""},{""trait_type"":""Head"",""value"":""None""},{""trait_type"":""Arms"",""value"":""Red Balloon""},{""trait_type"":""Seal"",""value"":""II""},{""trait_type"":""Phase"",""value"":""Seed""}]","GODz Seed","GODz","[{""type"":""image/png"",""uri"":""https://arweave.net/kn1WRzGE8RKgmlgJYuPJpIkQwhf4_8PhLRH9iI7fsWA""}]","image",,"[{""address"":""9Q1YZTN6JkMpLM5qNr1NG4pjqBnezS39fVJdHjRGhLAJ"",""share"":100}]","https://arweave.net/kn1WRzGE8RKgmlgJYuPJpIkQwhf4_8PhLRH9iI7fsWA"
"[""8BG7YY2tHagJz6xdYmXwHUNxaUKSzQyafr4Nsa2PmyeT"",""JDoQbAo8DeDuZKJUzzJrkRKqj3iiFK8jG4oDHkK6AgcK"",""8RM5zah9umtd68e8hhR8EDMbz1p84M3bYiNTQei4RgiE""]","Sol Patrol #1815","[0,100,0]","BAIL","https://arweave.net/d8FpNwqQv-nMqQYLR7K_DmEvkOkB8hfLpgkY47oLwvc","[1,0,0]",true,"H6pXm6y7RRxcGcdLDWUfmf8ArmLzFMUb3rnyLtQmPkgU",true,"8RM5zah9umtd68e8hhR8EDMbz1p84M3bYiNTQei4RgiE","https://explorer.solana.com/address/H6pXm6y7RRxcGcdLDWUfmf8ArmLzFMUb3rnyLtQmPkgU","Sol Patrol #1815","BAIL","The Sol Patrol is an elite team of 3333 guardians. We have one goal, to stop and capture all Solana NFTs.",500,,"[{""trait_type"":""Background"",""value"":""Blue""},{""trait_type"":""Clothing"",""value"":""Field Jacket""},{""trait_type"":""Eyewear"",""value"":""None""},{""trait_type"":""Medal"",""value"":""None""},{""trait_type"":""Mouth"",""value"":""Pipe""},{""trait_type"":""Hats"",""value"":""Black Cowboy""},{""trait_type"":""Type"",""value"":""Elite Solana""}]","Sol Patrol NFT","Patrol","[{""uri"":""https://www.arweave.net/JzQcuSmDqV5r6HzFf1gfkRzJDst3MiJArPO_IDkltA8?ext=png"",""type"":""image/png""}]","image",,"[{""address"":""JDoQbAo8DeDuZKJUzzJrkRKqj3iiFK8jG4oDHkK6AgcK"",""share"":100}]","https://www.arweave.net/JzQcuSmDqV5r6HzFf1gfkRzJDst3MiJArPO_IDkltA8?ext=png"
"[""8BG7YY2tHagJz6xdYmXwHUNxaUKSzQyafr4Nsa2PmyeT"",""JDoQbAo8DeDuZKJUzzJrkRKqj3iiFK8jG4oDHkK6AgcK"",""8RM5zah9umtd68e8hhR8EDMbz1p84M3bYiNTQei4RgiE""]","Sol Patrol #1448","[0,100,0]","BAIL","https://arweave.net/_j5rRYKWA-DNPcTDpNdjrAg8KbXDBum9Y0Ze1MNbtLA","[1,0,0]",true,"8HSPC2Z7K8sTye3Y25wLtMsSAqoZ9Z5AQxfcCUdjFZD2",true,"8RM5zah9umtd68e8hhR8EDMbz1p84M3bYiNTQei4RgiE","https://explorer.solana.com/address/8HSPC2Z7K8sTye3Y25wLtMsSAqoZ9Z5AQxfcCUdjFZD2","Sol Patrol #1448","BAIL","The Sol Patrol is an elite team of 3333 guardians. We have one goal, to stop and capture all Solana NFTs.",500,,"[{""trait_type"":""Background"",""value"":""Green""},{""trait_type"":""Clothing"",""value"":""Field Jacket""},{""trait_type"":""Eyewear"",""value"":""Face Shield""},{""trait_type"":""Medal"",""value"":""None""},{""trait_type"":""Mouth"",""value"":""Blue Mouth Guard""},{""trait_type"":""Hats"",""value"":""Green Helmet""},{""trait_type"":""Type"",""value"":""Military""}]","Sol Patrol NFT","Patrol","[{""uri"":""https://www.arweave.net/kMXo-LdC_7d3-GhfQYqd38G_scitVZYBmBAqRA2hk0U?ext=png"",""type"":""image/png""}]","image",,"[{""address"":""JDoQbAo8DeDuZKJUzzJrkRKqj3iiFK8jG4oDHkK6AgcK"",""share"":100}]","https://www.arweave.net/kMXo-LdC_7d3-GhfQYqd38G_scitVZYBmBAqRA2hk0U?ext=png"
"[""8BG7YY2tHagJz6xdYmXwHUNxaUKSzQyafr4Nsa2PmyeT"",""JDoQbAo8DeDuZKJUzzJrkRKqj3iiFK8jG4oDHkK6AgcK"",""8RM5zah9umtd68e8hhR8EDMbz1p84M3bYiNTQei4RgiE""]","Sol Patrol #2970","[0,100,0]","BAIL","https://arweave.net/fwKBz7KPvK3JioPU9GraiEfykGfz5e8a1N7-qlwamuE","[1,0,0]",true,"2dQbGeySgTJ2266yFHg9YwmAj8DRd7KqHJCaDPu6Y7Cr",true,"8RM5zah9umtd68e8hhR8EDMbz1p84M3bYiNTQei4RgiE","https://explorer.solana.com/address/2dQbGeySgTJ2266yFHg9YwmAj8DRd7KqHJCaDPu6Y7Cr","Sol Patrol #2970","BAIL","The Sol Patrol is an elite team of 3333 guardians. We have one goal, to stop and capture all Solana NFTs.",500,,"[{""trait_type"":""Background"",""value"":""Green""},{""trait_type"":""Clothing"",""value"":""Reflective Vest""},{""trait_type"":""Eyewear"",""value"":""None""},{""trait_type"":""Medal"",""value"":""Silver Star""},{""trait_type"":""Mouth"",""value"":""None""},{""trait_type"":""Hats"",""value"":""Black Cowboy""},{""trait_type"":""Type"",""value"":""Officer""}]","Sol Patrol NFT","Patrol","[{""uri"":""https://www.arweave.net/cB0prLvSlz6W94ihYps0lIOW4iSV-W-LgLs_uz7YF4o?ext=png"",""type"":""image/png""}]","image",,"[{""address"":""JDoQbAo8DeDuZKJUzzJrkRKqj3iiFK8jG4oDHkK6AgcK"",""share"":100}]","https://www.arweave.net/cB0prLvSlz6W94ihYps0lIOW4iSV-W-LgLs_uz7YF4o?ext=png"
"[""FzrDvVA7qq5YxsyddYUtkxNPtSxwuaDNR5eFQUaSDE9Z"",""9Q1YZTN6JkMpLM5qNr1NG4pjqBnezS39fVJdHjRGhLAJ""]","GODz #506","[0,100]","","https://arweave.net/LBy0tGEi6V9dD154GsDJdwYcUstJCLwGyewf8YqZt8I","[1,0]",true,"J2Mm8JJWrXHqHYEhhcTnNvWFXSP5mBB3wSYi7kxWkhKY",true,"CbhYESZ55G15vS2vGGKdJYw6FK7qTpRfvVUAtEPUYLVc","https://explorer.solana.com/address/J2Mm8JJWrXHqHYEhhcTnNvWFXSP5mBB3wSYi7kxWkhKY","GODz #506","","888 Seed GODz have returned after Millenia. To right their wrongdoings and bring peace to the world of Mortalz.",600,,"[{""trait_type"":""Background"",""value"":""Bastille""},{""trait_type"":""Accessory"",""value"":""None""},{""trait_type"":""Domain"",""value"":""Psyche""},{""trait_type"":""Body"",""value"":""Master Wizards Cape""},{""trait_type"":""Eyes"",""value"":""Shankz Scar""},{""trait_type"":""Mouth"",""value"":""Orc Teeth""},{""trait_type"":""Head"",""value"":""Zangetsu Mask""},{""trait_type"":""Arms"",""value"":""Tactical Gloves""},{""trait_type"":""Seal"",""value"":""VII""},{""trait_type"":""Phase"",""value"":""Seed""}]","GODz Seed","GODz","[{""type"":""image/png"",""uri"":""https://arweave.net/_za0rmN5spivmFpR-zEe4ncaqQRgw0rOVtba6DxxDxo""}]","image",,"[{""address"":""9Q1YZTN6JkMpLM5qNr1NG4pjqBnezS39fVJdHjRGhLAJ"",""share"":100}]","https://arweave.net/_za0rmN5spivmFpR-zEe4ncaqQRgw0rOVtba6DxxDxo"
"[""FzrDvVA7qq5YxsyddYUtkxNPtSxwuaDNR5eFQUaSDE9Z"",""9Q1YZTN6JkMpLM5qNr1NG4pjqBnezS39fVJdHjRGhLAJ""]","GODz #207","[0,100]","","https://arweave.net/YsDU9n3aa62B1R3SoGhGJLEybM2PP03txB1mHf0iQoo","[1,0]",true,"G9GwMF8gdQcfEkDjdmudE1ALndUKpJvbwcnHgLmM1nEx",true,"CbhYESZ55G15vS2vGGKdJYw6FK7qTpRfvVUAtEPUYLVc","https://explorer.solana.com/address/G9GwMF8gdQcfEkDjdmudE1ALndUKpJvbwcnHgLmM1nEx","GODz #207","","888 Seed GODz have returned after Millenia. To right their wrongdoings and bring peace to the world of Mortalz.",600,,"[{""trait_type"":""Background"",""value"":""Aethers Storm""},{""trait_type"":""Accessory"",""value"":""None""},{""trait_type"":""Domain"",""value"":""Celestial""},{""trait_type"":""Body"",""value"":""Sub Zero""},{""trait_type"":""Eyes"",""value"":""None""},{""trait_type"":""Mouth"",""value"":""Gentlemans Beard""},{""trait_type"":""Head"",""value"":""None""},{""trait_type"":""Arms"",""value"":""Banana""},{""trait_type"":""Seal"",""value"":""XI""},{""trait_type"":""Phase"",""value"":""Seed""}]","GODz Seed","GODz","[{""type"":""image/png"",""uri"":""https://arweave.net/wfuE9yvYH2lquyNb7377f_UnPkM6fN4oLeJ7HDUPK-g""}]","image",,"[{""address"":""9Q1YZTN6JkMpLM5qNr1NG4pjqBnezS39fVJdHjRGhLAJ"",""share"":100}]","https://arweave.net/wfuE9yvYH2lquyNb7377f_UnPkM6fN4oLeJ7HDUPK-g"
"[""FzrDvVA7qq5YxsyddYUtkxNPtSxwuaDNR5eFQUaSDE9Z"",""9Q1YZTN6JkMpLM5qNr1NG4pjqBnezS39fVJdHjRGhLAJ""]","GODz #63","[0,100]","","https://arweave.net/CPgUnGnij5FyPuLgTdtSzlRfK87Bdztl6dbOrxa97_k","[1,0]",true,"4GxbrtLbHDuvhfSWK4ZXQd5FQS5SNFYNcNb6SHC1MQgY",true,"CbhYESZ55G15vS2vGGKdJYw6FK7qTpRfvVUAtEPUYLVc","https://explorer.solana.com/address/4GxbrtLbHDuvhfSWK4ZXQd5FQS5SNFYNcNb6SHC1MQgY","GODz #63","","888 Seed GODz have returned after Millenia. To right their wrongdoings and bring peace to the world of Mortalz.",600,,"[{""trait_type"":""Background"",""value"":""Summoning Circle""},{""trait_type"":""Accessory"",""value"":""None""},{""trait_type"":""Domain"",""value"":""Anima""},{""trait_type"":""Body"",""value"":""Ancient Emperor""},{""trait_type"":""Eyes"",""value"":""Ruined Mascara""},{""trait_type"":""Mouth"",""value"":""Iroh's Beard""},{""trait_type"":""Head"",""value"":""Gold Wreath""},{""trait_type"":""Arms"",""value"":""Robot Armz""},{""trait_type"":""Seal"",""value"":""IX""},{""trait_type"":""Phase"",""value"":""Seed""}]","GODz Seed","GODz","[{""type"":""image/png"",""uri"":""https://arweave.net/2mjNd7uOKfiGqirJcurbXpPnzwTH43oaeEKmv06sEMk""}]","image",,"[{""address"":""9Q1YZTN6JkMpLM5qNr1NG4pjqBnezS39fVJdHjRGhLAJ"",""share"":100}]","https://arweave.net/2mjNd7uOKfiGqirJcurbXpPnzwTH43oaeEKmv06sEMk"
"[""FzrDvVA7qq5YxsyddYUtkxNPtSxwuaDNR5eFQUaSDE9Z"",""9Q1YZTN6JkMpLM5qNr1NG4pjqBnezS39fVJdHjRGhLAJ""]","GODz #327","[0,100]","","https://arweave.net/313mODI5-U4uSA7SZ7URjQiN3lyfWKZWW3MoqCGHsHo","[1,0]",true,"BW81NSpL9CV7SrV4LW5cEMcydFzJHYwf33M1S5cwSWip",true,"CbhYESZ55G15vS2vGGKdJYw6FK7qTpRfvVUAtEPUYLVc","https://explorer.solana.com/address/BW81NSpL9CV7SrV4LW5cEMcydFzJHYwf33M1S5cwSWip","GODz #327","","888 Seed GODz have returned after Millenia. To right their wrongdoings and bring peace to the world of Mortalz.",600,,"[{""trait_type"":""Background"",""value"":""Rock Formation""},{""trait_type"":""Accessory"",""value"":""None""},{""trait_type"":""Domain"",""value"":""Vigor""},{""trait_type"":""Body"",""value"":""Tanjiro's Robe""},{""trait_type"":""Eyes"",""value"":""Visor""},{""trait_type"":""Mouth"",""value"":""None""},{""trait_type"":""Head"",""value"":""Stone Mask""},{""trait_type"":""Arms"",""value"":""None""},{""trait_type"":""Seal"",""value"":""X""},{""trait_type"":""Phase"",""value"":""Seed""}]","GODz Seed","GODz","[{""type"":""image/png"",""uri"":""https://arweave.net/Zw5UhdfCUhrPGuYfFvf8iPJbhaRMxyQJWdicqdQwnN4""}]","image",,"[{""address"":""9Q1YZTN6JkMpLM5qNr1NG4pjqBnezS39fVJdHjRGhLAJ"",""share"":100}]","https://arweave.net/Zw5UhdfCUhrPGuYfFvf8iPJbhaRMxyQJWdicqdQwnN4"
"[""8BG7YY2tHagJz6xdYmXwHUNxaUKSzQyafr4Nsa2PmyeT"",""JDoQbAo8DeDuZKJUzzJrkRKqj3iiFK8jG4oDHkK6AgcK"",""8RM5zah9umtd68e8hhR8EDMbz1p84M3bYiNTQei4RgiE""]","Sol Patrol #1657","[0,100,0]","BAIL","https://arweave.net/yVIXk7b32YpmXkVzy9Ci2x4h0_6NoOO3PpxxWgjwjbY","[1,0,0]",true,"6gK4WpCdUUXn9osJ8Zsxz1wRYbRUr8F5LY7GtmAQz2zb",true,"8RM5zah9umtd68e8hhR8EDMbz1p84M3bYiNTQei4RgiE","https://explorer.solana.com/address/6gK4WpCdUUXn9osJ8Zsxz1wRYbRUr8F5LY7GtmAQz2zb","Sol Patrol #1657","BAIL","The Sol Patrol is an elite team of 3333 guardians. We have one goal, to stop and capture all Solana NFTs.",500,,"[{""trait_type"":""Background"",""value"":""Pink""},{""trait_type"":""Clothing"",""value"":""None""},{""trait_type"":""Eyewear"",""value"":""Thermal Goggles""},{""trait_type"":""Medal"",""value"":""None""},{""trait_type"":""Mouth"",""value"":""Cigarette""},{""trait_type"":""Hats"",""value"":""White Cowboy""},{""trait_type"":""Type"",""value"":""Elite Solana""}]","Sol Patrol NFT","Patrol","[{""uri"":""https://www.arweave.net/V9S4IY61vOOtIvuTZmSCC2T1rIw65TrQ_26XPHUp1RI?ext=png"",""type"":""image/png""}]","image",,"[{""address"":""JDoQbAo8DeDuZKJUzzJrkRKqj3iiFK8jG4oDHkK6AgcK"",""share"":100}]","https://www.arweave.net/V9S4IY61vOOtIvuTZmSCC2T1rIw65TrQ_26XPHUp1RI?ext=png"
"[""B9REbEXGse3JD2EtypAt2rDwPniA57AtPMCQ8n4WfYnK"",""AfVySHXxTrf5vvLMRCNdfeWmE9h6QFsxzxJ2fgJj7VrQ"",""3TNqESRP84pJKQRfhLG3vbKAbDLSFLDtzWr8aVX8CL3k"",""8gzR2vT8vCiqwdG5yP9v1nQdL3agJer9vLEcd2Jkf3VD"",""FX85xZpESurPHXoEiqqa27PdHshHLzjXkstKQogtpD4t""]","Astrals #2155","[0,25,25,25,25]","ASTRALS","https://arweave.net/-6Aw5jdnZllZxPV8ZyK02Mg-iUbVczWwCQLPMxef7Ps","[1,0,0,0,0]",true,"6N7yYxVvVferiXALMVkvrzoA7hMKEAB5fkx3iR7s651R",true,"9ZtfJY5YggxyxNKncYFLPPFuS3fy8bx49n7Ly3M3QRJY","https://explorer.solana.com/address/6N7yYxVvVferiXALMVkvrzoA7hMKEAB5fkx3iR7s651R","Astrals #2155","ASTRALS","One of the 10,000 brave souls who have offered their lives as tribute to maintain order in the Galaxy.",800,,"[{""trait_type"":""Background"",""value"":""Green Wall""},{""trait_type"":""Weapon"",""value"":""Minigun""},{""trait_type"":""Body"",""value"":""Psychonaut Soldier""},{""trait_type"":""Face"",""value"":""Contemplar Seeker""},{""trait_type"":""Shimmer"",""value"":""Aranea Vita""}]",,,"[{""type"":""image/png"",""uri"":""https://arweave.net/YLWNWmNIO9B5WpVNOc-RR27_5lGVHKIPCxWsRoUQMe4?ext=png""}]","image",,"[{""share"":25,""address"":""AfVySHXxTrf5vvLMRCNdfeWmE9h6QFsxzxJ2fgJj7VrQ""},{""share"":25,""address"":""3TNqESRP84pJKQRfhLG3vbKAbDLSFLDtzWr8aVX8CL3k""},{""share"":25,""address"":""8gzR2vT8vCiqwdG5yP9v1nQdL3agJer9vLEcd2Jkf3VD""},{""share"":25,""address"":""FX85xZpESurPHXoEiqqa27PdHshHLzjXkstKQogtpD4t""}]","https://arweave.net/YLWNWmNIO9B5WpVNOc-RR27_5lGVHKIPCxWsRoUQMe4?ext=png"
"[""8BG7YY2tHagJz6xdYmXwHUNxaUKSzQyafr4Nsa2PmyeT"",""JDoQbAo8DeDuZKJUzzJrkRKqj3iiFK8jG4oDHkK6AgcK"",""8RM5zah9umtd68e8hhR8EDMbz1p84M3bYiNTQei4RgiE""]","Sol Patrol #2591","[0,100,0]","BAIL","https://arweave.net/vYDaf6_fgYg9PdOnTxduueVdoY7Dr9m9WweNZcijG0I","[1,0,0]",true,"9aoF32tiEJWykVq11n4ZFKrDBAchvnK56e3QZ7yKGL7P",true,"8RM5zah9umtd68e8hhR8EDMbz1p84M3bYiNTQei4RgiE","https://explorer.solana.com/address/9aoF32tiEJWykVq11n4ZFKrDBAchvnK56e3QZ7yKGL7P","Sol Patrol #2591","BAIL","The Sol Patrol is an elite team of 3333 guardians. We have one goal, to stop and capture all Solana NFTs.",500,,"[{""trait_type"":""Background"",""value"":""Blue""},{""trait_type"":""Clothing"",""value"":""Field Jacket""},{""trait_type"":""Eyewear"",""value"":""None""},{""trait_type"":""Medal"",""value"":""Silver Star""},{""trait_type"":""Mouth"",""value"":""Platinum Mouth Guard""},{""trait_type"":""Hats"",""value"":""None""},{""trait_type"":""Type"",""value"":""Chief""}]","Sol Patrol NFT","Patrol","[{""uri"":""https://www.arweave.net/yh7IB2FdQjY5FwgHxftlT8RGc9Af4YlZqv9TgwPVZtg?ext=png"",""type"":""image/png""}]","image",,"[{""address"":""JDoQbAo8DeDuZKJUzzJrkRKqj3iiFK8jG4oDHkK6AgcK"",""share"":100}]","https://www.arweave.net/yh7IB2FdQjY5FwgHxftlT8RGc9Af4YlZqv9TgwPVZtg?ext=png"
"[""DR7RkXBsWRfzY9rHpWbCLuwfBYjYp2Bm4DjhxbtGKFBi"",""6xvFdAceHZbakLVHGpNxowQe3Bw7pPDzB8MVPHBbo6o7""]","Kyobo Drakes #399","[0,100]","KYOBO","https://arweave.net/Me_tu8rniyvQZ8sVQWnVrJNFcsd-XSoa-D8B9jECHNc","[1,0]",true,"8VX8bVtR4e1XHAUm5WSos7zv86S8vFfTd7yJ7dx3LUDp",true,"6xvFdAceHZbakLVHGpNxowQe3Bw7pPDzB8MVPHBbo6o7","https://explorer.solana.com/address/8VX8bVtR4e1XHAUm5WSos7zv86S8vFfTd7yJ7dx3LUDp","Kyobo Drakes #399","KYOBO","777 Drakes have descended on Kyobo Prefecture, wreaking havoc wherever they go!",500,"www.kyobodrakes.com","[{""trait_type"":""Background"",""value"":""Machi""},{""trait_type"":""Body"",""value"":""Murasaki""},{""trait_type"":""Neck"",""value"":""None""},{""trait_type"":""Eyes"",""value"":""Scar""},{""trait_type"":""Mouth"",""value"":""Carnage""},{""trait_type"":""Nose"",""value"":""Steel Nose Ring""},{""trait_type"":""Horns"",""value"":""Broken Horns""}]","Kyobo Drakes","Kyobo Drakes","[{""uri"":""https://www.arweave.net/AxDOwtej5fE3KxoSAYGp5xmj-BtgVCTCLJcNKJ28WuY?ext=png"",""type"":""image/png""}]","image",,"[{""address"":""6xvFdAceHZbakLVHGpNxowQe3Bw7pPDzB8MVPHBbo6o7"",""share"":100}]","https://www.arweave.net/AxDOwtej5fE3KxoSAYGp5xmj-BtgVCTCLJcNKJ28WuY?ext=png"
"[""8BG7YY2tHagJz6xdYmXwHUNxaUKSzQyafr4Nsa2PmyeT"",""JDoQbAo8DeDuZKJUzzJrkRKqj3iiFK8jG4oDHkK6AgcK"",""8RM5zah9umtd68e8hhR8EDMbz1p84M3bYiNTQei4RgiE""]","Sol Patrol #1391","[0,100,0]","BAIL","https://arweave.net/IccP7gzUZqPozfKdm65oiHrzLpjFKs_X-Nyo8_xNNgo","[1,0,0]",true,"GHGNhZ8khaisghdTu1jukQJREYzztVuYTgxJLLszMov4",true,"8RM5zah9umtd68e8hhR8EDMbz1p84M3bYiNTQei4RgiE","https://explorer.solana.com/address/GHGNhZ8khaisghdTu1jukQJREYzztVuYTgxJLLszMov4","Sol Patrol #1391","BAIL","The Sol Patrol is an elite team of 3333 guardians. We have one goal, to stop and capture all Solana NFTs.",500,,"[{""trait_type"":""Background"",""value"":""Yellow""},{""trait_type"":""Clothing"",""value"":""None""},{""trait_type"":""Eyewear"",""value"":""None""},{""trait_type"":""Medal"",""value"":""None""},{""trait_type"":""Mouth"",""value"":""Platinum Mouth Guard""},{""trait_type"":""Hats"",""value"":""Solana Cowboy""},{""trait_type"":""Type"",""value"":""Sergeant""}]","Sol Patrol NFT","Patrol","[{""uri"":""https://www.arweave.net/EAHybe1dERKCYUmXz214ZMawtpb6PYXKljij_Q7WqQE?ext=png"",""type"":""image/png""}]","image",,"[{""address"":""JDoQbAo8DeDuZKJUzzJrkRKqj3iiFK8jG4oDHkK6AgcK"",""share"":100}]","https://www.arweave.net/EAHybe1dERKCYUmXz214ZMawtpb6PYXKljij_Q7WqQE?ext=png"
"[""8BG7YY2tHagJz6xdYmXwHUNxaUKSzQyafr4Nsa2PmyeT"",""JDoQbAo8DeDuZKJUzzJrkRKqj3iiFK8jG4oDHkK6AgcK"",""8RM5zah9umtd68e8hhR8EDMbz1p84M3bYiNTQei4RgiE""]","Sol Patrol #1586","[0,100,0]","BAIL","https://arweave.net/9x5Fk4AJLEdnsCeCeSIzERZ8G7Pbu8Y7FKxd4_4lju0","[1,0,0]",true,"S813MHjQW4TL4Uk3HQjyydhaHH6eQx96KHi5QMVtaxN",true,"8RM5zah9umtd68e8hhR8EDMbz1p84M3bYiNTQei4RgiE","https://explorer.solana.com/address/S813MHjQW4TL4Uk3HQjyydhaHH6eQx96KHi5QMVtaxN","Sol Patrol #1586","BAIL","The Sol Patrol is an elite team of 3333 guardians. We have one goal, to stop and capture all Solana NFTs.",500,,"[{""trait_type"":""Background"",""value"":""Yellow""},{""trait_type"":""Clothing"",""value"":""Camo Jacket""},{""trait_type"":""Eyewear"",""value"":""None""},{""trait_type"":""Medal"",""value"":""None""},{""trait_type"":""Mouth"",""value"":""None""},{""trait_type"":""Hats"",""value"":""None""},{""trait_type"":""Type"",""value"":""Special Forces""}]","Sol Patrol NFT","Patrol","[{""uri"":""https://www.arweave.net/R1FITYlNXriCzHPs6Gnej0JPRQJ8aPw1S2zojcF9Dak?ext=png"",""type"":""image/png""}]","image",,"[{""address"":""JDoQbAo8DeDuZKJUzzJrkRKqj3iiFK8jG4oDHkK6AgcK"",""share"":100}]","https://www.arweave.net/R1FITYlNXriCzHPs6Gnej0JPRQJ8aPw1S2zojcF9Dak?ext=png"
"[""FzrDvVA7qq5YxsyddYUtkxNPtSxwuaDNR5eFQUaSDE9Z"",""9Q1YZTN6JkMpLM5qNr1NG4pjqBnezS39fVJdHjRGhLAJ""]","GODz #360","[0,100]","","https://arweave.net/XIT1nOmMl8AnDlP18Uvk0eU3KUOxSWBugYfwZzmUPq4","[1,0]",true,"3XQy3vqmdjRGDGoYWZxv25KeJdFBGsPyHNBuz2LymgBi",true,"CbhYESZ55G15vS2vGGKdJYw6FK7qTpRfvVUAtEPUYLVc","https://explorer.solana.com/address/3XQy3vqmdjRGDGoYWZxv25KeJdFBGsPyHNBuz2LymgBi","GODz #360","","888 Seed GODz have returned after Millenia. To right their wrongdoings and bring peace to the world of Mortalz.",600,,"[{""trait_type"":""Background"",""value"":""Zanzis Citadel""},{""trait_type"":""Accessory"",""value"":""Ocks Arms""},{""trait_type"":""Domain"",""value"":""Hydro""},{""trait_type"":""Body"",""value"":""Meeko Armour""},{""trait_type"":""Eyes"",""value"":""None""},{""trait_type"":""Mouth"",""value"":""None""},{""trait_type"":""Head"",""value"":""Golden Eagle Warrior""},{""trait_type"":""Arms"",""value"":""Banana""},{""trait_type"":""Seal"",""value"":""I""},{""trait_type"":""Phase"",""value"":""Seed""}]","GODz Seed","GODz","[{""type"":""image/png"",""uri"":""https://arweave.net/pVvOif5EepqqH4iGwBGFV7UVFIZli6pLxI3rByDMbDw""}]","image",,"[{""address"":""9Q1YZTN6JkMpLM5qNr1NG4pjqBnezS39fVJdHjRGhLAJ"",""share"":100}]","https://arweave.net/pVvOif5EepqqH4iGwBGFV7UVFIZli6pLxI3rByDMbDw"
"[""8BG7YY2tHagJz6xdYmXwHUNxaUKSzQyafr4Nsa2PmyeT"",""JDoQbAo8DeDuZKJUzzJrkRKqj3iiFK8jG4oDHkK6AgcK"",""8RM5zah9umtd68e8hhR8EDMbz1p84M3bYiNTQei4RgiE""]","Sol Patrol #2094","[0,100,0]","BAIL","https://arweave.net/nUesaz0F9toStcI35Ge0wDIm6wxUZheGkkhX7-ZI5mM","[1,0,0]",true,"FSkWWvDBQtNuCLNhePfAMWRuVSNop5ovMFT3xYA4CmSY",true,"8RM5zah9umtd68e8hhR8EDMbz1p84M3bYiNTQei4RgiE","https://explorer.solana.com/address/FSkWWvDBQtNuCLNhePfAMWRuVSNop5ovMFT3xYA4CmSY","Sol Patrol #2094","BAIL","The Sol Patrol is an elite team of 3333 guardians. We have one goal, to stop and capture all Solana NFTs.",500,,"[{""trait_type"":""Background"",""value"":""Yellow""},{""trait_type"":""Clothing"",""value"":""Field Jacket""},{""trait_type"":""Eyewear"",""value"":""Thermal Goggles""},{""trait_type"":""Medal"",""value"":""Silver Star""},{""trait_type"":""Mouth"",""value"":""None""},{""trait_type"":""Hats"",""value"":""Green Helmet""},{""trait_type"":""Type"",""value"":""Elite Solana""}]","Sol Patrol NFT","Patrol","[{""uri"":""https://www.arweave.net/Jr6FupNpCg8-IDCZbCYtsbpSCIKQQ6sqvAdKnF8U0pM?ext=png"",""type"":""image/png""}]","image",,"[{""address"":""JDoQbAo8DeDuZKJUzzJrkRKqj3iiFK8jG4oDHkK6AgcK"",""share"":100}]","https://www.arweave.net/Jr6FupNpCg8-IDCZbCYtsbpSCIKQQ6sqvAdKnF8U0pM?ext=png"
"[""FzrDvVA7qq5YxsyddYUtkxNPtSxwuaDNR5eFQUaSDE9Z"",""9Q1YZTN6JkMpLM5qNr1NG4pjqBnezS39fVJdHjRGhLAJ""]","GODz #46","[0,100]","","https://arweave.net/nmhLV3zX-tJlewLocArM-NCk4rW8lBserzm1jOoptZM","[1,0]",true,"DFPqsi1xdMroXyCQu2UpKZWEghX3sC7WE86sHu2paa1b",true,"CbhYESZ55G15vS2vGGKdJYw6FK7qTpRfvVUAtEPUYLVc","https://explorer.solana.com/address/DFPqsi1xdMroXyCQu2UpKZWEghX3sC7WE86sHu2paa1b","GODz #46","","888 Seed GODz have returned after Millenia. To right their wrongdoings and bring peace to the world of Mortalz.",600,,"[{""trait_type"":""Background"",""value"":""Infinite Tsukuyomi""},{""trait_type"":""Accessory"",""value"":""Wheatley""},{""trait_type"":""Domain"",""value"":""Aether""},{""trait_type"":""Body"",""value"":""Ancient Emperor""},{""trait_type"":""Eyes"",""value"":""Tribal""},{""trait_type"":""Mouth"",""value"":""Dragon Pipe""},{""trait_type"":""Head"",""value"":""Shinobi""},{""trait_type"":""Arms"",""value"":""Yingyang Fists""},{""trait_type"":""Seal"",""value"":""XVI""},{""trait_type"":""Phase"",""value"":""Seed""}]","GODz Seed","GODz","[{""type"":""image/png"",""uri"":""https://arweave.net/kxJpf9pkCfbAaayqUZ6tRY20XKrLitPYkOS0r1d9dtY""}]","image",,"[{""address"":""9Q1YZTN6JkMpLM5qNr1NG4pjqBnezS39fVJdHjRGhLAJ"",""share"":100}]","https://arweave.net/kxJpf9pkCfbAaayqUZ6tRY20XKrLitPYkOS0r1d9dtY"
"[""8BG7YY2tHagJz6xdYmXwHUNxaUKSzQyafr4Nsa2PmyeT"",""JDoQbAo8DeDuZKJUzzJrkRKqj3iiFK8jG4oDHkK6AgcK"",""8RM5zah9umtd68e8hhR8EDMbz1p84M3bYiNTQei4RgiE""]","Sol Patrol #1772","[0,100,0]","BAIL","https://arweave.net/FnYR9_VBnjUqQRTBhwIZnLroS3gTXGa9HvUYHPcHQ_U","[1,0,0]",true,"7KveUKYSTJxndhDristDZJiKhipfuLrkXoU19HDc37Jf",true,"8RM5zah9umtd68e8hhR8EDMbz1p84M3bYiNTQei4RgiE","https://explorer.solana.com/address/7KveUKYSTJxndhDristDZJiKhipfuLrkXoU19HDc37Jf","Sol Patrol #1772","BAIL","The Sol Patrol is an elite team of 3333 guardians. We have one goal, to stop and capture all Solana NFTs.",500,,"[{""trait_type"":""Background"",""value"":""Green""},{""trait_type"":""Clothing"",""value"":""None""},{""trait_type"":""Eyewear"",""value"":""None""},{""trait_type"":""Medal"",""value"":""None""},{""trait_type"":""Mouth"",""value"":""Blue Mouth Guard""},{""trait_type"":""Hats"",""value"":""Brown Helmet""},{""trait_type"":""Type"",""value"":""Detective""}]","Sol Patrol NFT","Patrol","[{""uri"":""https://www.arweave.net/Tj7mWLVZkPAbJlruYN8vEz48o-g5wibh4eyW9zlkD64?ext=png"",""type"":""image/png""}]","image",,"[{""address"":""JDoQbAo8DeDuZKJUzzJrkRKqj3iiFK8jG4oDHkK6AgcK"",""share"":100}]","https://www.arweave.net/Tj7mWLVZkPAbJlruYN8vEz48o-g5wibh4eyW9zlkD64?ext=png"
"[""FzrDvVA7qq5YxsyddYUtkxNPtSxwuaDNR5eFQUaSDE9Z"",""9Q1YZTN6JkMpLM5qNr1NG4pjqBnezS39fVJdHjRGhLAJ""]","GODz #242","[0,100]","","https://arweave.net/BkZ57S-LRzBmy35xaKcL543kmozbpVdu-ldL6xKbfiE","[1,0]",true,"AkyvezFNc8szqWRrygcUnF99org5TFJGRPHfxk2wGNXP",true,"CbhYESZ55G15vS2vGGKdJYw6FK7qTpRfvVUAtEPUYLVc","https://explorer.solana.com/address/AkyvezFNc8szqWRrygcUnF99org5TFJGRPHfxk2wGNXP","GODz #242","","888 Seed GODz have returned after Millenia. To right their wrongdoings and bring peace to the world of Mortalz.",600,,"[{""trait_type"":""Background"",""value"":""Demonz Pet""},{""trait_type"":""Accessory"",""value"":""Serpent""},{""trait_type"":""Domain"",""value"":""Shade""},{""trait_type"":""Body"",""value"":""Gi""},{""trait_type"":""Eyes"",""value"":""Sage""},{""trait_type"":""Mouth"",""value"":""None""},{""trait_type"":""Head"",""value"":""None""},{""trait_type"":""Arms"",""value"":""Crab Claw""},{""trait_type"":""Seal"",""value"":""XIV""},{""trait_type"":""Phase"",""value"":""Seed""}]","GODz Seed","GODz","[{""type"":""image/png"",""uri"":""https://arweave.net/tQN7ucaoCzL_mR7IrrGMjcSmGuXKSWKOr3XFIzhCQWY""}]","image",,"[{""address"":""9Q1YZTN6JkMpLM5qNr1NG4pjqBnezS39fVJdHjRGhLAJ"",""share"":100}]","https://arweave.net/tQN7ucaoCzL_mR7IrrGMjcSmGuXKSWKOr3XFIzhCQWY"
"[""8BG7YY2tHagJz6xdYmXwHUNxaUKSzQyafr4Nsa2PmyeT"",""JDoQbAo8DeDuZKJUzzJrkRKqj3iiFK8jG4oDHkK6AgcK"",""8RM5zah9umtd68e8hhR8EDMbz1p84M3bYiNTQei4RgiE""]","Sol Patrol #1873","[0,100,0]","BAIL","https://arweave.net/4YdBGkFQzEoMwGlEeQk7ShCgEBaQDJg9Wa_VAmxhBSU","[1,0,0]",true,"7nYTdze1a8UfMkRyyv8WhrsKD5tCq8qTCvbrTanyWMme",true,"8RM5zah9umtd68e8hhR8EDMbz1p84M3bYiNTQei4RgiE","https://explorer.solana.com/address/7nYTdze1a8UfMkRyyv8WhrsKD5tCq8qTCvbrTanyWMme","Sol Patrol #1873","BAIL","The Sol Patrol is an elite team of 3333 guardians. We have one goal, to stop and capture all Solana NFTs.",500,,"[{""trait_type"":""Background"",""value"":""Yellow""},{""trait_type"":""Clothing"",""value"":""Field Jacket""},{""trait_type"":""Eyewear"",""value"":""None""},{""trait_type"":""Medal"",""value"":""None""},{""trait_type"":""Mouth"",""value"":""Cigarette""},{""trait_type"":""Hats"",""value"":""Blue Laser Jammer""},{""trait_type"":""Type"",""value"":""Elite Solana""}]","Sol Patrol NFT","Patrol","[{""uri"":""https://www.arweave.net/TCb1biW0n4KeoYkhKoxN2HdyXZQ5JcFi15R86w9vjwc?ext=png"",""type"":""image/png""}]","image",,"[{""address"":""JDoQbAo8DeDuZKJUzzJrkRKqj3iiFK8jG4oDHkK6AgcK"",""share"":100}]","https://www.arweave.net/TCb1biW0n4KeoYkhKoxN2HdyXZQ5JcFi15R86w9vjwc?ext=png"
"[""8BG7YY2tHagJz6xdYmXwHUNxaUKSzQyafr4Nsa2PmyeT"",""JDoQbAo8DeDuZKJUzzJrkRKqj3iiFK8jG4oDHkK6AgcK"",""8RM5zah9umtd68e8hhR8EDMbz1p84M3bYiNTQei4RgiE""]","Sol Patrol #1546","[0,100,0]","BAIL","https://arweave.net/2yvVnDmEW53xw1-3KQi1lcGUdBIzbTNL5uIJG93T3tE","[1,0,0]",true,"7aauHm3dWoggjxeN7dqfZF9vdoLN6adA6wpWfVDmosiz",true,"8RM5zah9umtd68e8hhR8EDMbz1p84M3bYiNTQei4RgiE","https://explorer.solana.com/address/7aauHm3dWoggjxeN7dqfZF9vdoLN6adA6wpWfVDmosiz","Sol Patrol #1546","BAIL","The Sol Patrol is an elite team of 3333 guardians. We have one goal, to stop and capture all Solana NFTs.",500,,"[{""trait_type"":""Background"",""value"":""Blue""},{""trait_type"":""Clothing"",""value"":""Bulletproof Vest""},{""trait_type"":""Eyewear"",""value"":""None""},{""trait_type"":""Medal"",""value"":""Bronze Star""},{""trait_type"":""Mouth"",""value"":""None""},{""trait_type"":""Hats"",""value"":""Brown Helmet""},{""trait_type"":""Type"",""value"":""Elite Terminator""}]","Sol Patrol NFT","Patrol","[{""uri"":""https://www.arweave.net/aiqyU8wiIB8ebN3xyjc6ghe0HXvviE8V1Htsgax20kw?ext=png"",""type"":""image/png""}]","image",,"[{""address"":""JDoQbAo8DeDuZKJUzzJrkRKqj3iiFK8jG4oDHkK6AgcK"",""share"":100}]","https://www.arweave.net/aiqyU8wiIB8ebN3xyjc6ghe0HXvviE8V1Htsgax20kw?ext=png"
"[""B9REbEXGse3JD2EtypAt2rDwPniA57AtPMCQ8n4WfYnK"",""AfVySHXxTrf5vvLMRCNdfeWmE9h6QFsxzxJ2fgJj7VrQ"",""3TNqESRP84pJKQRfhLG3vbKAbDLSFLDtzWr8aVX8CL3k"",""8gzR2vT8vCiqwdG5yP9v1nQdL3agJer9vLEcd2Jkf3VD"",""FX85xZpESurPHXoEiqqa27PdHshHLzjXkstKQogtpD4t""]","Astrals #107","[0,25,25,25,25]","ASTRALS","https://arweave.net/cZ7fMTlOwQ6r72ta2XqMKg8kbdT8UGF5qu-Nwce29h0","[1,0,0,0,0]",true,"HFs1HGTvetTe2ptU8y9iQSWUiqqNoNZbs98dKT696SjH",true,"9ZtfJY5YggxyxNKncYFLPPFuS3fy8bx49n7Ly3M3QRJY","https://explorer.solana.com/address/HFs1HGTvetTe2ptU8y9iQSWUiqqNoNZbs98dKT696SjH","Astrals #107","ASTRALS","One of the 10,000 brave souls who have offered their lives as tribute to maintain order in the Galaxy.",800,,"[{""trait_type"":""Background"",""value"":""Light Yellow Mist""},{""trait_type"":""Weapon"",""value"":""Short Sword Glacies""},{""trait_type"":""Body"",""value"":""Rubicon Spacesuit""},{""trait_type"":""Face"",""value"":""Azuli Mage""},{""trait_type"":""Shimmer"",""value"":""Benignitas Vita""}]",,,"[{""type"":""image/png"",""uri"":""https://arweave.net/Fl5622Ad5IGYjRqjwEsRU2ivX_bFYYqW0EdApXOpfIU?ext=png""}]","image",,"[{""share"":25,""address"":""AfVySHXxTrf5vvLMRCNdfeWmE9h6QFsxzxJ2fgJj7VrQ""},{""share"":25,""address"":""3TNqESRP84pJKQRfhLG3vbKAbDLSFLDtzWr8aVX8CL3k""},{""share"":25,""address"":""8gzR2vT8vCiqwdG5yP9v1nQdL3agJer9vLEcd2Jkf3VD""},{""share"":25,""address"":""FX85xZpESurPHXoEiqqa27PdHshHLzjXkstKQogtpD4t""}]","https://arweave.net/Fl5622Ad5IGYjRqjwEsRU2ivX_bFYYqW0EdApXOpfIU?ext=png"
"[""B9REbEXGse3JD2EtypAt2rDwPniA57AtPMCQ8n4WfYnK"",""AfVySHXxTrf5vvLMRCNdfeWmE9h6QFsxzxJ2fgJj7VrQ"",""3TNqESRP84pJKQRfhLG3vbKAbDLSFLDtzWr8aVX8CL3k"",""8gzR2vT8vCiqwdG5yP9v1nQdL3agJer9vLEcd2Jkf3VD"",""FX85xZpESurPHXoEiqqa27PdHshHLzjXkstKQogtpD4t""]","Astrals #1782","[0,25,25,25,25]","ASTRALS","https://arweave.net/u06a-e2OGyWkLRNjSIGwq8WP2gmPAjGTE0VfVohfkl4","[1,0,0,0,0]",true,"62rX4JNCkE7V6iXCbiSEsY4UaV1y2XUouPNdDXUHW7PL",true,"9ZtfJY5YggxyxNKncYFLPPFuS3fy8bx49n7Ly3M3QRJY","https://explorer.solana.com/address/62rX4JNCkE7V6iXCbiSEsY4UaV1y2XUouPNdDXUHW7PL","Astrals #1782","ASTRALS","One of the 10,000 brave souls who have offered their lives as tribute to maintain order in the Galaxy.",800,,"[{""trait_type"":""Background"",""value"":""Light Yellow Mist""},{""trait_type"":""Weapon"",""value"":""Fire Trident""},{""trait_type"":""Body"",""value"":""Obsidian Armor""},{""trait_type"":""Face"",""value"":""TsqƒÅl Bookworm""},{""trait_type"":""Shimmer"",""value"":""Benignitas Aqua""}]",,,"[{""type"":""image/png"",""uri"":""https://arweave.net/HHLTEEPLUK2QHL1l-P8o22Wq9CRsaoJxpLm8xMLINV8?ext=png""}]","image",,"[{""share"":25,""address"":""AfVySHXxTrf5vvLMRCNdfeWmE9h6QFsxzxJ2fgJj7VrQ""},{""share"":25,""address"":""3TNqESRP84pJKQRfhLG3vbKAbDLSFLDtzWr8aVX8CL3k""},{""share"":25,""address"":""8gzR2vT8vCiqwdG5yP9v1nQdL3agJer9vLEcd2Jkf3VD""},{""share"":25,""address"":""FX85xZpESurPHXoEiqqa27PdHshHLzjXkstKQogtpD4t""}]","https://arweave.net/HHLTEEPLUK2QHL1l-P8o22Wq9CRsaoJxpLm8xMLINV8?ext=png"
"[""8BG7YY2tHagJz6xdYmXwHUNxaUKSzQyafr4Nsa2PmyeT"",""JDoQbAo8DeDuZKJUzzJrkRKqj3iiFK8jG4oDHkK6AgcK"",""8RM5zah9umtd68e8hhR8EDMbz1p84M3bYiNTQei4RgiE""]","Sol Patrol #2726","[0,100,0]","BAIL","https://arweave.net/KNonCyo7vXQIfhbbqUxyIfcAD84K2970lNjEfq9XRz8","[1,0,0]",true,"HuczyiQj3SUXxjW84qFM9e7sLMEARYiL2BY2Yq5X3gCm",true,"8RM5zah9umtd68e8hhR8EDMbz1p84M3bYiNTQei4RgiE","https://explorer.solana.com/address/HuczyiQj3SUXxjW84qFM9e7sLMEARYiL2BY2Yq5X3gCm","Sol Patrol #2726","BAIL","The Sol Patrol is an elite team of 3333 guardians. We have one goal, to stop and capture all Solana NFTs.",500,,"[{""trait_type"":""Background"",""value"":""Blue""},{""trait_type"":""Clothing"",""value"":""Reflective Vest""},{""trait_type"":""Eyewear"",""value"":""None""},{""trait_type"":""Medal"",""value"":""None""},{""trait_type"":""Mouth"",""value"":""Blue Mouth Guard""},{""trait_type"":""Hats"",""value"":""Green Helmet""},{""trait_type"":""Type"",""value"":""Military""}]","Sol Patrol NFT","Patrol","[{""uri"":""https://www.arweave.net/WbRltECLWJwO1bi13RuqVX3i8lbGqeDOirpuptwWnaQ?ext=png"",""type"":""image/png""}]","image",,"[{""address"":""JDoQbAo8DeDuZKJUzzJrkRKqj3iiFK8jG4oDHkK6AgcK"",""share"":100}]","https://www.arweave.net/WbRltECLWJwO1bi13RuqVX3i8lbGqeDOirpuptwWnaQ?ext=png"
"[""FzrDvVA7qq5YxsyddYUtkxNPtSxwuaDNR5eFQUaSDE9Z"",""9Q1YZTN6JkMpLM5qNr1NG4pjqBnezS39fVJdHjRGhLAJ""]","GODz #39","[0,100]","","https://arweave.net/cl72mcGI6aKzKLGTqwzE53yHgV_xDpUSSi8iCFvlGv0","[1,0]",true,"CxG1A9z9dbcuGuQAbfoAvRWEKEJs8Tfyxj1Gc94Wokf6",true,"CbhYESZ55G15vS2vGGKdJYw6FK7qTpRfvVUAtEPUYLVc","https://explorer.solana.com/address/CxG1A9z9dbcuGuQAbfoAvRWEKEJs8Tfyxj1Gc94Wokf6","GODz #39","","888 Seed GODz have returned after Millenia. To right their wrongdoings and bring peace to the world of Mortalz.",600,,"[{""trait_type"":""Background"",""value"":""Aethers Storm""},{""trait_type"":""Accessory"",""value"":""Wingz""},{""trait_type"":""Domain"",""value"":""Aether""},{""trait_type"":""Body"",""value"":""Sailors Tunic""},{""trait_type"":""Eyes"",""value"":""Stoned""},{""trait_type"":""Mouth"",""value"":""Venom""},{""trait_type"":""Head"",""value"":""Rice Hat""},{""trait_type"":""Arms"",""value"":""Crystal Fist""},{""trait_type"":""Seal"",""value"":""V""},{""trait_type"":""Phase"",""value"":""Seed""}]","GODz Seed","GODz","[{""type"":""image/png"",""uri"":""https://arweave.net/AB-UEZZl1S6kElF0Mj4g23vxpeKHxwBJJPr5citYvbk""}]","image",,"[{""address"":""9Q1YZTN6JkMpLM5qNr1NG4pjqBnezS39fVJdHjRGhLAJ"",""share"":100}]","https://arweave.net/AB-UEZZl1S6kElF0Mj4g23vxpeKHxwBJJPr5citYvbk"