"data.creators","data.name","data.share","data.symbol","data.uri","data.verified","is_mutable","mint","primary_sale_happened","update_authority","explorer_url","metaResult.name","metaResult.symbol","metaResult.description","metaResult.seller_fee_basis_points","metaResult.image","metaResult.attributes","metaResult.external_url","metaResult.properties.files","metaResult.properties.category","metaResult.properties.creators"
"[""FVpX4sSaAqtwDbj2NuFGCcAa24WxcBZ2pY71JpQ5soMn""]","Count Dooku","[100]","NFTPro","https://www.arweave.net/ivkbNBYEN1IeQuDsJUEZjCdrlTRwOTH-Czftx2pB8dk?ext=json","[1]",true,"CNMDSELugN6ZpUTr4mfCAMNT1qd5EvgrxoUKtjHiTthW",false,"FVpX4sSaAqtwDbj2NuFGCcAa24WxcBZ2pY71JpQ5soMn","https://explorer.solana.com/address/CNMDSELugN6ZpUTr4mfCAMNT1qd5EvgrxoUKtjHiTthW","Count Dooku","NFTPro","Sol Bit Stars are characters that crafted manually and meticulously with its very own way without utilizing the generating algorithm. These characters evolved all around this Solana Ecosystem. These Stars are considered as a unique collection that actually created from the ideas of the famous people and characters. They are equipped with the traits of the most famous movies, their names, careers, birthday year respectively. This Sol Bit Stars are actually crafted in 3d digital voxel art stored In Solana Blockchain .
",900,"https://www.arweave.net/L0DErqd67A2o6oNP1hcINc2lv6CCtW2ijmdpHC1s8AI?ext=PNG","[{""trait_type"":""Type"",""value"":""Fiction""},{""trait_type"":""Movie"",""value"":""Star Wars""},{""trait_type"":""Played By"",""value"":""Christopher Lee""}]","","[{""uri"":""https://www.arweave.net/8t3PBYTjVIVwp35ZTJLtTTOj_1YlAi5oTDxvgak1muk?ext=PNG"",""type"":""image/png""}]","image","[{""address"":""FVpX4sSaAqtwDbj2NuFGCcAa24WxcBZ2pY71JpQ5soMn"",""verified"":true,""share"":100}]"
"[""FVpX4sSaAqtwDbj2NuFGCcAa24WxcBZ2pY71JpQ5soMn""]","Nate Dogg","[100]","NFTPro","https://www.arweave.net/MzgbnG-6HLIzhKrjfhngokjOwKsTJgsYdObs7QTV7M0?ext=json","[1]",true,"8WBJQNDKpGZedLQqWNMvom4pZTecYw9tRijF3ktVVns1",false,"FVpX4sSaAqtwDbj2NuFGCcAa24WxcBZ2pY71JpQ5soMn","https://explorer.solana.com/address/8WBJQNDKpGZedLQqWNMvom4pZTecYw9tRijF3ktVVns1","Nate Dogg","NFTPro","Sol Bit Stars are characters that crafted manually and meticulously with its very own way without utilizing the generating algorithm. These characters evolved all around this Solana Ecosystem. These Stars are considered as a unique collection that actually created from the ideas of the famous people and characters. They are equipped with the traits of the most famous movies, their names, careers, birthday year respectively. This Sol Bit Stars are actually crafted in 3d digital voxel art stored In Solana Blockchain .
",900,"https://www.arweave.net/MSJOUAbEd7nXa7mbJt1XU67lLf9XHukQLRRTAS8gCP4?ext=PNG","[{""trait_type"":""Type"",""value"":""Non-Fiction""},{""trait_type"":""Career"",""value"":""Singer""},{""trait_type"":""Birthday"",""value"":""19/8/1969""}]","","[{""uri"":""https://www.arweave.net/VsIsvPA2RQk7zpb0O3os9HfQqBbtOUeyWtTcpHMfgXo?ext=PNG"",""type"":""image/png""}]","image","[{""address"":""FVpX4sSaAqtwDbj2NuFGCcAa24WxcBZ2pY71JpQ5soMn"",""verified"":true,""share"":100}]"
"[""FVpX4sSaAqtwDbj2NuFGCcAa24WxcBZ2pY71JpQ5soMn""]","Idris Elba","[100]","NFTPro","https://www.arweave.net/qRkqvicHaRIeMp6vfA6WG_q6aMbZH1Qz_PZjOeyN9w8?ext=json","[1]",true,"H2n6xT6TUAk94KFjqem5RcnaAZDAKQqL9EiSA4FsrpwP",false,"FVpX4sSaAqtwDbj2NuFGCcAa24WxcBZ2pY71JpQ5soMn","https://explorer.solana.com/address/H2n6xT6TUAk94KFjqem5RcnaAZDAKQqL9EiSA4FsrpwP","Idris Elba","NFTPro","Sol Bit Stars are characters that crafted manually and meticulously with its very own way without utilizing the generating algorithm. These characters evolved all around this Solana Ecosystem. These Stars are considered as a unique collection that actually created from the ideas of the famous people and characters. They are equipped with the traits of the most famous movies, their names, careers, birthday year respectively. This Sol Bit Stars are actually crafted in 3d digital voxel art stored In Solana Blockchain .
",900,"https://www.arweave.net/5R-nAzcPoaE3--_lfnnDnc3hCnlIZQPGql2YlucZTY4?ext=PNG","[{""trait_type"":""Type"",""value"":""Non-Fiction""},{""trait_type"":""Career"",""value"":""Singer""},{""trait_type"":""Birthday"",""value"":""6/9/1972""}]","","[{""uri"":""https://www.arweave.net/f41IpARJyLcsIL-xMQKqJBgaqQer-1C1KGl-8jj6nGc?ext=PNG"",""type"":""image/png""}]","image","[{""address"":""FVpX4sSaAqtwDbj2NuFGCcAa24WxcBZ2pY71JpQ5soMn"",""verified"":true,""share"":100}]"
"[""FVpX4sSaAqtwDbj2NuFGCcAa24WxcBZ2pY71JpQ5soMn""]","Cam Newton","[100]","NFTPro","https://www.arweave.net/KZr1KLt4x_soeIHI-elZMXlEXXgVccPd53yl-huLYOU?ext=json","[1]",true,"Dk2TwCXYbTGEdEFcZ7zwHwcS4TgG47eQJX3Q7SuV2APe",false,"FVpX4sSaAqtwDbj2NuFGCcAa24WxcBZ2pY71JpQ5soMn","https://explorer.solana.com/address/Dk2TwCXYbTGEdEFcZ7zwHwcS4TgG47eQJX3Q7SuV2APe","Cam Newton","NFTPro","Sol Bit Stars are characters that crafted manually and meticulously with its very own way without utilizing the generating algorithm. These characters evolved all around this Solana Ecosystem. These Stars are considered as a unique collection that actually created from the ideas of the famous people and characters. They are equipped with the traits of the most famous movies, their names, careers, birthday year respectively. This Sol Bit Stars are actually crafted in 3d digital voxel art stored In Solana Blockchain .
",900,"https://www.arweave.net/1m-O5xmB0cXxQ6Q9NTr0poFOJ2oWU-cdH-xTKmXPMqk?ext=PNG","[{""trait_type"":""Type"",""value"":""Non-Fiction""},{""trait_type"":""Career"",""value"":""Rugby Player""},{""trait_type"":""Birthday"",""value"":""11/5/1989""}]","","[{""uri"":""https://www.arweave.net/sVpHccX8vZiioxUR297dnbNV9rSWQZfLxwAmS-ugfHE?ext=PNG"",""type"":""image/png""}]","image","[{""address"":""FVpX4sSaAqtwDbj2NuFGCcAa24WxcBZ2pY71JpQ5soMn"",""verified"":true,""share"":100}]"
"[""FVpX4sSaAqtwDbj2NuFGCcAa24WxcBZ2pY71JpQ5soMn""]","Timothée Chalamet","[100]","NFTPro","https://www.arweave.net/8hxjDrb2pGSFk2OCyxKydhLDdV6-dD-mrC2AJoLtrBk?ext=json","[1]",true,"FxvkvdfNMCbY3oLar5P3iggtCLBcWfaxvRmzuNGoQ7S8",false,"FVpX4sSaAqtwDbj2NuFGCcAa24WxcBZ2pY71JpQ5soMn","https://explorer.solana.com/address/FxvkvdfNMCbY3oLar5P3iggtCLBcWfaxvRmzuNGoQ7S8","Timothée Chalamet","NFTPro","Sol Bit Stars are characters that crafted manually and meticulously with its very own way without utilizing the generating algorithm. These characters evolved all around this Solana Ecosystem. These Stars are considered as a unique collection that actually created from the ideas of the famous people and characters. They are equipped with the traits of the most famous movies, their names, careers, birthday year respectively. This Sol Bit Stars are actually crafted in 3d digital voxel art stored In Solana Blockchain .
",900,"https://www.arweave.net/UO1Ix9ZXLi5AKl9Ke5gp7DOFCHpfVkCoun7C42X4TbA?ext=PNG","[{""trait_type"":""Type"",""value"":""Non-Fiction""},{""trait_type"":""Career"",""value"":""Actor""},{""trait_type"":""Birthday"",""value"":""27/12/1995""}]","","[{""uri"":""https://www.arweave.net/Tt8wALJOMCdSI1pk6SdKhFTqj7uUXrcXk-XbmFz8AMU?ext=PNG"",""type"":""image/png""}]","image","[{""address"":""FVpX4sSaAqtwDbj2NuFGCcAa24WxcBZ2pY71JpQ5soMn"",""verified"":true,""share"":100}]"
"[""FVpX4sSaAqtwDbj2NuFGCcAa24WxcBZ2pY71JpQ5soMn""]","Tinker Bell","[100]","NFTPro","https://www.arweave.net/j13ubMFKP2bwos1aNotHDsdojyZQiYNUu2GdoKhJLp4?ext=json","[1]",true,"CRRm4oFMUyFrnXkQrsyQHhWTxm1EJwxVsD2AP5MuAhx9",false,"FVpX4sSaAqtwDbj2NuFGCcAa24WxcBZ2pY71JpQ5soMn","https://explorer.solana.com/address/CRRm4oFMUyFrnXkQrsyQHhWTxm1EJwxVsD2AP5MuAhx9","Tinker Bell","NFTPro","Sol Bit Stars are characters that crafted manually and meticulously with its very own way without utilizing the generating algorithm. These characters evolved all around this Solana Ecosystem. These Stars are considered as a unique collection that actually created from the ideas of the famous people and characters. They are equipped with the traits of the most famous movies, their names, careers, birthday year respectively. This Sol Bit Stars are actually crafted in 3d digital voxel art stored In Solana Blockchain .
",900,"https://www.arweave.net/BNh0shTmZpyF8G-Wyz5x8RALhRablNJ7AfqldCez-zA?ext=PNG","[{""trait_type"":""Type"",""value"":""Fiction""},{""trait_type"":""Movie"",""value"":""Tinker Bell""},{""trait_type"":""Voiced By"",""value"":""Mae Whitman""}]","","[{""uri"":""https://www.arweave.net/9jXxVkMKDQww6I19egZZOm_aP2kOWC2QF47eml8yqV8?ext=PNG"",""type"":""image/png""}]","image","[{""address"":""FVpX4sSaAqtwDbj2NuFGCcAa24WxcBZ2pY71JpQ5soMn"",""verified"":true,""share"":100}]"
"[""FVpX4sSaAqtwDbj2NuFGCcAa24WxcBZ2pY71JpQ5soMn""]","Russell Westbrook","[100]","NFTPro","https://www.arweave.net/LLEqyhgcI9un2-mXC7_pgKCKo7g27KpoO22q5SHZZj4?ext=json","[1]",true,"DRpf37o1utUikmCG5uUNP4L3uUEfZv3MwzxrZzoUNNHB",false,"FVpX4sSaAqtwDbj2NuFGCcAa24WxcBZ2pY71JpQ5soMn","https://explorer.solana.com/address/DRpf37o1utUikmCG5uUNP4L3uUEfZv3MwzxrZzoUNNHB","Russell Westbrook","NFTPro","Sol Bit Stars are characters that crafted manually and meticulously with its very own way without utilizing the generating algorithm. These characters evolved all around this Solana Ecosystem. These Stars are considered as a unique collection that actually created from the ideas of the famous people and characters. They are equipped with the traits of the most famous movies, their names, careers, birthday year respectively. This Sol Bit Stars are actually crafted in 3d digital voxel art stored In Solana Blockchain .
",900,"https://www.arweave.net/cgXYyg1KFtPSivMwCSLRePlNc5U6HXKvfINyvP7ONi8?ext=PNG","[{""trait_type"":""Type"",""value"":""Non-Fiction""},{""trait_type"":""Career"",""value"":""Basketball Player""},{""trait_type"":""Birthday"",""value"":""12/11/1988""}]","","[{""uri"":""https://www.arweave.net/0yi_C7WlZvCfIPFOwJfe_XfKPp69IGytKIdbccAKNCY?ext=PNG"",""type"":""image/png""}]","image","[{""address"":""FVpX4sSaAqtwDbj2NuFGCcAa24WxcBZ2pY71JpQ5soMn"",""verified"":true,""share"":100}]"
"[""FVpX4sSaAqtwDbj2NuFGCcAa24WxcBZ2pY71JpQ5soMn""]","Junya1gou","[100]","NFTPro","https://www.arweave.net/dnfPXns9vDgQlkbg9rSOiISbS9-tInXJc51rYoQvx3E?ext=json","[1]",true,"CGJU5uEdCtSy8DknDpTVhxqy3BXyehf8p9hxY3rmnKt",false,"FVpX4sSaAqtwDbj2NuFGCcAa24WxcBZ2pY71JpQ5soMn","https://explorer.solana.com/address/CGJU5uEdCtSy8DknDpTVhxqy3BXyehf8p9hxY3rmnKt","Junya1gou","NFTPro","Sol Bit Stars are characters that crafted manually and meticulously with its very own way without utilizing the generating algorithm. These characters evolved all around this Solana Ecosystem. These Stars are considered as a unique collection that actually created from the ideas of the famous people and characters. They are equipped with the traits of the most famous movies, their names, careers, birthday year respectively. This Sol Bit Stars are actually crafted in 3d digital voxel art stored In Solana Blockchain . 
",800,"https://www.arweave.net/SRIweb95fbbHXCUVzYxUMo4k_0WIANedc7JwTkR0MaY?ext=PNG","[{""trait_type"":""Type"",""value"":""Non-Fiction""},{""trait_type"":""Career"",""value"":""Tiktoker""},{""trait_type"":""Birthday"",""value"":""28/11/1971""}]",,"[{""uri"":""https://www.arweave.net/TvT7Ta36RSGNP6kUIcfieaHBGVn91RRcfi860pZqpbc?ext=PNG"",""type"":""image/png""}]","image","[{""address"":""FVpX4sSaAqtwDbj2NuFGCcAa24WxcBZ2pY71JpQ5soMn"",""verified"":true,""share"":100}]"
"[""FVpX4sSaAqtwDbj2NuFGCcAa24WxcBZ2pY71JpQ5soMn""]","Krusty the Clown","[100]","NFTPro","https://www.arweave.net/RoBRZbuvaqeONL8HoDVe4ycCcbFuxzQJFEeelZmUMes?ext=json","[1]",true,"GC57wYnaJyYBbY4QrhSYqzXG5rCoLmKTxTjgs37UEHan",false,"FVpX4sSaAqtwDbj2NuFGCcAa24WxcBZ2pY71JpQ5soMn","https://explorer.solana.com/address/GC57wYnaJyYBbY4QrhSYqzXG5rCoLmKTxTjgs37UEHan","Krusty the Clown","NFTPro","Sol Bit Stars are characters that crafted manually and meticulously with its very own way without utilizing the generating algorithm. These characters evolved all around this Solana Ecosystem. These Stars are considered as a unique collection that actually created from the ideas of the famous people and characters. They are equipped with the traits of the most famous movies, their names, careers, birthday year respectively. This Sol Bit Stars are actually crafted in 3d digital voxel art stored In Solana Blockchain .
",900,"https://www.arweave.net/COuX4HNPTP77ru0HapOaICJreaW6IhLz8l8TJIIzUno?ext=PNG","[{""trait_type"":""Type"",""value"":""Fiction""},{""trait_type"":""Movie"",""value"":""The Simpsons""},{""trait_type"":""Voiced By"",""value"":""Dan Castellaneta""}]","","[{""uri"":""https://www.arweave.net/gsgfSGm5NHVysPrHxiob83UlPMGjoCL_ONgPxKE8ZZo?ext=PNG"",""type"":""image/png""}]","image","[{""address"":""FVpX4sSaAqtwDbj2NuFGCcAa24WxcBZ2pY71JpQ5soMn"",""verified"":true,""share"":100}]"
"[""FVpX4sSaAqtwDbj2NuFGCcAa24WxcBZ2pY71JpQ5soMn""]","Harley Quinn","[100]","NFTPro","https://www.arweave.net/cyYI4w58LDQvQPshf3gJWqtdwjAbp3xRdGY1Ha_FYXM?ext=json","[1]",true,"9pRjz7Td5T7MZEccAd5eQUEnLP7GrAt466QZ9sMRD2ty",false,"FVpX4sSaAqtwDbj2NuFGCcAa24WxcBZ2pY71JpQ5soMn","https://explorer.solana.com/address/9pRjz7Td5T7MZEccAd5eQUEnLP7GrAt466QZ9sMRD2ty","Harley Quinn","NFTPro","Sol Bit Stars are characters that crafted manually and meticulously with its very own way without utilizing the generating algorithm. These characters evolved all around this Solana Ecosystem. These Stars are considered as a unique collection that actually created from the ideas of the famous people and characters. They are equipped with the traits of the most famous movies, their names, careers, birthday year respectively. This Sol Bit Stars are actually crafted in 3d digital voxel art stored In Solana Blockchain . 
",800,"https://www.arweave.net/FtwjYkhr2i_OEQ8_VF7qZbZJjcve3sHC1ZPBMW7aVlM?ext=PNG","[{""trait_type"":""Type"",""value"":""Fiction""},{""trait_type"":""Movie"",""value"":""The Suicide Squad""},{""trait_type"":""Played By"",""value"":""Margot Robbie""}]",,"[{""uri"":""https://www.arweave.net/TZt_didb68-NAKWFZs103uhBw7PyyjbanrdBG5pPJkc?ext=PNG"",""type"":""image/png""}]","image","[{""address"":""FVpX4sSaAqtwDbj2NuFGCcAa24WxcBZ2pY71JpQ5soMn"",""verified"":true,""share"":100}]"
"[""FVpX4sSaAqtwDbj2NuFGCcAa24WxcBZ2pY71JpQ5soMn""]","DJ Khaled","[100]","NFTPro","https://www.arweave.net/3rZWblrZjl2zXn2ij-ujjCdjrdC7oplHRtBM-b70P-k?ext=json","[1]",true,"A8UUDST2KwiJpRKMkrtchGU74xa5rsCmi42bmQUxeoqb",false,"FVpX4sSaAqtwDbj2NuFGCcAa24WxcBZ2pY71JpQ5soMn","https://explorer.solana.com/address/A8UUDST2KwiJpRKMkrtchGU74xa5rsCmi42bmQUxeoqb","DJ Khaled","NFTPro","Sol Bit Stars are characters that crafted manually and meticulously with its very own way without utilizing the generating algorithm. These characters evolved all around this Solana Ecosystem. These Stars are considered as a unique collection that actually created from the ideas of the famous people and characters. They are equipped with the traits of the most famous movies, their names, careers, birthday year respectively. This Sol Bit Stars are actually crafted in 3d digital voxel art stored In Solana Blockchain .
",900,"https://www.arweave.net/Uy4wywxe0ccjlOEmY3suPCUAFAo5i9B7lXiSr-OvsFU?ext=PNG","[{""trait_type"":""Type"",""value"":""Non-Fiction""},{""trait_type"":""Career"",""value"":""Singer""},{""trait_type"":""Birthday"",""value"":""26/11/1975""}]","","[{""uri"":""https://www.arweave.net/0j5Dx5aaPbWGA1CUjMZBUH7SeamRNBMStDFR1MNSDP0?ext=PNG"",""type"":""image/png""}]","image","[{""address"":""FVpX4sSaAqtwDbj2NuFGCcAa24WxcBZ2pY71JpQ5soMn"",""verified"":true,""share"":100}]"
"[""FVpX4sSaAqtwDbj2NuFGCcAa24WxcBZ2pY71JpQ5soMn""]","Player Unknown","[100]","NFTPro","https://www.arweave.net/D8oB-6m-TyHEBTfq3Kv4hfpCjPsEoHN55U5_PtC_Y0g?ext=json","[1]",true,"FQbbH7F66jDBSs3Wz74vdgXGfp4ifEdqn6MWm2UBWYj6",false,"FVpX4sSaAqtwDbj2NuFGCcAa24WxcBZ2pY71JpQ5soMn","https://explorer.solana.com/address/FQbbH7F66jDBSs3Wz74vdgXGfp4ifEdqn6MWm2UBWYj6","Player Unknown","NFTPro","Sol Bit Stars are characters that crafted manually and meticulously with its very own way without utilizing the generating algorithm. These characters evolved all around this Solana Ecosystem. These Stars are considered as a unique collection that actually created from the ideas of the famous people and characters. They are equipped with the traits of the most famous movies, their names, careers, birthday year respectively. This Sol Bit Stars are actually crafted in 3d digital voxel art stored In Solana Blockchain .
",900,"https://www.arweave.net/gS3HDYuF33ohHrgHiWASa_Qr3n6yiRRKJGl5eC-yPAE?ext=PNG","[{""trait_type"":""Type"",""value"":""Fiction""},{""trait_type"":""Game"",""value"":""PlayerUnknown's Battlegrounds""},{""trait_type"":""Voiced By"",""value"":""Unknown""}]","","[{""uri"":""https://www.arweave.net/P1QCWHhmAvZgZWyvVJMETiPEiPPuCQ87XgWshCgn1Uw?ext=PNG"",""type"":""image/png""}]","image","[{""address"":""FVpX4sSaAqtwDbj2NuFGCcAa24WxcBZ2pY71JpQ5soMn"",""verified"":true,""share"":100}]"
"[""FVpX4sSaAqtwDbj2NuFGCcAa24WxcBZ2pY71JpQ5soMn""]","Michael Jackson","[100]","NFTPro","https://www.arweave.net/0OsJlVeFjrEI49ap5116jjyS4zLV_y6gPNzX8WXYb5k?ext=json","[1]",true,"B6aPD2eN5Y6n5rEqirq47gfmkCDrvDACH9BkxuTLy8BX",false,"FVpX4sSaAqtwDbj2NuFGCcAa24WxcBZ2pY71JpQ5soMn","https://explorer.solana.com/address/B6aPD2eN5Y6n5rEqirq47gfmkCDrvDACH9BkxuTLy8BX","Michael Jackson","NFTPro","Sol Bit Stars are characters that crafted manually and meticulously with its very own way without utilizing the generating algorithm. These characters evolved all around this Solana Ecosystem. These Stars are considered as a unique collection that actually created from the ideas of the famous people and characters. They are equipped with the traits of the most famous movies, their names, careers, birthday year respectively. This Sol Bit Stars are actually crafted in 3d digital voxel art stored In Solana Blockchain . 
",800,"https://www.arweave.net/WVDa1OktXkBxUVygUmiuIGzt0Dqv6Gpn-6W9szCGjWg?ext=PNG","[{""trait_type"":""Type"",""value"":""Non-Fiction""},{""trait_type"":""Career"",""value"":""Singer""},{""trait_type"":""Birthday"",""value"":""29/8/1958""},{""trait_type"":""Song "",""value"":""Black or White""}]",,"[{""uri"":""https://www.arweave.net/CXF1w3Pc5de3oSr1me_grvBotf-uJBDweN8GnYf4CWg?ext=PNG"",""type"":""image/png""}]","image","[{""address"":""FVpX4sSaAqtwDbj2NuFGCcAa24WxcBZ2pY71JpQ5soMn"",""verified"":true,""share"":100}]"
"[""FVpX4sSaAqtwDbj2NuFGCcAa24WxcBZ2pY71JpQ5soMn""]","Pelé","[100]","NFTPro","https://www.arweave.net/-_JqxJJMJwjSKzig-GGelCxnzub-Lh2tTlpy9METp50?ext=json","[1]",true,"GgYFvdCqp3L8CZkqy7vEQy2PSrSsLS3kgW572akNAu6k",false,"FVpX4sSaAqtwDbj2NuFGCcAa24WxcBZ2pY71JpQ5soMn","https://explorer.solana.com/address/GgYFvdCqp3L8CZkqy7vEQy2PSrSsLS3kgW572akNAu6k","Pelé","NFTPro","Sol Bit Stars are characters that crafted manually and meticulously with its very own way without utilizing the generating algorithm. These characters evolved all around this Solana Ecosystem. These Stars are considered as a unique collection that actually created from the ideas of the famous people and characters. They are equipped with the traits of the most famous movies, their names, careers, birthday year respectively. This Sol Bit Stars are actually crafted in 3d digital voxel art stored In Solana Blockchain . 
",800,"https://www.arweave.net/wZHiWZ35cNtt8foT0itUNQ4Rl-1woL2oV3Riq_48Y14?ext=PNG","[{""trait_type"":""Type"",""value"":""Non-Fiction""},{""trait_type"":""Career"",""value"":""Footballer""},{""trait_type"":""Birthday"",""value"":""23/10/1940""}]",,"[{""uri"":""https://www.arweave.net/xkIZ99M5vQE5A_qUF7IdQ1H1WVpma9IVi-yoyhcg5Tw?ext=PNG"",""type"":""image/png""}]","image","[{""address"":""FVpX4sSaAqtwDbj2NuFGCcAa24WxcBZ2pY71JpQ5soMn"",""verified"":true,""share"":100}]"
"[""FVpX4sSaAqtwDbj2NuFGCcAa24WxcBZ2pY71JpQ5soMn""]","Suge Knight","[100]","NFTPro","https://www.arweave.net/qs44nOZxce9sBaMBAVgkFMQrSojMtkRwLHtfJJvUT7o?ext=json","[1]",true,"5Q8Egdkzcm1CLAs3vsxpnKZAyrjtAD77oikkrSHa5bss",false,"FVpX4sSaAqtwDbj2NuFGCcAa24WxcBZ2pY71JpQ5soMn","https://explorer.solana.com/address/5Q8Egdkzcm1CLAs3vsxpnKZAyrjtAD77oikkrSHa5bss","Suge Knight","NFTPro","Sol Bit Stars are characters that crafted manually and meticulously with its very own way without utilizing the generating algorithm. These characters evolved all around this Solana Ecosystem. These Stars are considered as a unique collection that actually created from the ideas of the famous people and characters. They are equipped with the traits of the most famous movies, their names, careers, birthday year respectively. This Sol Bit Stars are actually crafted in 3d digital voxel art stored In Solana Blockchain .
",900,"https://www.arweave.net/YN6TZUbj7j1d6p9UL1Lh7XRD1pvsn9WiHWIJWyVYdCE?ext=PNG","[{""trait_type"":""Type"",""value"":""Non-Fiction""},{""trait_type"":""Career"",""value"":""Executive""},{""trait_type"":""Birthday"",""value"":""19/4/1965""}]","","[{""uri"":""https://www.arweave.net/hqRIsyqfE9db6jKPOzyGmLAQwCm-gZEIdsgo_Ao8tPw?ext=PNG"",""type"":""image/png""}]","image","[{""address"":""FVpX4sSaAqtwDbj2NuFGCcAa24WxcBZ2pY71JpQ5soMn"",""verified"":true,""share"":100}]"
"[""E3NxyzriCmgNtPssiVe5D48kZoEpWeUNjRcuDK9AhczC"",""FVpX4sSaAqtwDbj2NuFGCcAa24WxcBZ2pY71JpQ5soMn""]","","[0,100]","BabyRex","https://testlaunchmynft.mypinata.cloud/ipfs/QmVt93oGZzWggdcWcETAti2eEwZ72RkwGMXnTFRkjibkqd/1.json","[1,0]",true,"7VgXMktfJPCoSc4uWUU8LbjwiGkoRvTm2L9h2f6uZCC2",true,"FVpX4sSaAqtwDbj2NuFGCcAa24WxcBZ2pY71JpQ5soMn","https://explorer.solana.com/address/7VgXMktfJPCoSc4uWUU8LbjwiGkoRvTm2L9h2f6uZCC2","Baby Rex1","BabyRex","Baby Rex1 - Dinosaurs ruled the Earth for about 174 million years and they were a successful group of reptiles that came to rule the world until a giant asteroid slammed into Earth and made these species to go extinct about 66 million years ago.Now its time to rebreeding Baby Rex Family to rule the Digital World.",500,"https://testlaunchmynft.mypinata.cloud/ipfs/QmYhoXmB7JgxjRRaSNKZsHjTCiyS1FSvf6edVBwFnn6mXM/1.png","[{""trait_type"":""Background"",""value"":""Pink""},{""trait_type"":""Skin"",""value"":""Yellow""},{""trait_type"":""Eyewear"",""value"":""Round Glasses""},{""trait_type"":""Hat"",""value"":""Christmas Hat""},{""trait_type"":""Rarity Rank"",""value"":703,""display_type"":""number"",""max_value"":2222}]","","[{""uri"":""https://testlaunchmynft.mypinata.cloud/ipfs/QmYhoXmB7JgxjRRaSNKZsHjTCiyS1FSvf6edVBwFnn6mXM/1.png"",""type"":""image/png""}]","image","[{""address"":""FVpX4sSaAqtwDbj2NuFGCcAa24WxcBZ2pY71JpQ5soMn"",""share"":100}]"
"[""FVpX4sSaAqtwDbj2NuFGCcAa24WxcBZ2pY71JpQ5soMn""]","Silver Surfer","[100]","NFTPro","https://www.arweave.net/MTY6wlmxryQwJMpiTuryaf9Ce5c7JfB1KNONPfU_BXY?ext=json","[1]",true,"AM2DHjbndtCoN1rLi5g1pDS9vED1NrWy1bCtb3KntA1g",false,"FVpX4sSaAqtwDbj2NuFGCcAa24WxcBZ2pY71JpQ5soMn","https://explorer.solana.com/address/AM2DHjbndtCoN1rLi5g1pDS9vED1NrWy1bCtb3KntA1g","Silver Surfer","NFTPro","Sol Bit Stars are characters that crafted manually and meticulously with its very own way without utilizing the generating algorithm. These characters evolved all around this Solana Ecosystem. These Stars are considered as a unique collection that actually created from the ideas of the famous people and characters. They are equipped with the traits of the most famous movies, their names, careers, birthday year respectively. This Sol Bit Stars are actually crafted in 3d digital voxel art stored In Solana Blockchain .
",900,"https://www.arweave.net/AfAJOHLGusDoG-WtDr2weyFtrs7Yao8DIvoEG8H-FrA?ext=PNG","[{""trait_type"":""Type"",""value"":""Fiction""},{""trait_type"":""Movie"",""value"":"" Fantastic Four""},{""trait_type"":""Played By"",""value"":""Doug Jones""}]","","[{""uri"":""https://www.arweave.net/9Ec5LcchgxGkdFVfDobKh7YHfTpQwnPiL3UlZxinkyA?ext=PNG"",""type"":""image/png""}]","image","[{""address"":""FVpX4sSaAqtwDbj2NuFGCcAa24WxcBZ2pY71JpQ5soMn"",""verified"":true,""share"":100}]"
"[""FVpX4sSaAqtwDbj2NuFGCcAa24WxcBZ2pY71JpQ5soMn""]","Melissa Lawley","[100]","NFTPro","https://www.arweave.net/_nrCARB-kJTnKjn-0uTx5NpnqA6jXtQ8eKDU6_SedBs?ext=json","[1]",true,"ABAdP1WimehDY8wLPu4ZyFGFhquXvBK4u7aPxLt9jt4s",false,"FVpX4sSaAqtwDbj2NuFGCcAa24WxcBZ2pY71JpQ5soMn","https://explorer.solana.com/address/ABAdP1WimehDY8wLPu4ZyFGFhquXvBK4u7aPxLt9jt4s","Melissa Lawley","NFTPro","Characters in unique Voxel 3D art stored in Solana Blockchain.
",900,"https://www.arweave.net/W4CFF_YD-UpD2Ycf7OXPyAnz6jc1koYuT-caXZT8s-E?ext=PNG","[{""trait_type"":""Type"",""value"":""Non-Fiction""},{""trait_type"":""Career"",""value"":""Footballer""},{""trait_type"":""Birthday"",""value"":""28/4/1994""}]",,"[{""uri"":""https://www.arweave.net/q6LShxQBFrQ52drwfmyKHQpeFyjDKTdJEZcUDzjdWqY?ext=PNG"",""type"":""image/png""}]","image","[{""address"":""FVpX4sSaAqtwDbj2NuFGCcAa24WxcBZ2pY71JpQ5soMn"",""verified"":true,""share"":100}]"
"[""FVpX4sSaAqtwDbj2NuFGCcAa24WxcBZ2pY71JpQ5soMn""]","Snoop Dogg","[100]","NFTPro","https://www.arweave.net/PpGgdU0WMb_X8SIxq2QuqN0K9_VztPEWMsIpk_aX9EU?ext=json","[1]",true,"DSc78czDMkTPm2VUVkwaiiZoBgzsbMVviF1ZBoSM1iRn",false,"FVpX4sSaAqtwDbj2NuFGCcAa24WxcBZ2pY71JpQ5soMn","https://explorer.solana.com/address/DSc78czDMkTPm2VUVkwaiiZoBgzsbMVviF1ZBoSM1iRn","Snoop Dogg","NFTPro","Sol Bit Stars are characters that crafted manually and meticulously with its very own way without utilizing the generating algorithm. These characters evolved all around this Solana Ecosystem. These Stars are considered as a unique collection that actually created from the ideas of the famous people and characters. They are equipped with the traits of the most famous movies, their names, careers, birthday year respectively. This Sol Bit Stars are actually crafted in 3d digital voxel art stored In Solana Blockchain . 
",800,"https://www.arweave.net/p6a3IlDB8xct0cPyKHSqZ58r3kmeRqTe8bC2_g4KbAI?ext=PNG","[{""trait_type"":""Type"",""value"":""Non-Fiction""},{""trait_type"":""Career"",""value"":""Singer""},{""trait_type"":""Birthday"",""value"":""20/10/1971""}]",,"[{""uri"":""https://www.arweave.net/lgk0xaj9tYiwhh4vNvtLoHJffrwjFSw_Ni9n6q2ufYU?ext=PNG"",""type"":""image/png""}]","image","[{""address"":""FVpX4sSaAqtwDbj2NuFGCcAa24WxcBZ2pY71JpQ5soMn"",""verified"":true,""share"":100}]"
"[""FVpX4sSaAqtwDbj2NuFGCcAa24WxcBZ2pY71JpQ5soMn""]","Bo-Katan Kryze","[100]","NFTPro","https://www.arweave.net/qx9yuKc50fE30DhDK_zzM3l2rUVH7m8w7iJzD_pSY8c?ext=json","[1]",true,"3rToQorNKFV5qgmejg6MV8xiAByGsEwemQTN2vv1KtYC",false,"FVpX4sSaAqtwDbj2NuFGCcAa24WxcBZ2pY71JpQ5soMn","https://explorer.solana.com/address/3rToQorNKFV5qgmejg6MV8xiAByGsEwemQTN2vv1KtYC","Bo-Katan Kryze","NFTPro","Sol Bit Stars are characters that crafted manually and meticulously with its very own way without utilizing the generating algorithm. These characters evolved all around this Solana Ecosystem. These Stars are considered as a unique collection that actually created from the ideas of the famous people and characters. They are equipped with the traits of the most famous movies, their names, careers, birthday year respectively. This Sol Bit Stars are actually crafted in 3d digital voxel art stored In Solana Blockchain .
",900,"https://www.arweave.net/WIKZYXocFHCfG0lv5NlevsqcDVX7uLL9WfX0zssgGjc?ext=PNG","[{""trait_type"":""Type"",""value"":""Fiction""},{""trait_type"":""Movie"",""value"":""Star Wars""},{""trait_type"":""Played By"",""value"":""Katee Sackhoff""}]","","[{""uri"":""https://www.arweave.net/QNf9IFyTREro-fOUeozwejA_-18HVW_0lCybGnE3yJs?ext=PNG"",""type"":""image/png""}]","image","[{""address"":""FVpX4sSaAqtwDbj2NuFGCcAa24WxcBZ2pY71JpQ5soMn"",""verified"":true,""share"":100}]"
"[""FVpX4sSaAqtwDbj2NuFGCcAa24WxcBZ2pY71JpQ5soMn""]","Niamh Fahey","[100]","NFTPro","https://www.arweave.net/hzyv2MW3Zr1MEcNNX1HYzRRCXBWYshnhEJ9FVDa1rqA?ext=json","[1]",true,"At1m7drXjB7agbRnDL7DKE8AGJ3tNAQMXJXrqBP66EtV",false,"FVpX4sSaAqtwDbj2NuFGCcAa24WxcBZ2pY71JpQ5soMn","https://explorer.solana.com/address/At1m7drXjB7agbRnDL7DKE8AGJ3tNAQMXJXrqBP66EtV","Niamh Fahey","NFTPro","Sol Bit Stars are characters that crafted manually and meticulously with its very own way without utilizing the generating algorithm. These characters evolved all around this Solana Ecosystem. These Stars are considered as a unique collection that actually created from the ideas of the famous people and characters. They are equipped with the traits of the most famous movies, their names, careers, birthday year respectively. This Sol Bit Stars are actually crafted in 3d digital voxel art stored In Solana Blockchain . 
",900,"https://www.arweave.net/6EF9_EwqxOb7WkCZ6zt60bX-0IBdfzTPYVpF4U80G90?ext=PNG","[{""trait_type"":""Type"",""value"":""Non-Fiction""},{""trait_type"":""Career"",""value"":""Footballer""},{""trait_type"":""Birthday"",""value"":""13/8/1987""}]",,"[{""uri"":""https://www.arweave.net/wPOzs1t-KALCXnKSKEtMIjd6hipAKFmm4tg0X7ZIO2I?ext=PNG"",""type"":""image/png""}]","image","[{""address"":""FVpX4sSaAqtwDbj2NuFGCcAa24WxcBZ2pY71JpQ5soMn"",""verified"":true,""share"":100}]"
"[""FVpX4sSaAqtwDbj2NuFGCcAa24WxcBZ2pY71JpQ5soMn""]","US Agent","[100]","NFTPro","https://www.arweave.net/hbg8KX5nl6OkM7OnUQXvhvbZZ4r4w05m6IJUs_1Kcuc?ext=json","[1]",true,"GQQdMe8XmpoheWhn36LCyzLQgY65cmh2sThx2Uo3LAfU",false,"FVpX4sSaAqtwDbj2NuFGCcAa24WxcBZ2pY71JpQ5soMn","https://explorer.solana.com/address/GQQdMe8XmpoheWhn36LCyzLQgY65cmh2sThx2Uo3LAfU","US Agent","NFTPro","Sol Bit Stars are characters that crafted manually and meticulously with its very own way without utilizing the generating algorithm. These characters evolved all around this Solana Ecosystem. These Stars are considered as a unique collection that actually created from the ideas of the famous people and characters. They are equipped with the traits of the most famous movies, their names, careers, birthday year respectively. This Sol Bit Stars are actually crafted in 3d digital voxel art stored In Solana Blockchain . 
",800,"https://www.arweave.net/Vtnp4LGHXErH_HdAXOvt1sk3t4NRL6x9xB0AHUM9Y1c?ext=PNG","[{""trait_type"":""Type"",""value"":""Fiction""},{""trait_type"":""Movie"",""value"":""The Falcon and the Winter Soldier""},{""trait_type"":""Played By"",""value"":""Wyatt Russell""}]",,"[{""uri"":""https://www.arweave.net/2GqOo9oerDN1Csrt_EzMVrVG9P1B_xvgj3mNX6FYhB0?ext=PNG"",""type"":""image/png""}]","image","[{""address"":""FVpX4sSaAqtwDbj2NuFGCcAa24WxcBZ2pY71JpQ5soMn"",""verified"":true,""share"":100}]"
"[""FVpX4sSaAqtwDbj2NuFGCcAa24WxcBZ2pY71JpQ5soMn""]","Nagato (Pain)","[100]","NFTPro","https://www.arweave.net/7KrxFF9_OI13PXzVev_o3jnVtYnHygESgGVAdQi_yOo?ext=json","[1]",true,"FyEVjvWBgM2tiZ3Vw9Ai1k3EQ3HihD8mXES6AKVj2Sk8",false,"FVpX4sSaAqtwDbj2NuFGCcAa24WxcBZ2pY71JpQ5soMn","https://explorer.solana.com/address/FyEVjvWBgM2tiZ3Vw9Ai1k3EQ3HihD8mXES6AKVj2Sk8","Nagato (Pain)","NFTPro","Sol Bit Stars are characters that crafted manually and meticulously with its very own way without utilizing the generating algorithm. These characters evolved all around this Solana Ecosystem. These Stars are considered as a unique collection that actually created from the ideas of the famous people and characters. They are equipped with the traits of the most famous movies, their names, careers, birthday year respectively. This Sol Bit Stars are actually crafted in 3d digital voxel art stored In Solana Blockchain .
",900,"https://www.arweave.net/EYMyqj4vteaanntoW61Kdnx_ykb2LsT151cZC_aGaYw?ext=PNG","[{""trait_type"":""Type"",""value"":""Fiction""},{""trait_type"":""Movie"",""value"":""Naruto Shippuden""},{""trait_type"":""Voiced By"",""value"":""Junpei Morita""}]","","[{""uri"":""https://www.arweave.net/Lx3WPXWyROKZiK6WWf7O9biS6Z_eq-eFiwPZyiFIjPo?ext=PNG"",""type"":""image/png""}]","image","[{""address"":""FVpX4sSaAqtwDbj2NuFGCcAa24WxcBZ2pY71JpQ5soMn"",""verified"":true,""share"":100}]"
"[""FVpX4sSaAqtwDbj2NuFGCcAa24WxcBZ2pY71JpQ5soMn""]","Queen Elizabeth","[100]","NFTPro","https://www.arweave.net/70RDJoiuheQCiy9tF-Hu3umRuC_hEMdTqnxpTLxQMfs?ext=json","[1]",true,"2NqhbdpYpZ1t5YHNNomEhGQHeuNUY9MBiKVDJePSgxYB",false,"FVpX4sSaAqtwDbj2NuFGCcAa24WxcBZ2pY71JpQ5soMn","https://explorer.solana.com/address/2NqhbdpYpZ1t5YHNNomEhGQHeuNUY9MBiKVDJePSgxYB","Queen Elizabeth","NFTPro","Sol Bit Stars are characters that crafted manually and meticulously with its very own way without utilizing the generating algorithm. These characters evolved all around this Solana Ecosystem. These Stars are considered as a unique collection that actually created from the ideas of the famous people and characters. They are equipped with the traits of the most famous movies, their names, careers, birthday year respectively. This Sol Bit Stars are actually crafted in 3d digital voxel art stored In Solana Blockchain . 
",800,"https://www.arweave.net/Y1sSIqwYLUFLjrJ0dZ81g8ck1d_kVXg2lMAXxSr6CMY?ext=PNG","[{""trait_type"":""Type"",""value"":""Non-Fiction""},{""trait_type"":""Career"",""value"":""Royal Family""},{""trait_type"":""Birthday"",""value"":""21/4/1926""}]",,"[{""uri"":""https://www.arweave.net/DQZv53x22hccoUwCzLaywjWLZ3cvLnukQLBVsCr6tvM?ext=PNG"",""type"":""image/png""}]","image","[{""address"":""FVpX4sSaAqtwDbj2NuFGCcAa24WxcBZ2pY71JpQ5soMn"",""verified"":true,""share"":100}]"
"[""FVpX4sSaAqtwDbj2NuFGCcAa24WxcBZ2pY71JpQ5soMn""]","Asajj Ventress","[100]","NFTPro","https://www.arweave.net/EcapmBuky_JAvmdxG-0CYhhOS_7IA0xqhaWbU80a4UQ?ext=json","[1]",true,"653bJyfWtKXTHbUBCH3Y12SCrpKRQC18ucCMbfbmsV3n",false,"FVpX4sSaAqtwDbj2NuFGCcAa24WxcBZ2pY71JpQ5soMn","https://explorer.solana.com/address/653bJyfWtKXTHbUBCH3Y12SCrpKRQC18ucCMbfbmsV3n","Asajj Ventress","NFTPro","Sol Bit Stars are characters that crafted manually and meticulously with its very own way without utilizing the generating algorithm. These characters evolved all around this Solana Ecosystem. These Stars are considered as a unique collection that actually created from the ideas of the famous people and characters. They are equipped with the traits of the most famous movies, their names, careers, birthday year respectively. This Sol Bit Stars are actually crafted in 3d digital voxel art stored In Solana Blockchain .
",900,"https://www.arweave.net/b8rBCrqpqQThbS9RGgVnjqhTdFpMUu7pqwbwvkeJsFM?ext=PNG","[{""trait_type"":""Type"",""value"":""Fiction""},{""trait_type"":""Movie"",""value"":""Star Wars""},{""trait_type"":""Played By"",""value"":""Nika Futterman""}]","","[{""uri"":""https://www.arweave.net/RfUQ7ZMSHyhTBZQsjj-bBS9m626whIbt42trQBEWagk?ext=PNG"",""type"":""image/png""}]","image","[{""address"":""FVpX4sSaAqtwDbj2NuFGCcAa24WxcBZ2pY71JpQ5soMn"",""verified"":true,""share"":100}]"
"[""FVpX4sSaAqtwDbj2NuFGCcAa24WxcBZ2pY71JpQ5soMn""]","Lil Eazy-E","[100]","NFTPro","https://www.arweave.net/yvJxoCbWSE2UFDcVcHVFV3zOykeK_gstwjkvz8zOy3o?ext=json","[1]",true,"58UoaCRGvZUt7nf2NQH26oHptzGjqnpNHadk7X9iFsxu",false,"FVpX4sSaAqtwDbj2NuFGCcAa24WxcBZ2pY71JpQ5soMn","https://explorer.solana.com/address/58UoaCRGvZUt7nf2NQH26oHptzGjqnpNHadk7X9iFsxu","Lil Eazy-E","NFTPro","Sol Bit Stars are characters that crafted manually and meticulously with its very own way without utilizing the generating algorithm. These characters evolved all around this Solana Ecosystem. These Stars are considered as a unique collection that actually created from the ideas of the famous people and characters. They are equipped with the traits of the most famous movies, their names, careers, birthday year respectively. This Sol Bit Stars are actually crafted in 3d digital voxel art stored In Solana Blockchain .
",900,"https://www.arweave.net/duW7EO2R0ILFkiJpR8s6RiN3iyb0Jju3F14j1_EWzO4?ext=PNG","[{""trait_type"":""Type"",""value"":""Non-Fiction""},{""trait_type"":""Career"",""value"":""Singer""},{""trait_type"":""Birthday"",""value"":""23/4/1984""}]","","[{""uri"":""https://www.arweave.net/c2WkI95XxkrmbBbNP4enWoMDPyPyato-7_DHgGGES6Y?ext=PNG"",""type"":""image/png""}]","image","[{""address"":""FVpX4sSaAqtwDbj2NuFGCcAa24WxcBZ2pY71JpQ5soMn"",""verified"":true,""share"":100}]"
"[""FVpX4sSaAqtwDbj2NuFGCcAa24WxcBZ2pY71JpQ5soMn""]","Moses Malone","[100]","NFTPro","https://www.arweave.net/61OLs6Ydc2n9LmNrtX4Yu4HaZHQtydmqbwL-H9OEqUc?ext=json","[1]",true,"2iBa9MCo76qhgoYuFMsjkggt8TL8fvYjzn6zHTX8NbZF",false,"FVpX4sSaAqtwDbj2NuFGCcAa24WxcBZ2pY71JpQ5soMn","https://explorer.solana.com/address/2iBa9MCo76qhgoYuFMsjkggt8TL8fvYjzn6zHTX8NbZF","Moses Malone","NFTPro","Sol Bit Stars are characters that crafted manually and meticulously with its very own way without utilizing the generating algorithm. These characters evolved all around this Solana Ecosystem. These Stars are considered as a unique collection that actually created from the ideas of the famous people and characters. They are equipped with the traits of the most famous movies, their names, careers, birthday year respectively. This Sol Bit Stars are actually crafted in 3d digital voxel art stored In Solana Blockchain .
",900,"https://www.arweave.net/EWRyWpbFMtLoKHjcr4IwQmHA62rahDZLjebhy_Z-1zQ?ext=PNG","[{""trait_type"":""Type"",""value"":""Non-Fiction""},{""trait_type"":""Career"",""value"":""Basketball Player""},{""trait_type"":""Birthday"",""value"":""23/5/1955""}]","","[{""uri"":""https://www.arweave.net/XmOOMsIhOzSRL_u_HbuGL9tOwmf00Nz13f1LJ83mqWk?ext=PNG"",""type"":""image/png""}]","image","[{""address"":""FVpX4sSaAqtwDbj2NuFGCcAa24WxcBZ2pY71JpQ5soMn"",""verified"":true,""share"":100}]"
"[""FVpX4sSaAqtwDbj2NuFGCcAa24WxcBZ2pY71JpQ5soMn""]","Darth Nihilus","[100]","NFTPro","https://www.arweave.net/LRXAE2BLdvtozG6QjmkpxsYJry9YMvgMZnZkyQF9vuA?ext=json","[1]",true,"8FKZ5SGVb85NY8axW9BMBTrBEUi1VcCTSDvcBWfxP5UV",false,"FVpX4sSaAqtwDbj2NuFGCcAa24WxcBZ2pY71JpQ5soMn","https://explorer.solana.com/address/8FKZ5SGVb85NY8axW9BMBTrBEUi1VcCTSDvcBWfxP5UV","Darth Nihilus","NFTPro","Sol Bit Stars are characters that crafted manually and meticulously with its very own way without utilizing the generating algorithm. These characters evolved all around this Solana Ecosystem. These Stars are considered as a unique collection that actually created from the ideas of the famous people and characters. They are equipped with the traits of the most famous movies, their names, careers, birthday year respectively. This Sol Bit Stars are actually crafted in 3d digital voxel art stored In Solana Blockchain .
",900,"https://www.arweave.net/FrghiU7fQCk2CqZ54Abu_kcaExAXeE9fKaGABRA3WHU?ext=PNG","[{""trait_type"":""Type"",""value"":""Fiction""},{""trait_type"":""Movie"",""value"":""Star Wars""},{""trait_type"":""Played By"",""value"":""Daniel Cudmore""}]","","[{""uri"":""https://www.arweave.net/QlS-IRn_eP7K4yxMjjyQx1dzSrBASIVd5O5MzT15yYw?ext=PNG"",""type"":""image/png""}]","image","[{""address"":""FVpX4sSaAqtwDbj2NuFGCcAa24WxcBZ2pY71JpQ5soMn"",""verified"":true,""share"":100}]"
"[""FVpX4sSaAqtwDbj2NuFGCcAa24WxcBZ2pY71JpQ5soMn""]","Rick Sanchez","[100]","NFTPro","https://www.arweave.net/ksBYdb3LjXSoG0cIqywSFQuUmfUn8oIyS_WI1N8Duxg?ext=json","[1]",true,"C5C6jW8pbkjXjj6jM7omu9AJaMt4TBmtJf8JKsqDLu2U",false,"FVpX4sSaAqtwDbj2NuFGCcAa24WxcBZ2pY71JpQ5soMn","https://explorer.solana.com/address/C5C6jW8pbkjXjj6jM7omu9AJaMt4TBmtJf8JKsqDLu2U","Rick Sanchez","NFTPro","Sol Bit Stars are characters that crafted manually and meticulously with its very own way without utilizing the generating algorithm. These characters evolved all around this Solana Ecosystem. These Stars are considered as a unique collection that actually created from the ideas of the famous people and characters. They are equipped with the traits of the most famous movies, their names, careers, birthday year respectively. This Sol Bit Stars are actually crafted in 3d digital voxel art stored In Solana Blockchain . 
",800,"https://www.arweave.net/BQD70akk1qg1CvRGvOmef35K44jNxRf5q6HU-rosy3Y?ext=PNG","[{""trait_type"":""Type"",""value"":""Fiction""},{""trait_type"":""Movie"",""value"":""Rick and Morty""},{""trait_type"":""Voiced By"",""value"":""Justin Roiland""}]",,"[{""uri"":""https://www.arweave.net/ZVT9x6-JEgudT6Cvc1WFMBeQTdzzEWMBYPi477H1iNg?ext=PNG"",""type"":""image/png""}]","image","[{""address"":""FVpX4sSaAqtwDbj2NuFGCcAa24WxcBZ2pY71JpQ5soMn"",""verified"":true,""share"":100}]"
"[""FVpX4sSaAqtwDbj2NuFGCcAa24WxcBZ2pY71JpQ5soMn""]","Wilhuff Tarkin","[100]","NFTPro","https://www.arweave.net/AtuXyO0sXkW77RUPuJVynZlXbgZCNmkeDw1F_IGqqhU?ext=json","[1]",true,"8E1s94GHe1BE6e8UyuNA2NwbZKZRNRagKzNkStZd2q5R",false,"FVpX4sSaAqtwDbj2NuFGCcAa24WxcBZ2pY71JpQ5soMn","https://explorer.solana.com/address/8E1s94GHe1BE6e8UyuNA2NwbZKZRNRagKzNkStZd2q5R","Wilhuff Tarkin","NFTPro","Sol Bit Stars are characters that crafted manually and meticulously with its very own way without utilizing the generating algorithm. These characters evolved all around this Solana Ecosystem. These Stars are considered as a unique collection that actually created from the ideas of the famous people and characters. They are equipped with the traits of the most famous movies, their names, careers, birthday year respectively. This Sol Bit Stars are actually crafted in 3d digital voxel art stored In Solana Blockchain .
",900,"https://www.arweave.net/r5CaX8ahS3idcamTMm3EGi6y8IITY_orm3PaHAzHYAw?ext=PNG","[{""trait_type"":""Type"",""value"":""Fiction""},{""trait_type"":""Movie"",""value"":""Star Wars""},{""trait_type"":""Played By"",""value"":""Peter Cushing""}]","","[{""uri"":""https://www.arweave.net/buunpaHyF-leZRb66eZTG98HeuSSK2-cqYOe5vbEoGs?ext=PNG"",""type"":""image/png""}]","image","[{""address"":""FVpX4sSaAqtwDbj2NuFGCcAa24WxcBZ2pY71JpQ5soMn"",""verified"":true,""share"":100}]"
"[""FVpX4sSaAqtwDbj2NuFGCcAa24WxcBZ2pY71JpQ5soMn""]","Hwoarang","[100]","NFTPro","https://www.arweave.net/n194e32uPpI8ydVXSCWMd_mwLn2eXekqZ1bIxu75yic?ext=json","[1]",true,"F9rknPxJymtjTUrUpHafGSRoyge6pBxMRggq2kHuSD8H",false,"FVpX4sSaAqtwDbj2NuFGCcAa24WxcBZ2pY71JpQ5soMn","https://explorer.solana.com/address/F9rknPxJymtjTUrUpHafGSRoyge6pBxMRggq2kHuSD8H","Hwoarang","NFTPro","Sol Bit Stars are characters that crafted manually and meticulously with its very own way without utilizing the generating algorithm. These characters evolved all around this Solana Ecosystem. These Stars are considered as a unique collection that actually created from the ideas of the famous people and characters. They are equipped with the traits of the most famous movies, their names, careers, birthday year respectively. This Sol Bit Stars are actually crafted in 3d digital voxel art stored In Solana Blockchain .
",900,"https://www.arweave.net/7jI93xmohwS-6Cqu29blXZDiRA29auEHwKTUMgAyuUM?ext=PNG","[{""trait_type"":""Type"",""value"":""Fiction""},{""trait_type"":""Game"",""value"":""Tekken""},{""trait_type"":""Voiced By"",""value"":""Toshiyuki Morikawa""}]","","[{""uri"":""https://www.arweave.net/MQ-lp5hElZonUAzKiFru-xdE0A5_veHar6nfFOKQxNs?ext=PNG"",""type"":""image/png""}]","image","[{""address"":""FVpX4sSaAqtwDbj2NuFGCcAa24WxcBZ2pY71JpQ5soMn"",""verified"":true,""share"":100}]"
"[""FVpX4sSaAqtwDbj2NuFGCcAa24WxcBZ2pY71JpQ5soMn""]","Data","[100]","NFTPro","https://www.arweave.net/cJUSd2olktwwC4ndkEUDPXsXGGfEY4E1B_g6lffulMA?ext=json","[1]",true,"CCWJAFJ6gJP9KB8SaQZqum7nHk2C92cfPDVL1oqouHTh",false,"FVpX4sSaAqtwDbj2NuFGCcAa24WxcBZ2pY71JpQ5soMn","https://explorer.solana.com/address/CCWJAFJ6gJP9KB8SaQZqum7nHk2C92cfPDVL1oqouHTh","Data","NFTPro","Sol Bit Stars are characters that crafted manually and meticulously with its very own way without utilizing the generating algorithm. These characters evolved all around this Solana Ecosystem. These Stars are considered as a unique collection that actually created from the ideas of the famous people and characters. They are equipped with the traits of the most famous movies, their names, careers, birthday year respectively. This Sol Bit Stars are actually crafted in 3d digital voxel art stored In Solana Blockchain .
",900,"https://www.arweave.net/uQqut-PyhwA9QDQS8f2Le6sNLi2pdUFasOryfJHLC_M?ext=PNG","[{""trait_type"":""Type"",""value"":""Fiction""},{""trait_type"":""Movie"",""value"":""Star Trek""},{""trait_type"":""Played By"",""value"":""Brent Spiner""}]","","[{""uri"":""https://www.arweave.net/3RePGVdthuhesphX5JEcJWrcn1b3HvRwJNMm32c1VlY?ext=PNG"",""type"":""image/png""}]","image","[{""address"":""FVpX4sSaAqtwDbj2NuFGCcAa24WxcBZ2pY71JpQ5soMn"",""verified"":true,""share"":100}]"
"[""FVpX4sSaAqtwDbj2NuFGCcAa24WxcBZ2pY71JpQ5soMn""]","Pitbull","[100]","NFTPro","https://www.arweave.net/Q-yUk1B95usa0BRQunV68LErIJZf4FJCuhkwe-6a6K4?ext=json","[1]",true,"A6GMBoTQ8yNsdZjebRAoR5ozgUQWAxmEF22u7NyomGBk",false,"FVpX4sSaAqtwDbj2NuFGCcAa24WxcBZ2pY71JpQ5soMn","https://explorer.solana.com/address/A6GMBoTQ8yNsdZjebRAoR5ozgUQWAxmEF22u7NyomGBk","Pitbull","NFTPro","Sol Bit Stars are characters that crafted manually and meticulously with its very own way without utilizing the generating algorithm. These characters evolved all around this Solana Ecosystem. These Stars are considered as a unique collection that actually created from the ideas of the famous people and characters. They are equipped with the traits of the most famous movies, their names, careers, birthday year respectively. This Sol Bit Stars are actually crafted in 3d digital voxel art stored In Solana Blockchain .
",900,"https://www.arweave.net/wkZUu9zPQOsrrxZd2xQYKk-rI1sVk1SGp5GdpkfdOEk?ext=PNG","[{""trait_type"":""Type"",""value"":""Non-Fiction""},{""trait_type"":""Career"",""value"":""Singer""},{""trait_type"":""Birthday"",""value"":""15/1/1981""}]","","[{""uri"":""https://www.arweave.net/mXNE3aaw6y_dgLf37H16YJ411fMNWeAkLukQ0KKIpJk?ext=PNG"",""type"":""image/png""}]","image","[{""address"":""FVpX4sSaAqtwDbj2NuFGCcAa24WxcBZ2pY71JpQ5soMn"",""verified"":true,""share"":100}]"
"[""FVpX4sSaAqtwDbj2NuFGCcAa24WxcBZ2pY71JpQ5soMn""]","Rey","[100]","NFTPro","https://www.arweave.net/HSIx1Yi5f_u4mulEjwZ9a6zWea90RzixArmF_FAhohc?ext=json","[1]",true,"H1nroAsoYYsSFc78Q6ctdEsbH8zcUhkzhU2hCWSLnCEW",false,"FVpX4sSaAqtwDbj2NuFGCcAa24WxcBZ2pY71JpQ5soMn","https://explorer.solana.com/address/H1nroAsoYYsSFc78Q6ctdEsbH8zcUhkzhU2hCWSLnCEW","Rey","NFTPro","Sol Bit Stars are characters that crafted manually and meticulously with its very own way without utilizing the generating algorithm. These characters evolved all around this Solana Ecosystem. These Stars are considered as a unique collection that actually created from the ideas of the famous people and characters. They are equipped with the traits of the most famous movies, their names, careers, birthday year respectively. This Sol Bit Stars are actually crafted in 3d digital voxel art stored In Solana Blockchain .
",900,"https://www.arweave.net/h3qjqAda2CKm-xhAkrtg9wv-xlhTR4gWl9c_KAcXI9w?ext=PNG","[{""trait_type"":""Type"",""value"":""Fiction""},{""trait_type"":""Movie"",""value"":""Star Wars""},{""trait_type"":""Played By"",""value"":""Daisy Ridley""}]","","[{""uri"":""https://www.arweave.net/smOaR9C5G55yCRU-c2K1J9QgIshXnberAyDxu_dNfHM?ext=PNG"",""type"":""image/png""}]","image","[{""address"":""FVpX4sSaAqtwDbj2NuFGCcAa24WxcBZ2pY71JpQ5soMn"",""verified"":true,""share"":100}]"
"[""FVpX4sSaAqtwDbj2NuFGCcAa24WxcBZ2pY71JpQ5soMn""]","Aayla Secura","[100]","NFTPro","https://www.arweave.net/4W9Ip91LoLzHDQUBJtHdUCGckJ-OaRe5-Tkt6SXKE2Q?ext=json","[1]",true,"HfDuVWHoncEEfeej5VPgrBzEPTzAmgMJ1rkdRKk7FVt5",false,"FVpX4sSaAqtwDbj2NuFGCcAa24WxcBZ2pY71JpQ5soMn","https://explorer.solana.com/address/HfDuVWHoncEEfeej5VPgrBzEPTzAmgMJ1rkdRKk7FVt5","Aayla Secura","NFTPro","Sol Bit Stars are characters that crafted manually and meticulously with its very own way without utilizing the generating algorithm. These characters evolved all around this Solana Ecosystem. These Stars are considered as a unique collection that actually created from the ideas of the famous people and characters. They are equipped with the traits of the most famous movies, their names, careers, birthday year respectively. This Sol Bit Stars are actually crafted in 3d digital voxel art stored In Solana Blockchain .
",900,"https://www.arweave.net/7kj-wPkvUECe-_iz7zigtcnLSN54PwIfeb1AwdjBvPw?ext=PNG","[{""trait_type"":""Type"",""value"":""Fiction""},{""trait_type"":""Movie"",""value"":""Star Wars""},{""trait_type"":""Played By"",""value"":""Nika Futterman""}]","","[{""uri"":""https://www.arweave.net/3fid1FOxO8Rhe-QAHvim3lEJT3XNWrkUq6-zQ4opMhw?ext=PNG"",""type"":""image/png""}]","image","[{""address"":""FVpX4sSaAqtwDbj2NuFGCcAa24WxcBZ2pY71JpQ5soMn"",""verified"":true,""share"":100}]"
"[""FVpX4sSaAqtwDbj2NuFGCcAa24WxcBZ2pY71JpQ5soMn""]","Neytiri","[100]","NFTPro","https://www.arweave.net/90RO2bRdgEHdkQ7GY5mxqB1dJ-tmsgXs4N5NzTfhAZA?ext=json","[1]",true,"9UuYJ96E8F1WpuxBmaN3z2VPKXsgGQtgbsYseSrCN8y9",false,"FVpX4sSaAqtwDbj2NuFGCcAa24WxcBZ2pY71JpQ5soMn","https://explorer.solana.com/address/9UuYJ96E8F1WpuxBmaN3z2VPKXsgGQtgbsYseSrCN8y9","Neytiri","NFTPro","Sol Bit Stars are characters that crafted manually and meticulously with its very own way without utilizing the generating algorithm. These characters evolved all around this Solana Ecosystem. These Stars are considered as a unique collection that actually created from the ideas of the famous people and characters. They are equipped with the traits of the most famous movies, their names, careers, birthday year respectively. This Sol Bit Stars are actually crafted in 3d digital voxel art stored In Solana Blockchain .
",900,"https://www.arweave.net/AaCAMFDNK1TAOkWK4BE_2U8b0plBdch7HDultxI664Q?ext=PNG","[{""trait_type"":""Type"",""value"":""Fiction""},{""trait_type"":""Movie"",""value"":""Avatar""},{""trait_type"":""Played By"",""value"":""Zoe Saldana""}]","","[{""uri"":""https://www.arweave.net/q8UqnsfKMUmnGyPK0nEXgilhsBQlaWQqVCIs71Ioxu0?ext=PNG"",""type"":""image/png""}]","image","[{""address"":""FVpX4sSaAqtwDbj2NuFGCcAa24WxcBZ2pY71JpQ5soMn"",""verified"":true,""share"":100}]"
"[""FVpX4sSaAqtwDbj2NuFGCcAa24WxcBZ2pY71JpQ5soMn""]","Kamala Harris","[100]","NFTPro","https://www.arweave.net/c-rnUBtjvoeNzv1QjNRmEIiKfkRMRthH67T3OST0qAI?ext=json","[1]",true,"BALznYCSquxEuwndKsinbZ6rRYvLUfbQ8ZgDuLVzNdBr",false,"FVpX4sSaAqtwDbj2NuFGCcAa24WxcBZ2pY71JpQ5soMn","https://explorer.solana.com/address/BALznYCSquxEuwndKsinbZ6rRYvLUfbQ8ZgDuLVzNdBr","Kamala Harris","NFTPro","Sol Bit Stars are characters that crafted manually and meticulously with its very own way without utilizing the generating algorithm. These characters evolved all around this Solana Ecosystem. These Stars are considered as a unique collection that actually created from the ideas of the famous people and characters. They are equipped with the traits of the most famous movies, their names, careers, birthday year respectively. This Sol Bit Stars are actually crafted in 3d digital voxel art stored In Solana Blockchain .
",900,"https://www.arweave.net/RlLd9sDESRXgefwaekqPQFDIWSIRR43TFgUDOaiPdDo?ext=PNG","[{""trait_type"":""Type"",""value"":""Non-Fiction""},{""trait_type"":""Career"",""value"":""Vice President ""},{""trait_type"":""Birthday"",""value"":""20/8/1964""}]","","[{""uri"":""https://www.arweave.net/aLWCIHF4AJNQORuZZjcZ8poKG-V6AzqdLwemB-A26pw?ext=PNG"",""type"":""image/png""}]","image","[{""address"":""FVpX4sSaAqtwDbj2NuFGCcAa24WxcBZ2pY71JpQ5soMn"",""verified"":true,""share"":100}]"
"[""FVpX4sSaAqtwDbj2NuFGCcAa24WxcBZ2pY71JpQ5soMn""]","Giannis Antetokounmp","[100]","NFTPro","https://www.arweave.net/n9PXjyez0TAzV2gmnnkW2BZl6XESKkIfZluVv-TS4rc?ext=json","[1]",true,"Bf3rJxhvWB9GpG75i3yxQDgT38mVyquwTrPLMBjXvsjX",false,"FVpX4sSaAqtwDbj2NuFGCcAa24WxcBZ2pY71JpQ5soMn","https://explorer.solana.com/address/Bf3rJxhvWB9GpG75i3yxQDgT38mVyquwTrPLMBjXvsjX","Giannis Antetokounmp","NFTPro","Sol Bit Stars are characters that crafted manually and meticulously with its very own way without utilizing the generating algorithm. These characters evolved all around this Solana Ecosystem. These Stars are considered as a unique collection that actually created from the ideas of the famous people and characters. They are equipped with the traits of the most famous movies, their names, careers, birthday year respectively. This Sol Bit Stars are actually crafted in 3d digital voxel art stored In Solana Blockchain . 
",800,"https://www.arweave.net/vXLfjy2kn0ICtrN6esJ7hOACVEcn0bym4ODMz6UC6uo?ext=PNG","[{""trait_type"":""Type"",""value"":""Non-Fiction""},{""trait_type"":""Career"",""value"":""Basketball Player""},{""trait_type"":""Birthday"",""value"":""6/12/1994""}]",,"[{""uri"":""https://www.arweave.net/ixAaOjuBFDc2My-T9vI4DcAGEmWi87pVUwqm-jaotiI?ext=PNG"",""type"":""image/png""}]","image","[{""address"":""FVpX4sSaAqtwDbj2NuFGCcAa24WxcBZ2pY71JpQ5soMn"",""verified"":true,""share"":100}]"
"[""FVpX4sSaAqtwDbj2NuFGCcAa24WxcBZ2pY71JpQ5soMn""]","Taylor Hinds","[100]","NFTPro","https://www.arweave.net/8oP-jcvvtxpvXpfFuqoU_E0rVSxV_Xh-1Rpo2mPLNoc?ext=json","[1]",true,"4RMsFkY4GoKaCt8zYjQ1G6bEYQYd8Hw4akGRFoD8zLn2",false,"FVpX4sSaAqtwDbj2NuFGCcAa24WxcBZ2pY71JpQ5soMn","https://explorer.solana.com/address/4RMsFkY4GoKaCt8zYjQ1G6bEYQYd8Hw4akGRFoD8zLn2","Taylor Hinds","NFTPro","Sol Bit Stars are characters that crafted manually and meticulously with its very own way without utilizing the generating algorithm. These characters evolved all around this Solana Ecosystem. These Stars are considered as a unique collection that actually created from the ideas of the famous people and characters. They are equipped with the traits of the most famous movies, their names, careers, birthday year respectively. This Sol Bit Stars are actually crafted in 3d digital voxel art stored In Solana Blockchain . 
",900,"https://www.arweave.net/2WgAUzXVtREuLA2N3Zgy32qAwum454GwI8ctV9XdX7U?ext=PNG","[{""trait_type"":""Type"",""value"":""Non-Fiction""},{""trait_type"":""Career"",""value"":""Footballer""},{""trait_type"":""Birthday"",""value"":""25/4/1999""}]",,"[{""uri"":""https://www.arweave.net/lRjAPPqPFGGROHXbIX44Ef1kyak8X1kvkkE-Xc8l6WE?ext=PNG"",""type"":""image/png""}]","image","[{""address"":""FVpX4sSaAqtwDbj2NuFGCcAa24WxcBZ2pY71JpQ5soMn"",""verified"":true,""share"":100}]"
"[""FVpX4sSaAqtwDbj2NuFGCcAa24WxcBZ2pY71JpQ5soMn""]","Yuki Tsunoda","[100]","NFTPro","https://www.arweave.net/y2ACq_c_9_YabiNJCTT8FhXNu0JnElFoiYl6SZaeF5U?ext=json","[1]",true,"48hrPff3ckP2VoSjLpo9PM2w4rZb3saucdwPRDZbiRVD",false,"FVpX4sSaAqtwDbj2NuFGCcAa24WxcBZ2pY71JpQ5soMn","https://explorer.solana.com/address/48hrPff3ckP2VoSjLpo9PM2w4rZb3saucdwPRDZbiRVD","Yuki Tsunoda","NFTPro","Sol Bit Stars are characters that crafted manually and meticulously with its very own way without utilizing the generating algorithm. These characters evolved all around this Solana Ecosystem. These Stars are considered as a unique collection that actually created from the ideas of the famous people and characters. They are equipped with the traits of the most famous movies, their names, careers, birthday year respectively. This Sol Bit Stars are actually crafted in 3d digital voxel art stored In Solana Blockchain .
",900,"https://www.arweave.net/8ddXABqUUeFsJhheAv4U1ra8EdOdmrpAz7LLJyYUvo8?ext=PNG","[{""trait_type"":""Type"",""value"":""Non-Fiction""},{""trait_type"":""Career"",""value"":""Racing driver""},{""trait_type"":""Birthday"",""value"":""11/5/2000""}]","","[{""uri"":""https://www.arweave.net/OD9q6-5SQ1r20yMzi9Yo4_gCKcqIE0VqEpQ3HJkGgvY?ext=PNG"",""type"":""image/png""}]","image","[{""address"":""FVpX4sSaAqtwDbj2NuFGCcAa24WxcBZ2pY71JpQ5soMn"",""verified"":true,""share"":100}]"
"[""FVpX4sSaAqtwDbj2NuFGCcAa24WxcBZ2pY71JpQ5soMn""]","Jason Derulo","[100]","NFTPro","https://www.arweave.net/CyZAeTBW62Vs4jLcS2Q4QfoK1bQf2uWMaLtxbG-mRgE?ext=json","[1]",true,"7FpXqqFeVupHKqy9TD9Ge14eYy2z7wEeDJbQLAX262iu",false,"FVpX4sSaAqtwDbj2NuFGCcAa24WxcBZ2pY71JpQ5soMn","https://explorer.solana.com/address/7FpXqqFeVupHKqy9TD9Ge14eYy2z7wEeDJbQLAX262iu","Jason Derulo","NFTPro","Sol Bit Stars are characters that crafted manually and meticulously with its very own way without utilizing the generating algorithm. These characters evolved all around this Solana Ecosystem. These Stars are considered as a unique collection that actually created from the ideas of the famous people and characters. They are equipped with the traits of the most famous movies, their names, careers, birthday year respectively. This Sol Bit Stars are actually crafted in 3d digital voxel art stored In Solana Blockchain .
",900,"https://www.arweave.net/IAfTbnCgxd7S3CZ2LvatttNQKU8uTSDRG69e9tmMvJg?ext=PNG","[{""trait_type"":""Type"",""value"":""Non-Fiction""},{""trait_type"":""Career"",""value"":""Singer""},{""trait_type"":""Birthday"",""value"":""21/9/1989""}]","","[{""uri"":""https://www.arweave.net/acKBKNRVy3nW3jJVCdmHIIIyBSgJfKoq8WRH1KiexFM?ext=PNG"",""type"":""image/png""}]","image","[{""address"":""FVpX4sSaAqtwDbj2NuFGCcAa24WxcBZ2pY71JpQ5soMn"",""verified"":true,""share"":100}]"
"[""FVpX4sSaAqtwDbj2NuFGCcAa24WxcBZ2pY71JpQ5soMn""]","Karl Malone","[100]","NFTPro","https://www.arweave.net/UmRP3nffJeNt3FCK2Wl3lxgyFCGLrwd3bHInMuZ9ehw?ext=json","[1]",true,"8UxDR9imUZc96Dif7YAVYUizmfA7oTBeoYsphkEUMFec",false,"FVpX4sSaAqtwDbj2NuFGCcAa24WxcBZ2pY71JpQ5soMn","https://explorer.solana.com/address/8UxDR9imUZc96Dif7YAVYUizmfA7oTBeoYsphkEUMFec","Karl Malone","NFTPro","Sol Bit Stars are characters that crafted manually and meticulously with its very own way without utilizing the generating algorithm. These characters evolved all around this Solana Ecosystem. These Stars are considered as a unique collection that actually created from the ideas of the famous people and characters. They are equipped with the traits of the most famous movies, their names, careers, birthday year respectively. This Sol Bit Stars are actually crafted in 3d digital voxel art stored In Solana Blockchain .
",900,"https://www.arweave.net/wJ5Qer_e2N2-1LYh8hGfDPvYNxAEbXXGkSvhFTS2xas?ext=PNG","[{""trait_type"":""Type"",""value"":""Non-Fiction""},{""trait_type"":""Career"",""value"":""Singer""},{""trait_type"":""Birthday"",""value"":""24/6/1963""}]","","[{""uri"":""https://www.arweave.net/5FZYzhAtBvxG_jyGQ5U6NZCL0VJyHs4eWc0rBBSwnkQ?ext=PNG"",""type"":""image/png""}]","image","[{""address"":""FVpX4sSaAqtwDbj2NuFGCcAa24WxcBZ2pY71JpQ5soMn"",""verified"":true,""share"":100}]"
"[""FVpX4sSaAqtwDbj2NuFGCcAa24WxcBZ2pY71JpQ5soMn""]","Joe Biden","[100]","NFTPro","https://www.arweave.net/NCahRix_duDn0Ybo10HkjxeoXwqKM40MWGFZkSoc_fE?ext=json","[1]",true,"EoratjP4D3ZikXe9yLCzN51Laj3MsVy2KiqZ8Q238Fpg",false,"FVpX4sSaAqtwDbj2NuFGCcAa24WxcBZ2pY71JpQ5soMn","https://explorer.solana.com/address/EoratjP4D3ZikXe9yLCzN51Laj3MsVy2KiqZ8Q238Fpg","Joe Biden","NFTPro","Sol Bit Stars are characters that crafted manually and meticulously with its very own way without utilizing the generating algorithm. These characters evolved all around this Solana Ecosystem. These Stars are considered as a unique collection that actually created from the ideas of the famous people and characters. They are equipped with the traits of the most famous movies, their names, careers, birthday year respectively. This Sol Bit Stars are actually crafted in 3d digital voxel art stored In Solana Blockchain .
",900,"https://www.arweave.net/chEyfDx-atlBG5Q4H3acwshHcdKoFoFNSmz15xk3AoA?ext=PNG","[{""trait_type"":""Type"",""value"":""Non-Fiction""},{""trait_type"":""Career"",""value"":""President""},{""trait_type"":""Birthday"",""value"":""20/11/1942""},{""trait_type"":""Rarity"",""value"":""Mythic""}]","","[{""uri"":""https://www.arweave.net/UEhGI7JoZaAw_HJTGRfvFgGaG5kweInF7eN3bMTDmj0?ext=PNG"",""type"":""image/png""}]","image","[{""address"":""FVpX4sSaAqtwDbj2NuFGCcAa24WxcBZ2pY71JpQ5soMn"",""verified"":true,""share"":100}]"
"[""FVpX4sSaAqtwDbj2NuFGCcAa24WxcBZ2pY71JpQ5soMn""]","Rick Sanchez","[100]","NFTPro","https://www.arweave.net/MJPdlIuDsZeaK8tZmyUmErM-FZL-7C2S7NHyMRURd0s?ext=json","[1]",true,"URtLBWHqafws9reZayQujFWUWjpmLthTqxRMnRZddy4",false,"FVpX4sSaAqtwDbj2NuFGCcAa24WxcBZ2pY71JpQ5soMn","https://explorer.solana.com/address/URtLBWHqafws9reZayQujFWUWjpmLthTqxRMnRZddy4","Rick Sanchez","NFTPro","Sol Bit Stars are characters that crafted manually and meticulously with its very own way without utilizing the generating algorithm. These characters evolved all around this Solana Ecosystem. These Stars are considered as a unique collection that actually created from the ideas of the famous people and characters. They are equipped with the traits of the most famous movies, their names, careers, birthday year respectively. This Sol Bit Stars are actually crafted in 3d digital voxel art stored In Solana Blockchain . 
",800,"https://www.arweave.net/dDm1Lv9BVaOnsmB_yvhlq-elqTzJieRY1Xdfyz_Z534?ext=PNG","[{""trait_type"":""Type"",""value"":""Fiction""},{""trait_type"":""Movie"",""value"":""Rick and Morty""},{""trait_type"":""Voiced By"",""value"":""Justin Roiland""}]",,"[{""uri"":""https://www.arweave.net/gJSoUTl0mr6nyZxn1zSwTdSrkahx8BM7_62CcKCnggQ?ext=PNG"",""type"":""image/png""}]","image","[{""address"":""FVpX4sSaAqtwDbj2NuFGCcAa24WxcBZ2pY71JpQ5soMn"",""verified"":true,""share"":100}]"
"[""FVpX4sSaAqtwDbj2NuFGCcAa24WxcBZ2pY71JpQ5soMn""]","Pink Ranger","[100]","NFTPro","https://www.arweave.net/5qZnd94EtVXPVz_1nFqPHmdtPZm5ZeLv-yBoaqBH7l0?ext=json","[1]",true,"DcEGCGH4B7wxW3anwkKurJyrka99j3bX71UcpZCpChS2",false,"FVpX4sSaAqtwDbj2NuFGCcAa24WxcBZ2pY71JpQ5soMn","https://explorer.solana.com/address/DcEGCGH4B7wxW3anwkKurJyrka99j3bX71UcpZCpChS2","Pink Ranger","NFTPro","Sol Bit Stars are characters that crafted manually and meticulously with its very own way without utilizing the generating algorithm. These characters evolved all around this Solana Ecosystem. These Stars are considered as a unique collection that actually created from the ideas of the famous people and characters. They are equipped with the traits of the most famous movies, their names, careers, birthday year respectively. This Sol Bit Stars are actually crafted in 3d digital voxel art stored In Solana Blockchain . 
",800,"https://www.arweave.net/g4V3-2DH8fecVHVk3tTj6vOGlnW3t2YcTmwnIH5Tw6E?ext=PNG","[{""trait_type"":""Type"",""value"":""Fiction""},{""trait_type"":""Movie"",""value"":""Mighty Morphin Power Rangers""},{""trait_type"":""Played By"",""value"":""Kimberly Hart""}]",,"[{""uri"":""https://www.arweave.net/XOuwXIl-x6FiFJaWCJKyVOqOAL1UOaetIO1a0Rm7P0I?ext=PNG"",""type"":""image/png""}]","image","[{""address"":""FVpX4sSaAqtwDbj2NuFGCcAa24WxcBZ2pY71JpQ5soMn"",""verified"":true,""share"":100}]"
"[""FVpX4sSaAqtwDbj2NuFGCcAa24WxcBZ2pY71JpQ5soMn""]","X-Men ","[100]","NFTPro","https://www.arweave.net/pxH5xnS2H_FFfa63o9RS8ieTus0opha8k-7gQRiiyBQ?ext=json","[1]",true,"FHiYUvh8Qp9zC2D24XdwnAW8KordbAniAvxFu3gN2dJD",false,"FVpX4sSaAqtwDbj2NuFGCcAa24WxcBZ2pY71JpQ5soMn","https://explorer.solana.com/address/FHiYUvh8Qp9zC2D24XdwnAW8KordbAniAvxFu3gN2dJD","X-Men ","NFTPro","Sol Bit Stars are characters that crafted manually and meticulously with its very own way without utilizing the generating algorithm. These characters evolved all around this Solana Ecosystem. These Stars are considered as a unique collection that actually created from the ideas of the famous people and characters. They are equipped with the traits of the most famous movies, their names, careers, birthday year respectively. This Sol Bit Stars are actually crafted in 3d digital voxel art stored In Solana Blockchain . 
",800,"https://www.arweave.net/LzJayxzncGsue_28ynUaI2zB3Iw4zx_3ujnQFgbly4Q?ext=PNG","[{""trait_type"":""Type"",""value"":""Fiction""},{""trait_type"":""Movie"",""value"":""X-Men ""},{""trait_type"":""Played By"",""value"":""Hugh Jackman""}]",,"[{""uri"":""https://www.arweave.net/n324fEhGx6iMxB-c-YTpiCki5LpyM52R4zU5pImb-BM?ext=PNG"",""type"":""image/png""}]","image","[{""address"":""FVpX4sSaAqtwDbj2NuFGCcAa24WxcBZ2pY71JpQ5soMn"",""verified"":true,""share"":100}]"
"[""FVpX4sSaAqtwDbj2NuFGCcAa24WxcBZ2pY71JpQ5soMn""]","Lil Uzi Vert","[100]","NFTPro","https://www.arweave.net/Y4GmnpnesnGqekh9CGk8VeT7Tv9SLLvrVOlIsG1LN5I?ext=json","[1]",true,"FVFTo17JbHX4VVPa8MAM8HLFfxGNoGcDHRqHHATBwgYh",false,"FVpX4sSaAqtwDbj2NuFGCcAa24WxcBZ2pY71JpQ5soMn","https://explorer.solana.com/address/FVFTo17JbHX4VVPa8MAM8HLFfxGNoGcDHRqHHATBwgYh","Lil Uzi Vert","NFTPro","Sol Bit Stars are characters that crafted manually and meticulously with its very own way without utilizing the generating algorithm. These characters evolved all around this Solana Ecosystem. These Stars are considered as a unique collection that actually created from the ideas of the famous people and characters. They are equipped with the traits of the most famous movies, their names, careers, birthday year respectively. This Sol Bit Stars are actually crafted in 3d digital voxel art stored In Solana Blockchain . 
",1000,"https://www.arweave.net/XvxgV-ATL69evzBpKJsxnzgqlwSQmCvDvPaY9pXqB1g?ext=PNG","[{""trait_type"":""Type"",""value"":""Non-Fiction""},{""trait_type"":""Career"",""value"":""Singer""},{""trait_type"":""Birthday"",""value"":""31/7/1995""}]",,"[{""uri"":""https://www.arweave.net/Tkwve7VYqpoKP9u5K-X_qmcSpHFszkWy2_dKPPXqQmM?ext=PNG"",""type"":""image/png""}]","image","[{""address"":""FVpX4sSaAqtwDbj2NuFGCcAa24WxcBZ2pY71JpQ5soMn"",""verified"":true,""share"":100}]"
"[""FVpX4sSaAqtwDbj2NuFGCcAa24WxcBZ2pY71JpQ5soMn""]","Princess Diana","[100]","NFTPro","https://www.arweave.net/otLUSzRPs9kd2eQZJuvhqVS0J5dsuZxys_mu9pON6Xc?ext=json","[1]",true,"9HLeb5uY8dzGhVhHD3kUbwDXYX1qG25DGS5wMRb3NUEF",false,"FVpX4sSaAqtwDbj2NuFGCcAa24WxcBZ2pY71JpQ5soMn","https://explorer.solana.com/address/9HLeb5uY8dzGhVhHD3kUbwDXYX1qG25DGS5wMRb3NUEF","Princess Diana","NFTPro","Sol Bit Stars are characters that crafted manually and meticulously with its very own way without utilizing the generating algorithm. These characters evolved all around this Solana Ecosystem. These Stars are considered as a unique collection that actually created from the ideas of the famous people and characters. They are equipped with the traits of the most famous movies, their names, careers, birthday year respectively. This Sol Bit Stars are actually crafted in 3d digital voxel art stored In Solana Blockchain . 
",800,"https://www.arweave.net/bVlBiVt3iBeqXdIzygmeWbswOqohShgIp9foJIhDIF8?ext=PNG","[{""trait_type"":""Type"",""value"":""Non-Fiction""},{""trait_type"":""Career"",""value"":""Royal Family""},{""trait_type"":""Birthday"",""value"":""1/7/1961""}]",,"[{""uri"":""https://www.arweave.net/juTG4joGlmZ8forXQPo3C7ksT0qQpWUNvgM-p0v0-mI?ext=PNG"",""type"":""image/png""}]","image","[{""address"":""FVpX4sSaAqtwDbj2NuFGCcAa24WxcBZ2pY71JpQ5soMn"",""verified"":true,""share"":100}]"
"[""FVpX4sSaAqtwDbj2NuFGCcAa24WxcBZ2pY71JpQ5soMn""]","Saitama","[100]","NFTPro","https://www.arweave.net/AAF-ao_gdZtUMXBDAwWZdBDvKbawQ8saLRdhlxWtUgE?ext=json","[1]",true,"GG1ZppS34CoqtPxQKzP9qu1QFxg77isPBwZHJJ4M2DJU",false,"FVpX4sSaAqtwDbj2NuFGCcAa24WxcBZ2pY71JpQ5soMn","https://explorer.solana.com/address/GG1ZppS34CoqtPxQKzP9qu1QFxg77isPBwZHJJ4M2DJU","Saitama","NFTPro","Sol Bit Stars are characters that crafted manually and meticulously with its very own way without utilizing the generating algorithm. These characters evolved all around this Solana Ecosystem. These Stars are considered as a unique collection that actually created from the ideas of the famous people and characters. They are equipped with the traits of the most famous movies, their names, careers, birthday year respectively. This Sol Bit Stars are actually crafted in 3d digital voxel art stored In Solana Blockchain .
",900,"https://www.arweave.net/HZ16VjuXdzfjCR3B-W-jKt0vZ9xkWI1N_2f8otOdNE8?ext=PNG","[{""trait_type"":""Type"",""value"":""Fiction""},{""trait_type"":""Movie"",""value"":""One-Punch Man""},{""trait_type"":""Voiced By"",""value"":""Makoto Furukawa""}]","","[{""uri"":""https://www.arweave.net/dfcTEjLjL62e8JHsrE_woV0F20qIZgSd0OcXVbbhKrE?ext=PNG"",""type"":""image/png""}]","image","[{""address"":""FVpX4sSaAqtwDbj2NuFGCcAa24WxcBZ2pY71JpQ5soMn"",""verified"":true,""share"":100}]"
"[""FVpX4sSaAqtwDbj2NuFGCcAa24WxcBZ2pY71JpQ5soMn""]","Sister Irene","[100]","NFTPro","https://www.arweave.net/xSanZw-QpFPuKNDD-X0cWLm7uZFIdXL6CjzJecXhTP4?ext=json","[1]",true,"3aJ6jwyDJLfNbZEg8vx2AxrDEjdyornsodgbdUjcLgp4",false,"FVpX4sSaAqtwDbj2NuFGCcAa24WxcBZ2pY71JpQ5soMn","https://explorer.solana.com/address/3aJ6jwyDJLfNbZEg8vx2AxrDEjdyornsodgbdUjcLgp4","Sister Irene","NFTPro","Sol Bit Stars are characters that crafted manually and meticulously with its very own way without utilizing the generating algorithm. These characters evolved all around this Solana Ecosystem. These Stars are considered as a unique collection that actually created from the ideas of the famous people and characters. They are equipped with the traits of the most famous movies, their names, careers, birthday year respectively. This Sol Bit Stars are actually crafted in 3d digital voxel art stored In Solana Blockchain . 
",800,"https://www.arweave.net/YwdYwEntATuUvxG29kJN43LbM1yIHQQHt9kzkCIZZSM?ext=PNG","[{""trait_type"":""Type"",""value"":""Fiction""},{""trait_type"":""Movie"",""value"":""The Nun""},{""trait_type"":""Played By"",""value"":""Taissa Farmiga""}]",,"[{""uri"":""https://www.arweave.net/fQOgmtV5LX4ix8LU2Wj-eTF7PajptWguvwyCHqae6vk?ext=PNG"",""type"":""image/png""}]","image","[{""address"":""FVpX4sSaAqtwDbj2NuFGCcAa24WxcBZ2pY71JpQ5soMn"",""verified"":true,""share"":100}]"
"[""FVpX4sSaAqtwDbj2NuFGCcAa24WxcBZ2pY71JpQ5soMn""]","Nikola Jokić","[100]","NFTPro","https://www.arweave.net/O6LvW5SGkqgfX0UHan618cf8WNUB1eCVAdhNvk1uHNU?ext=json","[1]",true,"J4nrmWqEKnBBFqhXTpav3jxoMhcjJ1b4KHZjzf6uUxZm",false,"FVpX4sSaAqtwDbj2NuFGCcAa24WxcBZ2pY71JpQ5soMn","https://explorer.solana.com/address/J4nrmWqEKnBBFqhXTpav3jxoMhcjJ1b4KHZjzf6uUxZm","Nikola Jokić","NFTPro","Sol Bit Stars are characters that crafted manually and meticulously with its very own way without utilizing the generating algorithm. These characters evolved all around this Solana Ecosystem. These Stars are considered as a unique collection that actually created from the ideas of the famous people and characters. They are equipped with the traits of the most famous movies, their names, careers, birthday year respectively. This Sol Bit Stars are actually crafted in 3d digital voxel art stored In Solana Blockchain .
",900,"https://www.arweave.net/ExQyeNX_sT_i2PKX9G0ZhpOi927mZLmqrHLT1c7udy0?ext=PNG","[{""trait_type"":""Type"",""value"":""Non-Fiction""},{""trait_type"":""Career"",""value"":""Basketball Player""},{""trait_type"":""Birthday"",""value"":""19/2/1995""}]","","[{""uri"":""https://www.arweave.net/kSVT0o_RIH0d6a-fSzH61j5LShbS-LKTg7kBlzzMZo0?ext=PNG"",""type"":""image/png""}]","image","[{""address"":""FVpX4sSaAqtwDbj2NuFGCcAa24WxcBZ2pY71JpQ5soMn"",""verified"":true,""share"":100}]"
"[""FVpX4sSaAqtwDbj2NuFGCcAa24WxcBZ2pY71JpQ5soMn""]","Shang-Chi","[100]","NFTPro","https://www.arweave.net/PwpxGZtrJ2cFrnKITKehSXNUtUZQvpcHvKbX-95zKpI?ext=json","[1]",true,"GCypXCKxBCmrgYPRwoZ2A8qhNumTrtRAEPNcPThxbvcS",false,"FVpX4sSaAqtwDbj2NuFGCcAa24WxcBZ2pY71JpQ5soMn","https://explorer.solana.com/address/GCypXCKxBCmrgYPRwoZ2A8qhNumTrtRAEPNcPThxbvcS","Shang-Chi","NFTPro","Sol Bit Stars are characters that crafted manually and meticulously with its very own way without utilizing the generating algorithm. These characters evolved all around this Solana Ecosystem. These Stars are considered as a unique collection that actually created from the ideas of the famous people and characters. They are equipped with the traits of the most famous movies, their names, careers, birthday year respectively. This Sol Bit Stars are actually crafted in 3d digital voxel art stored In Solana Blockchain . 
",800,"https://www.arweave.net/jyp2JNjni0KB8hWtnpU9sm08q40CVgQ77wNyI5r26RU?ext=PNG","[{""trait_type"":""Type"",""value"":""Fiction""},{""trait_type"":""Movie"",""value"":""Shang-Chi and The Legend of The Ten Rings""},{""trait_type"":""Played By"",""value"":""Simu Liu""}]",,"[{""uri"":""https://www.arweave.net/4r5opICZZi71v1XJEerNhRJzQx7GAJ6RYM6SUmfkj5c?ext=PNG"",""type"":""image/png""}]","image","[{""address"":""FVpX4sSaAqtwDbj2NuFGCcAa24WxcBZ2pY71JpQ5soMn"",""verified"":true,""share"":100}]"
"[""FVpX4sSaAqtwDbj2NuFGCcAa24WxcBZ2pY71JpQ5soMn""]","John F. Kennedy","[100]","NFTPro","https://www.arweave.net/NJCvRGCH8meKYLewQ_DraO49l3u-_L9_ea8SfPeyi6Y?ext=json","[1]",true,"Bap7kP8TqCXTSfNid5bbXRLp96sqDgt2vgp8Ur2od6Vq",false,"FVpX4sSaAqtwDbj2NuFGCcAa24WxcBZ2pY71JpQ5soMn","https://explorer.solana.com/address/Bap7kP8TqCXTSfNid5bbXRLp96sqDgt2vgp8Ur2od6Vq","John F. Kennedy","NFTPro","Sol Bit Stars are characters that crafted manually and meticulously with its very own way without utilizing the generating algorithm. These characters evolved all around this Solana Ecosystem. These Stars are considered as a unique collection that actually created from the ideas of the famous people and characters. They are equipped with the traits of the most famous movies, their names, careers, birthday year respectively. This Sol Bit Stars are actually crafted in 3d digital voxel art stored In Solana Blockchain .
",900,"https://www.arweave.net/xgIpATWA56HH-WSVU5e1Zr4as_TOcIsbJYAcRgbExXE?ext=PNG","[{""trait_type"":""Type"",""value"":""Non-Fiction""},{""trait_type"":""Career"",""value"":""President""},{""trait_type"":""Birthday"",""value"":""29/5/1917""}]","","[{""uri"":""https://www.arweave.net/Lic3it09ac9dxgb4zQzXGKBBGcklKMu4AHqih07vs8k?ext=PNG"",""type"":""image/png""}]","image","[{""address"":""FVpX4sSaAqtwDbj2NuFGCcAa24WxcBZ2pY71JpQ5soMn"",""verified"":true,""share"":100}]"
"[""FVpX4sSaAqtwDbj2NuFGCcAa24WxcBZ2pY71JpQ5soMn""]","Rose (Titanic)","[100]","NFTPro","https://www.arweave.net/8uoVlqd8PS-GQs2IthkQVKpTU2VhSzLHr23go_x6kqc?ext=json","[1]",true,"6eKMrix6feoSbX3217DWuG4GJ3QNZy7sUhNa85MNK77f",false,"FVpX4sSaAqtwDbj2NuFGCcAa24WxcBZ2pY71JpQ5soMn","https://explorer.solana.com/address/6eKMrix6feoSbX3217DWuG4GJ3QNZy7sUhNa85MNK77f","Rose (Titanic)","NFTPro","Sol Bit Stars are characters that crafted manually and meticulously with its very own way without utilizing the generating algorithm. These characters evolved all around this Solana Ecosystem. These Stars are considered as a unique collection that actually created from the ideas of the famous people and characters. They are equipped with the traits of the most famous movies, their names, careers, birthday year respectively. This Sol Bit Stars are actually crafted in 3d digital voxel art stored In Solana Blockchain .
",900,"https://www.arweave.net/swVRyI9ugycOd1KbC42Q2in5obBM70Nbyi73ZdNzcNA?ext=PNG","[{""trait_type"":""Type"",""value"":""Fiction""},{""trait_type"":""Movie"",""value"":""Titanic""},{""trait_type"":""Played By"",""value"":""Kate Winslet""}]","","[{""uri"":""https://www.arweave.net/0xXvdSgFxICnFcprPUj3aezlvumftNGpCt-THopEhjs?ext=PNG"",""type"":""image/png""}]","image","[{""address"":""FVpX4sSaAqtwDbj2NuFGCcAa24WxcBZ2pY71JpQ5soMn"",""verified"":true,""share"":100}]"
"[""FVpX4sSaAqtwDbj2NuFGCcAa24WxcBZ2pY71JpQ5soMn""]","Michael Jackson","[100]","NFTPro","https://www.arweave.net/j-YG88QWqALOCUTaKKuX2-ivf-2mX3CK6f9Zs0llY_A?ext=json","[1]",true,"5z3BTSzRaemoZZMtunPE7aznEyVe5vSnzvnuQ5MviwQG",false,"FVpX4sSaAqtwDbj2NuFGCcAa24WxcBZ2pY71JpQ5soMn","https://explorer.solana.com/address/5z3BTSzRaemoZZMtunPE7aznEyVe5vSnzvnuQ5MviwQG","Michael Jackson","NFTPro","Sol Bit Stars are characters that crafted manually and meticulously with its very own way without utilizing the generating algorithm. These characters evolved all around this Solana Ecosystem. These Stars are considered as a unique collection that actually created from the ideas of the famous people and characters. They are equipped with the traits of the most famous movies, their names, careers, birthday year respectively. This Sol Bit Stars are actually crafted in 3d digital voxel art stored In Solana Blockchain . 
",800,"https://www.arweave.net/OaqwlywwTVZhSUkty8MGwTGS8y-hvw6-acmCfO2BcKw?ext=PNG","[{""trait_type"":""Type"",""value"":""Non-Fiction""},{""trait_type"":""Career"",""value"":""Singer""},{""trait_type"":""Birthday"",""value"":""29/8/1958""},{""trait_type"":""Song "",""value"":""Black or White""}]",,"[{""uri"":""https://www.arweave.net/8CZwjaG6OKdO6K0-AKjfG0L_Z1gnUBOJBiUlGu2WQc0?ext=PNG"",""type"":""image/png""}]","image","[{""address"":""FVpX4sSaAqtwDbj2NuFGCcAa24WxcBZ2pY71JpQ5soMn"",""verified"":true,""share"":100}]"
"[""FVpX4sSaAqtwDbj2NuFGCcAa24WxcBZ2pY71JpQ5soMn""]","Mandarin","[100]","NFTPro","https://www.arweave.net/ycf6ssMH8NZL7CxEq7_1O5_Rsz1m6e2U4wOeTPJcAuI?ext=json","[1]",true,"AWWdMHWTyTwNHqNhsS5N6yxcNRp7tGVfiqZqM8qNd43Y",false,"FVpX4sSaAqtwDbj2NuFGCcAa24WxcBZ2pY71JpQ5soMn","https://explorer.solana.com/address/AWWdMHWTyTwNHqNhsS5N6yxcNRp7tGVfiqZqM8qNd43Y","Mandarin","NFTPro","Sol Bit Stars are characters that crafted manually and meticulously with its very own way without utilizing the generating algorithm. These characters evolved all around this Solana Ecosystem. These Stars are considered as a unique collection that actually created from the ideas of the famous people and characters. They are equipped with the traits of the most famous movies, their names, careers, birthday year respectively. This Sol Bit Stars are actually crafted in 3d digital voxel art stored In Solana Blockchain . 
",800,"https://www.arweave.net/koeAyL9o1MaKY-OMlIaDHS3J1yzS0XzK8SUoj8HZIQw?ext=PNG","[{""trait_type"":""Type"",""value"":""Fiction""},{""trait_type"":""Movie"",""value"":""Shang-Chi and The Legend of The Ten Rings""},{""trait_type"":""Played By"",""value"":""Tony Leung Chiu-wai""}]",,"[{""uri"":""https://www.arweave.net/V8_-HSr-qx6khrsZLf1WXCaNqfC-c366zAD-XaQmw-k?ext=PNG"",""type"":""image/png""}]","image","[{""address"":""FVpX4sSaAqtwDbj2NuFGCcAa24WxcBZ2pY71JpQ5soMn"",""verified"":true,""share"":100}]"
"[""FVpX4sSaAqtwDbj2NuFGCcAa24WxcBZ2pY71JpQ5soMn""]","Tinker Bell","[100]","NFTPro","https://www.arweave.net/aEOU_vrzOVDmgSaQx7f83rwkxepJrDd_ke7fGYXa1Wo?ext=json","[1]",true,"A4otfAbBsTUdkJBvoaoRKY7K8Yhpu928CCK5SyQwa8Sp",false,"FVpX4sSaAqtwDbj2NuFGCcAa24WxcBZ2pY71JpQ5soMn","https://explorer.solana.com/address/A4otfAbBsTUdkJBvoaoRKY7K8Yhpu928CCK5SyQwa8Sp","Tinker Bell","NFTPro","Sol Bit Stars are characters that crafted manually and meticulously with its very own way without utilizing the generating algorithm. These characters evolved all around this Solana Ecosystem. These Stars are considered as a unique collection that actually created from the ideas of the famous people and characters. They are equipped with the traits of the most famous movies, their names, careers, birthday year respectively. This Sol Bit Stars are actually crafted in 3d digital voxel art stored In Solana Blockchain .
",900,"https://www.arweave.net/pX0MKWzVY4VD1KMIYa2yotD1o4iB1KD8K8MBiw4cVH8?ext=PNG","[{""trait_type"":""Type"",""value"":""Fiction""},{""trait_type"":""Movie"",""value"":""Tinker Bell""},{""trait_type"":""Voiced By"",""value"":""Mae Whitman""}]","","[{""uri"":""https://www.arweave.net/CZH958fwdXd6PJ8b5tQAfvPICv2Imv3HDoMf72K-ymE?ext=PNG"",""type"":""image/png""}]","image","[{""address"":""FVpX4sSaAqtwDbj2NuFGCcAa24WxcBZ2pY71JpQ5soMn"",""verified"":true,""share"":100}]"
"[""FVpX4sSaAqtwDbj2NuFGCcAa24WxcBZ2pY71JpQ5soMn""]","Ultraman","[100]","NFTPro","https://www.arweave.net/Tj_CidA9uFjyBnIsTTiFmdNK5PgmiXvA1BKMFUmCe88?ext=json","[1]",true,"2aqni2uyESNtgRE2gazTTPoJcWG3U5s45vFTx99mF3EJ",false,"FVpX4sSaAqtwDbj2NuFGCcAa24WxcBZ2pY71JpQ5soMn","https://explorer.solana.com/address/2aqni2uyESNtgRE2gazTTPoJcWG3U5s45vFTx99mF3EJ","Ultraman","NFTPro","Sol Bit Stars are characters that crafted manually and meticulously with its very own way without utilizing the generating algorithm. These characters evolved all around this Solana Ecosystem. These Stars are considered as a unique collection that actually created from the ideas of the famous people and characters. They are equipped with the traits of the most famous movies, their names, careers, birthday year respectively. This Sol Bit Stars are actually crafted in 3d digital voxel art stored In Solana Blockchain . 
",800,"https://www.arweave.net/-VDhseBmyPHJ4p2rEqgBpPSyl9oREEpDU-lE1jl1eF4?ext=PNG","[{""trait_type"":""Type"",""value"":""Fiction""},{""trait_type"":""Movie"",""value"":""Ultraman""},{""trait_type"":""Played By"",""value"":""Bin Furuya""}]",,"[{""uri"":""https://www.arweave.net/4vbdcBilZJg4t5QjnzydeGedWfHuRoIWKa1iJC88tDk?ext=PNG"",""type"":""image/png""}]","image","[{""address"":""FVpX4sSaAqtwDbj2NuFGCcAa24WxcBZ2pY71JpQ5soMn"",""verified"":true,""share"":100}]"
"[""FVpX4sSaAqtwDbj2NuFGCcAa24WxcBZ2pY71JpQ5soMn""]","MC Ren","[100]","NFTPro","https://www.arweave.net/bCLhCE8hmO97ZFOg-0o0fYpwuB7U7QW0uCbJ47wHex4?ext=json","[1]",true,"7GYJ954k9pVziPbMdX27X9ddFVwAn6eNEVFip2TDfacX",false,"FVpX4sSaAqtwDbj2NuFGCcAa24WxcBZ2pY71JpQ5soMn","https://explorer.solana.com/address/7GYJ954k9pVziPbMdX27X9ddFVwAn6eNEVFip2TDfacX","MC Ren","NFTPro","Sol Bit Stars are characters that crafted manually and meticulously with its very own way without utilizing the generating algorithm. These characters evolved all around this Solana Ecosystem. These Stars are considered as a unique collection that actually created from the ideas of the famous people and characters. They are equipped with the traits of the most famous movies, their names, careers, birthday year respectively. This Sol Bit Stars are actually crafted in 3d digital voxel art stored In Solana Blockchain .
",900,"https://www.arweave.net/8kcESo8-IkgYCswfr8VqxxadeKn9u-k2ITxNhANtBfI?ext=PNG","[{""trait_type"":""Type"",""value"":""Non-Fiction""},{""trait_type"":""Career"",""value"":""Singer""},{""trait_type"":""Birthday"",""value"":""16/6/1969""}]","","[{""uri"":""https://www.arweave.net/MrmCWQVOWq5e4jWhMlYfi4YOb7aVL6JXvu8DVudT_50?ext=PNG"",""type"":""image/png""}]","image","[{""address"":""FVpX4sSaAqtwDbj2NuFGCcAa24WxcBZ2pY71JpQ5soMn"",""verified"":true,""share"":100}]"
"[""FVpX4sSaAqtwDbj2NuFGCcAa24WxcBZ2pY71JpQ5soMn""]","Miles Morales","[100]","NFTPro","https://www.arweave.net/z_7hVEdL-lnnYm3GA1Ir7eDKTm8UFRyIV7ovkHiKvww?ext=json","[1]",true,"DKM9m5DWbn7pNMXVabJueMFMuvEwmt8g7uoDukVjPQKc",false,"FVpX4sSaAqtwDbj2NuFGCcAa24WxcBZ2pY71JpQ5soMn","https://explorer.solana.com/address/DKM9m5DWbn7pNMXVabJueMFMuvEwmt8g7uoDukVjPQKc","Miles Morales","NFTPro","Sol Bit Stars are characters that crafted manually and meticulously with its very own way without utilizing the generating algorithm. These characters evolved all around this Solana Ecosystem. These Stars are considered as a unique collection that actually created from the ideas of the famous people and characters. They are equipped with the traits of the most famous movies, their names, careers, birthday year respectively. This Sol Bit Stars are actually crafted in 3d digital voxel art stored In Solana Blockchain . 
",800,"https://www.arweave.net/I1r49FpqRPLrb6mAblVeAAsq37Jy1_Rz5K3qWOcEYUM?ext=PNG","[{""trait_type"":""Type"",""value"":""Fiction""},{""trait_type"":""Movie"",""value"":""Spider-Man: Into the Spider-Verse""},{""trait_type"":""Voiced by"",""value"":""Shameik Moore""}]",,"[{""uri"":""https://www.arweave.net/CT1BaA6a-iMrJeJ5_WevUO8YCL2Z5-9yD_xOx2oicog?ext=PNG"",""type"":""image/png""}]","image","[{""address"":""FVpX4sSaAqtwDbj2NuFGCcAa24WxcBZ2pY71JpQ5soMn"",""verified"":true,""share"":100}]"
"[""FVpX4sSaAqtwDbj2NuFGCcAa24WxcBZ2pY71JpQ5soMn""]","George Washington","[100]","NFTPro","https://www.arweave.net/H87l49gHRKX6bb24VYRKAAl3f9YxUqzgXqXvSHMgLds?ext=json","[1]",true,"BUxUh5QgnYhpx8Rakiao4PWm9BZAuQiAs2vbPe1Djezd",false,"FVpX4sSaAqtwDbj2NuFGCcAa24WxcBZ2pY71JpQ5soMn","https://explorer.solana.com/address/BUxUh5QgnYhpx8Rakiao4PWm9BZAuQiAs2vbPe1Djezd","George Washington","NFTPro","Sol Bit Stars are characters that crafted manually and meticulously with its very own way without utilizing the generating algorithm. These characters evolved all around this Solana Ecosystem. These Stars are considered as a unique collection that actually created from the ideas of the famous people and characters. They are equipped with the traits of the most famous movies, their names, careers, birthday year respectively. This Sol Bit Stars are actually crafted in 3d digital voxel art stored In Solana Blockchain .
",900,"https://www.arweave.net/eP-Jp8buAIzWkhD0qosS98P21K6Xhcr3lrirBs1CkjE?ext=PNG","[{""trait_type"":""Type"",""value"":""Non-Fiction""},{""trait_type"":""Career"",""value"":""President""},{""trait_type"":""Birthday"",""value"":""22/2/1732""},{""trait_type"":""Rarity"",""value"":""Mythic""}]","","[{""uri"":""https://www.arweave.net/uwq2CrYf9-ZQ6x2o64tIJ9x5Zyf5k2OyFgCcw_Nw0ac?ext=PNG"",""type"":""image/png""}]","image","[{""address"":""FVpX4sSaAqtwDbj2NuFGCcAa24WxcBZ2pY71JpQ5soMn"",""verified"":true,""share"":100}]"
"[""FVpX4sSaAqtwDbj2NuFGCcAa24WxcBZ2pY71JpQ5soMn""]","Ice Cube","[100]","NFTPro","https://www.arweave.net/jomOhAmDJ5y29jq-EqmuHdg-PkVaW9RrvFbiIUkAIEY?ext=json","[1]",true,"Au84wX3kdRCCjji9EMSYsVKZimqJZ61GLU8BMDqdHwk1",false,"FVpX4sSaAqtwDbj2NuFGCcAa24WxcBZ2pY71JpQ5soMn","https://explorer.solana.com/address/Au84wX3kdRCCjji9EMSYsVKZimqJZ61GLU8BMDqdHwk1","Ice Cube","NFTPro","Sol Bit Stars are characters that crafted manually and meticulously with its very own way without utilizing the generating algorithm. These characters evolved all around this Solana Ecosystem. These Stars are considered as a unique collection that actually created from the ideas of the famous people and characters. They are equipped with the traits of the most famous movies, their names, careers, birthday year respectively. This Sol Bit Stars are actually crafted in 3d digital voxel art stored In Solana Blockchain .
",900,"https://www.arweave.net/R6y5CzOJk8GIhk1EZKIJsa6vub-R3kqOw12owkuQLe8?ext=PNG","[{""trait_type"":""Type"",""value"":""Non-Fiction""},{""trait_type"":""Career"",""value"":""Singer""},{""trait_type"":""Birthday"",""value"":""15/6/1969""}]","","[{""uri"":""https://www.arweave.net/-eOJYVyVw8ROOhM0QKDNmCszxRezi4ba-NjZMfRPx1s?ext=PNG"",""type"":""image/png""}]","image","[{""address"":""FVpX4sSaAqtwDbj2NuFGCcAa24WxcBZ2pY71JpQ5soMn"",""verified"":true,""share"":100}]"
"[""FVpX4sSaAqtwDbj2NuFGCcAa24WxcBZ2pY71JpQ5soMn""]","Shang-Chi","[100]","NFTPro","https://www.arweave.net/U9Mo78FMiOefFYP9iEeIgtCTwO9w3Pn4EEk7ADyjEt4?ext=json","[1]",true,"APsVsofEDAaBSgQ9itnyxAwqYiZuyBB25tvPxdpT2iqB",false,"FVpX4sSaAqtwDbj2NuFGCcAa24WxcBZ2pY71JpQ5soMn","https://explorer.solana.com/address/APsVsofEDAaBSgQ9itnyxAwqYiZuyBB25tvPxdpT2iqB","Shang-Chi","NFTPro","Characters in unique Voxel 3D art stored in Solana Blockchain.

Sol Bit Stars are characters that crafted manually and meticulously with its very own way without utilizing the generating algorithm. These characters evolved all around this Solana Ecosystem. These Stars are considered as a unique collection that actually created from the ideas of the famous people and characters. They are equipped with the traits of the most famous movies, their names, careers, birthday year respectively. This Sol Bit Stars are actually crafted in 3d digital voxel art stored In Solana Blockchain . 
",800,"https://www.arweave.net/HAYdTA37NrikQnvTk72g7gnrVtVYJJ6nGyJzMN5FNiU?ext=PNG","[{""trait_type"":""Type"",""value"":""Fiction""},{""trait_type"":""Movie"",""value"":""Shang-Chi and The Legend of The Ten Rings""},{""trait_type"":""Played By"",""value"":""Simu Liu""}]",,"[{""uri"":""https://www.arweave.net/D3iLtYomQJ8XzHVVgXANUY-vYedYNnTY7to53-8_P74?ext=PNG"",""type"":""image/png""}]","image","[{""address"":""FVpX4sSaAqtwDbj2NuFGCcAa24WxcBZ2pY71JpQ5soMn"",""verified"":true,""share"":100}]"
"[""FVpX4sSaAqtwDbj2NuFGCcAa24WxcBZ2pY71JpQ5soMn""]","Anderson .Paak","[100]","NFTPro","https://www.arweave.net/J2C3Rnfp1QygUcPqrgEPgTXv0uZsSSiFj6JWMTeGZtA?ext=json","[1]",true,"7FLsbsxoJcixsC2jd8Q9kTXctEepGTbA1sc2HbDNjeCa",false,"FVpX4sSaAqtwDbj2NuFGCcAa24WxcBZ2pY71JpQ5soMn","https://explorer.solana.com/address/7FLsbsxoJcixsC2jd8Q9kTXctEepGTbA1sc2HbDNjeCa","Anderson .Paak","NFTPro","Sol Bit Stars are characters that crafted manually and meticulously with its very own way without utilizing the generating algorithm. These characters evolved all around this Solana Ecosystem. These Stars are considered as a unique collection that actually created from the ideas of the famous people and characters. They are equipped with the traits of the most famous movies, their names, careers, birthday year respectively. This Sol Bit Stars are actually crafted in 3d digital voxel art stored In Solana Blockchain .
",900,"https://www.arweave.net/kf2LJ-nwhlb4oJiiS83WKqYCRhkCqvuGw2fWRiqAr70?ext=PNG","[{""trait_type"":""Type"",""value"":""Non-Fiction""},{""trait_type"":""Career"",""value"":""Singer""},{""trait_type"":""Birthday"",""value"":""8/2/1986""}]","","[{""uri"":""https://www.arweave.net/aNe9jdkr2-r2fWEANjYLiroJHUhm_AUVQwzOflz4W7s?ext=PNG"",""type"":""image/png""}]","image","[{""address"":""FVpX4sSaAqtwDbj2NuFGCcAa24WxcBZ2pY71JpQ5soMn"",""verified"":true,""share"":100}]"
"[""FVpX4sSaAqtwDbj2NuFGCcAa24WxcBZ2pY71JpQ5soMn""]","Dr Sheldon Cooper","[100]","NFTPro","https://www.arweave.net/CEni6Enm6HLfqo80vMUktt70RsrbCIR0ljTAjSX1DgE?ext=json","[1]",true,"HHpn41Wb6bADFwtf4F7J3Kr1g6WtwKChh7JsNTKKNiEh",false,"FVpX4sSaAqtwDbj2NuFGCcAa24WxcBZ2pY71JpQ5soMn","https://explorer.solana.com/address/HHpn41Wb6bADFwtf4F7J3Kr1g6WtwKChh7JsNTKKNiEh","Dr Sheldon Cooper","NFTPro","Sol Bit Stars are characters that crafted manually and meticulously with its very own way without utilizing the generating algorithm. These characters evolved all around this Solana Ecosystem. These Stars are considered as a unique collection that actually created from the ideas of the famous people and characters. They are equipped with the traits of the most famous movies, their names, careers, birthday year respectively. This Sol Bit Stars are actually crafted in 3d digital voxel art stored In Solana Blockchain .
",1000,"https://www.arweave.net/JotmwXgIJyYgD_IiO3zNCILbeXRW_-QquMKr1GYVh0Q?ext=PNG","[{""trait_type"":""Type"",""value"":""Fiction""},{""trait_type"":""Movie"",""value"":""The Big Bang Theory""},{""trait_type"":""Played By"",""value"":""Jim Parsons""}]",,"[{""uri"":""https://www.arweave.net/UH7isiWiawxtBvXtalyXWaGYbziOcvS1W8pAac3ct_I?ext=PNG"",""type"":""image/png""}]","image","[{""address"":""FVpX4sSaAqtwDbj2NuFGCcAa24WxcBZ2pY71JpQ5soMn"",""verified"":true,""share"":100}]"
"[""FVpX4sSaAqtwDbj2NuFGCcAa24WxcBZ2pY71JpQ5soMn""]","Jake Subway Surfers","[100]","NFTPro","https://www.arweave.net/Tspi5V9HTCH5sbWmaJGhchGpMp5g5Hea-V_wIs0gZjs?ext=json","[1]",true,"9rkg3hRXeZR1cN1KqTpP6j7KxtqH7TcfuNkdwEex9Wg3",false,"FVpX4sSaAqtwDbj2NuFGCcAa24WxcBZ2pY71JpQ5soMn","https://explorer.solana.com/address/9rkg3hRXeZR1cN1KqTpP6j7KxtqH7TcfuNkdwEex9Wg3","Jake Subway Surfers","NFTPro","Sol Bit Stars are characters that crafted manually and meticulously with its very own way without utilizing the generating algorithm. These characters evolved all around this Solana Ecosystem. These Stars are considered as a unique collection that actually created from the ideas of the famous people and characters. They are equipped with the traits of the most famous movies, their names, careers, birthday year respectively. This Sol Bit Stars are actually crafted in 3d digital voxel art stored In Solana Blockchain .
",900,"https://www.arweave.net/EBohg5sOxtOOBLCuBzJYgPmCoqbiSTFNin2otPgwYhs?ext=PNG","[{""trait_type"":""Type"",""value"":""Fiction""},{""trait_type"":""Game"",""value"":""Subway Surfers""},{""trait_type"":""Voiced By"",""value"":""Nicolas Roye""},{""trait_type"":""Rarity"",""value"":""Mythic""}]","","[{""uri"":""https://www.arweave.net/nEfHtJuMxnUU_Lxbog6i4p7Ubk5U3S_CmDsHY4q1SYE?ext=PNG"",""type"":""image/png""}]","image","[{""address"":""FVpX4sSaAqtwDbj2NuFGCcAa24WxcBZ2pY71JpQ5soMn"",""verified"":true,""share"":100}]"
"[""FVpX4sSaAqtwDbj2NuFGCcAa24WxcBZ2pY71JpQ5soMn""]","Jack Paul","[100]","NFTPro","https://www.arweave.net/yuHp3be0cPocqVhYt_9W5Ot4aq9GGGQN-x5iTTJT5Og?ext=json","[1]",true,"EczU2SXzyn382K79BiqtKEFoUHVVUqZD8PpbCSc6Zbum",false,"FVpX4sSaAqtwDbj2NuFGCcAa24WxcBZ2pY71JpQ5soMn","https://explorer.solana.com/address/EczU2SXzyn382K79BiqtKEFoUHVVUqZD8PpbCSc6Zbum","Jack Paul","NFTPro","Sol Bit Stars are characters that crafted manually and meticulously with its very own way without utilizing the generating algorithm. These characters evolved all around this Solana Ecosystem. These Stars are considered as a unique collection that actually created from the ideas of the famous people and characters. They are equipped with the traits of the most famous movies, their names, careers, birthday year respectively. This Sol Bit Stars are actually crafted in 3d digital voxel art stored In Solana Blockchain . 
",800,"https://www.arweave.net/SgHtzseABMmF-hlCJQUUA77LRDykOIgCaK9rinp73EY?ext=PNG","[{""trait_type"":""Type"",""value"":""Non-Fiction""},{""trait_type"":""Career"",""value"":""Singer""},{""trait_type"":""Birthday"",""value"":""17/1/1997""}]",,"[{""uri"":""https://www.arweave.net/JyT4_3VXVVbbMIPUCSORuK0enARFbQr36SCVyrtPdBQ?ext=PNG"",""type"":""image/png""}]","image","[{""address"":""FVpX4sSaAqtwDbj2NuFGCcAa24WxcBZ2pY71JpQ5soMn"",""verified"":true,""share"":100}]"
"[""FVpX4sSaAqtwDbj2NuFGCcAa24WxcBZ2pY71JpQ5soMn""]","Benjamin Sisko","[100]","NFTPro","https://www.arweave.net/j5Jj3CJ4cJJQQjDKbo18gDP3A_6pSQtMaFldX5w6Z4I?ext=json","[1]",true,"xZW4QdhhxECSy4iXiAPib2nWP8PpNJZU5gntSDA5B4j",false,"FVpX4sSaAqtwDbj2NuFGCcAa24WxcBZ2pY71JpQ5soMn","https://explorer.solana.com/address/xZW4QdhhxECSy4iXiAPib2nWP8PpNJZU5gntSDA5B4j","Benjamin Sisko","NFTPro","Sol Bit Stars are characters that crafted manually and meticulously with its very own way without utilizing the generating algorithm. These characters evolved all around this Solana Ecosystem. These Stars are considered as a unique collection that actually created from the ideas of the famous people and characters. They are equipped with the traits of the most famous movies, their names, careers, birthday year respectively. This Sol Bit Stars are actually crafted in 3d digital voxel art stored In Solana Blockchain .
",900,"https://www.arweave.net/hmbvQKA2TRP0W1y-nxeuEi5C7LPxa0J4q8HCjiVZ4Lc?ext=PNG","[{""trait_type"":""Type"",""value"":""Fiction""},{""trait_type"":""Movie"",""value"":""Star Trek""},{""trait_type"":""Played By"",""value"":""Avery Brooks""}]","","[{""uri"":""https://www.arweave.net/9jt_bW3zIdGdXN6nevUxrdpUQWTJkL5TJlPTLPqJSJw?ext=PNG"",""type"":""image/png""}]","image","[{""address"":""FVpX4sSaAqtwDbj2NuFGCcAa24WxcBZ2pY71JpQ5soMn"",""verified"":true,""share"":100}]"
"[""FVpX4sSaAqtwDbj2NuFGCcAa24WxcBZ2pY71JpQ5soMn""]","Bill Clinton","[100]","NFTPro","https://www.arweave.net/xxWV45kix69Di6OwoaHYbSMLOk1JOMn10trpr-AW5ek?ext=json","[1]",true,"GXHX4Ba88H3cy5VsFUPNJx4Ko8iP4Yatt4tXH3NQvir9",false,"FVpX4sSaAqtwDbj2NuFGCcAa24WxcBZ2pY71JpQ5soMn","https://explorer.solana.com/address/GXHX4Ba88H3cy5VsFUPNJx4Ko8iP4Yatt4tXH3NQvir9","Bill Clinton","NFTPro","Sol Bit Stars are characters that crafted manually and meticulously with its very own way without utilizing the generating algorithm. These characters evolved all around this Solana Ecosystem. These Stars are considered as a unique collection that actually created from the ideas of the famous people and characters. They are equipped with the traits of the most famous movies, their names, careers, birthday year respectively. This Sol Bit Stars are actually crafted in 3d digital voxel art stored In Solana Blockchain .
",900,"https://www.arweave.net/vqXFW7AoqER4D7RvkvXWK0KO1qZgDZ9-odIRK_6U02E?ext=PNG","[{""trait_type"":""Type"",""value"":""Non-Fiction""},{""trait_type"":""Career"",""value"":""President""},{""trait_type"":""Birthday"",""value"":""19/8/1946""}]","","[{""uri"":""https://www.arweave.net/luWVtcZ5ZKqCcJoQVY4IjqvrKzAO7QKX4Od2dLHjI0o?ext=PNG"",""type"":""image/png""}]","image","[{""address"":""FVpX4sSaAqtwDbj2NuFGCcAa24WxcBZ2pY71JpQ5soMn"",""verified"":true,""share"":100}]"